{
  "L": 0.34259648912354956,
  "L_inst": 0.7729444444444444,
  "N": 8,
  "Q_clock": 0.9690092026798608,
  "S_junc_w": 5.3501256198380815,
  "S_perc": 0.9605263157894737,
  "anomaly_flags": {
    "runaway_hubbing": false,
    "star_collapse": false,
    "tierB_evaluated": false
  },
  "burn_in_epochs": 500,
  "clustering": 0.021968253968253967,
  "elapsed_seconds": 0.8376507759094238,
  "ell_lock": 204.65868033284315,
  "engine_mode": "v_glue",
  "geometry": {
    "P0_downsample": [
      [
        0,
        1.0
      ],
      [
        1,
        0.0
      ],
      [
        2,
        0.26
      ],
      [
        3,
        0.0
      ],
      [
        4,
        0.135
      ],
      [
        5,
        0.0
      ],
      [
        6,
        0.065
      ],
      [
        7,
        0.005
      ],
      [
        8,
        0.045
      ],
      [
        9,
        0.005
      ],
      [
        10,
        0.035
      ],
      [
        11,
        0.005
      ],
      [
        12,
        0.015
      ],
      [
        13,
        0.0
      ],
      [
        14,
        0.02
      ],
      [
        15,
        0.01
      ],
      [
        16,
        0.01
      ],
      [
        17,
        0.015
      ],
      [
        18,
        0.015
      ],
      [
        19,
        0.005
      ],
      [
        20,
        0.015
      ],
      [
        21,
        0.005
      ],
      [
        22,
        0.005
      ],
      [
        23,
        0.0
      ],
      [
        24,
        0.005
      ],
      [
        25,
        0.0
      ],
      [
        26,
        0.005
      ],
      [
        27,
        0.01
      ],
      [
        28,
        0.0
      ],
      [
        29,
        0.0
      ],
      [
        30,
        0.0
      ],
      [
        31,
        0.0
      ],
      [
        32,
        0.0
      ],
      [
        33,
        0.0
      ],
      [
        34,
        0.01
      ],
      [
        35,
        0.01
      ],
      [
        36,
        0.005
      ],
      [
        37,
        0.005
      ],
      [
        38,
        0.005
      ],
      [
        39,
        0.0
      ],
      [
        40,
        0.0
      ],
      [
        41,
        0.01
      ],
      [
        42,
        0.005
      ],
      [
        43,
        0.015
      ],
      [
        44,
        0.005
      ],
      [
        45,
        0.005
      ],
      [
        46,
        0.01
      ],
      [
        47,
        0.005
      ],
      [
        48,
        0.01
      ],
      [
        49,
        0.005
      ],
      [
        50,
        0.0
      ],
      [
        51,
        0.005
      ],
      [
        52,
        0.005
      ],
      [
        53,
        0.01
      ],
      [
        54,
        0.01
      ],
      [
        55,
        0.015
      ],
      [
        56,
        0.01
      ],
      [
        57,
        0.015
      ],
      [
        58,
        0.01
      ],
      [
        59,
        0.015
      ],
      [
        60,
        0.015
      ]
    ],
    "ball_growth": {
      "comp_size": 146,
      "mean_ball": [
        1.0,
        4.85,
        8.975,
        12.8,
        16.775,
        21.375,
        25.925,
        30.275,
        34.15,
        38.6,
        42.875,
        47.175,
        51.4,
        55.575,
        59.125,
        62.925,
        67.125,
        71.725,
        76.25,
        80.35,
        84.625,
        88.925,
        93.25,
        97.125,
        102.075,
        107.625,
        113.3,
        119.675,
        127.55,
        135.45,
        144.15
      ],
      "r_max": 30,
      "samples": 40
    },
    "comp_size": 146,
    "ds_est": -0.8616840773422065,
    "ds_valid": false,
    "enabled": true,
    "fit_t_max": 60,
    "fit_t_min": 20,
    "notes": "fit_invalid",
    "plateau_est": 0.012857142857142857,
    "r2": 0.09830975148852683,
    "slope": 0.43084203867110327
  },
  "glue_state": {
    "cadence": {
      "field": "T",
      "mean": 1.0755140773955452,
      "var": 4.437342591868191e-31
    },
    "domains": {
      "counts": {
        "0": 8
      },
      "entropy": -1.000088900581841e-12
    },
    "phase": {
      "R": 1.0
    }
  },
  "hubshare": 0.02178649237472767,
  "islands": {
    "F_max": 0.125,
    "F_max_by_wstar": {
      "0.10": 1.0,
      "0.20": 0.625,
      "0.30": 0.125
    },
    "bundle_hist": {
      "1": 8
    },
    "bundle_hist_by_wstar": {
      "0.10": {
        "8": 1
      },
      "0.20": {
        "1": 1,
        "2": 1,
        "5": 1
      },
      "0.30": {
        "1": 8
      }
    },
    "bundle_sizes": [
      1,
      1,
      1,
      1,
      1,
      1,
      1,
      1
    ],
    "w_star": 0.3
  },
  "max_indegree": 10,
  "measure_epochs": 4500,
  "n": 0.8,
  "run_id": "ball_growth_diag_C5_W100_N8_n0p8_seed56796__full__N8__n0.800__seed56796",
  "seed": 56796,
  "space_state": {
    "S_junc_w": 5.3501256198380815,
    "S_perc": 0.9605263157894737,
    "V_active_size": 152,
    "allow_cocreate_merge": false,
    "clustering": 0.021968253968253967,
    "domain_match": true,
    "enabled": true,
    "hubshare": 0.02178649237472767,
    "max_indegree": 10,
    "p_reuse_policy": "from_n",
    "p_reuse_value_last": 0.8
  },
  "steps_total": 5000,
  "variant": "full"
}