{
  "L": 0.2514654991424345,
  "L_inst": 0.435,
  "N": 4,
  "Q_clock": 0.502930998284869,
  "S_junc_w": 0.8639765339674972,
  "S_perc": 0.9464285714285714,
  "anomaly_flags": {
    "runaway_hubbing": false,
    "star_collapse": false,
    "tierB_evaluated": false
  },
  "burn_in_epochs": 100,
  "clustering": 0.006024096385542169,
  "elapsed_seconds": 0.03322410583496094,
  "ell_lock": 18.32029459715315,
  "engine_mode": "v_glue",
  "geometry": {
    "enabled": false,
    "reason": "disabled"
  },
  "glue_state": {
    "cadence": {
      "field": "T",
      "mean": 0.9439797374195341,
      "var": 0.02627594323830009
    },
    "domains": {
      "counts": {
        "0": 4
      },
      "entropy": -1.000088900581841e-12
    },
    "phase": {
      "R": 0.9121604757145954
    }
  },
  "hubshare": 0.024242424242424242,
  "islands": {
    "F_max": 0.25,
    "F_max_by_wstar": {
      "0.10": 1.0,
      "0.20": 0.25,
      "0.30": 0.25
    },
    "bundle_hist": {
      "1": 4
    },
    "bundle_hist_by_wstar": {
      "0.10": {
        "4": 1
      },
      "0.20": {
        "1": 4
      },
      "0.30": {
        "1": 4
      }
    },
    "bundle_sizes": [
      1,
      1,
      1,
      1
    ],
    "w_star": 0.3
  },
  "max_indegree": 4,
  "measure_epochs": 500,
  "n": 0.0,
  "run_id": "selftest_space_on__full__N4__n0.000__seed12",
  "seed": 12,
  "space_state": {
    "S_junc_w": 0.8639765339674972,
    "S_perc": 0.9464285714285714,
    "V_active_size": 112,
    "allow_cocreate_merge": false,
    "clustering": 0.006024096385542169,
    "domain_match": true,
    "enabled": true,
    "hubshare": 0.024242424242424242,
    "max_indegree": 4,
    "p_reuse_policy": "fixed",
    "p_reuse_value_last": 0.5
  },
  "steps_total": 600,
  "variant": "full"
}