{
  "L": 0.5852792817429413,
  "L_inst": 0.7684444444444445,
  "N": 4,
  "Q_clock": 1.1705585634858826,
  "S_junc_w": 1.3575576832578744,
  "S_perc": 0.8963414634146342,
  "anomaly_flags": {
    "runaway_hubbing": false,
    "star_collapse": false,
    "tierB_evaluated": false
  },
  "burn_in_epochs": 500,
  "clustering": 0.0470856102003643,
  "elapsed_seconds": 0.6015229225158691,
  "ell_lock": 88.62650415671347,
  "engine_mode": "v_glue",
  "geometry": {
    "P0_downsample": [
      [
        0,
        1.0
      ],
      [
        1,
        0.0
      ],
      [
        2,
        0.36
      ],
      [
        3,
        0.0
      ],
      [
        4,
        0.22
      ],
      [
        5,
        0.025
      ],
      [
        6,
        0.15
      ],
      [
        7,
        0.015
      ],
      [
        8,
        0.085
      ],
      [
        9,
        0.015
      ],
      [
        10,
        0.09
      ],
      [
        11,
        0.015
      ],
      [
        12,
        0.085
      ],
      [
        13,
        0.005
      ],
      [
        14,
        0.085
      ],
      [
        15,
        0.01
      ],
      [
        16,
        0.055
      ],
      [
        17,
        0.005
      ],
      [
        18,
        0.065
      ],
      [
        19,
        0.01
      ],
      [
        20,
        0.035
      ],
      [
        21,
        0.02
      ],
      [
        22,
        0.02
      ],
      [
        23,
        0.01
      ],
      [
        24,
        0.03
      ],
      [
        25,
        0.01
      ],
      [
        26,
        0.055
      ],
      [
        27,
        0.005
      ],
      [
        28,
        0.03
      ],
      [
        29,
        0.005
      ],
      [
        30,
        0.01
      ],
      [
        31,
        0.015
      ],
      [
        32,
        0.025
      ],
      [
        33,
        0.01
      ],
      [
        34,
        0.01
      ],
      [
        35,
        0.02
      ],
      [
        36,
        0.005
      ],
      [
        37,
        0.005
      ],
      [
        38,
        0.0
      ],
      [
        39,
        0.01
      ],
      [
        40,
        0.005
      ],
      [
        41,
        0.0
      ],
      [
        42,
        0.02
      ],
      [
        43,
        0.0
      ],
      [
        44,
        0.015
      ],
      [
        45,
        0.005
      ],
      [
        46,
        0.01
      ],
      [
        47,
        0.0
      ],
      [
        48,
        0.015
      ],
      [
        49,
        0.01
      ],
      [
        50,
        0.01
      ],
      [
        51,
        0.005
      ],
      [
        52,
        0.005
      ],
      [
        53,
        0.0
      ],
      [
        54,
        0.01
      ],
      [
        55,
        0.005
      ],
      [
        56,
        0.01
      ],
      [
        57,
        0.0
      ],
      [
        58,
        0.03
      ],
      [
        59,
        0.005
      ],
      [
        60,
        0.01
      ]
    ],
    "ball_growth": {
      "comp_size": 147,
      "mean_ball": [
        1.0,
        3.65,
        6.25,
        9.75,
        12.625,
        16.175,
        20.35,
        24.275,
        27.825,
        31.725,
        35.425,
        39.575,
        43.625,
        47.625,
        51.4,
        55.05,
        58.35,
        61.75,
        65.775,
        70.4,
        75.375,
        80.575,
        85.925,
        91.8,
        97.85,
        104.825,
        111.75,
        118.55,
        126.625,
        134.825,
        143.2
      ],
      "r_max": 30,
      "samples": 40
    },
    "comp_size": 147,
    "ds_est": 1.7242546785180046,
    "ds_valid": false,
    "enabled": true,
    "fit_t_max": 60,
    "fit_t_min": 20,
    "notes": "fit_invalid",
    "plateau_est": 0.01,
    "r2": 0.17767229510850013,
    "slope": -0.8621273392590023
  },
  "glue_state": {
    "cadence": {
      "field": "T",
      "mean": 1.042590711885658,
      "var": 3.821045009664276e-31
    },
    "domains": {
      "counts": {
        "0": 4
      },
      "entropy": -1.000088900581841e-12
    },
    "phase": {
      "R": 1.0
    }
  },
  "hubshare": 0.02527075812274368,
  "islands": {
    "F_max": 0.25,
    "F_max_by_wstar": {
      "0.10": 1.0,
      "0.20": 0.25,
      "0.30": 0.25
    },
    "bundle_hist": {
      "1": 4
    },
    "bundle_hist_by_wstar": {
      "0.10": {
        "4": 1
      },
      "0.20": {
        "1": 4
      },
      "0.30": {
        "1": 4
      }
    },
    "bundle_sizes": [
      1,
      1,
      1,
      1
    ],
    "w_star": 0.3
  },
  "max_indegree": 7,
  "measure_epochs": 4500,
  "n": 0.6,
  "run_id": "ball_growth_diag_C5_W100_N4_n0p6_seed56796__full__N4__n0.600__seed56796",
  "seed": 56796,
  "space_state": {
    "S_junc_w": 1.3575576832578744,
    "S_perc": 0.8963414634146342,
    "V_active_size": 164,
    "allow_cocreate_merge": false,
    "clustering": 0.0470856102003643,
    "domain_match": true,
    "enabled": true,
    "hubshare": 0.02527075812274368,
    "max_indegree": 7,
    "p_reuse_policy": "from_n",
    "p_reuse_value_last": 0.6
  },
  "steps_total": 5000,
  "variant": "full"
}