{
  "L": 0.4851774280085511,
  "L_inst": 0.7520555555555556,
  "N": 8,
  "Q_clock": 1.372288997693978,
  "S_junc_w": 0.8936662238623843,
  "S_perc": 0.9249394673123487,
  "anomaly_flags": {
    "runaway_hubbing": false,
    "star_collapse": false,
    "tierB_evaluated": false
  },
  "burn_in_epochs": 500,
  "clustering": 0.0,
  "elapsed_seconds": 1.348740816116333,
  "ell_lock": 132.56684927208957,
  "engine_mode": "v_glue",
  "glue_state": {
    "cadence": {
      "field": "T",
      "mean": 1.0376106512929204,
      "var": 4.437342591868191e-31
    },
    "domains": {
      "counts": {
        "0": 8
      },
      "entropy": -1.000088900581841e-12
    },
    "phase": {
      "R": 1.0000000000000002
    }
  },
  "hubshare": 0.007936507936507936,
  "islands": {
    "F_max": 0.125,
    "bundle_hist": {
      "1": 8
    },
    "bundle_sizes": [
      1,
      1,
      1,
      1,
      1,
      1,
      1,
      1
    ],
    "w_star": 0.3
  },
  "max_indegree": 5,
  "measure_epochs": 4500,
  "n": 0.0,
  "run_id": "pathA_C5_W100_N8_p0p50_s56791_56798__full__N8__n0.000__seed56798",
  "seed": 56798,
  "space_state": {
    "S_junc_w": 0.8936662238623843,
    "S_perc": 0.9249394673123487,
    "V_active_size": 413,
    "allow_cocreate_merge": false,
    "clustering": 0.0,
    "domain_match": true,
    "enabled": true,
    "hubshare": 0.007936507936507936,
    "max_indegree": 5,
    "p_reuse_policy": "fixed",
    "p_reuse_value_last": 0.5
  },
  "steps_total": 5000,
  "variant": "full"
}