{
  "L": 0.4160395831926953,
  "L_inst": 0.7735555555555556,
  "N": 8,
  "Q_clock": 1.1767376420703186,
  "S_junc_w": 0.9196476315686438,
  "S_perc": 0.9031476997578692,
  "anomaly_flags": {
    "runaway_hubbing": false,
    "star_collapse": false,
    "tierB_evaluated": false
  },
  "burn_in_epochs": 500,
  "clustering": 0.002251221001221001,
  "elapsed_seconds": 1.3455500602722168,
  "ell_lock": 195.0743928790921,
  "engine_mode": "v_glue",
  "glue_state": {
    "cadence": {
      "field": "T",
      "mean": 1.1169956016306322,
      "var": 2.157041537713704e-31
    },
    "domains": {
      "counts": {
        "0": 8
      },
      "entropy": -1.000088900581841e-12
    },
    "phase": {
      "R": 1.0
    }
  },
  "hubshare": 0.008038585209003215,
  "islands": {
    "F_max": 0.125,
    "bundle_hist": {
      "1": 8
    },
    "bundle_sizes": [
      1,
      1,
      1,
      1,
      1,
      1,
      1,
      1
    ],
    "w_star": 0.3
  },
  "max_indegree": 5,
  "measure_epochs": 4500,
  "n": 0.0,
  "run_id": "pathA_C5_W100_N8_p0p50_s56791_56798__full__N8__n0.000__seed56792",
  "seed": 56792,
  "space_state": {
    "S_junc_w": 0.9196476315686438,
    "S_perc": 0.9031476997578692,
    "V_active_size": 413,
    "allow_cocreate_merge": false,
    "clustering": 0.002251221001221001,
    "domain_match": true,
    "enabled": true,
    "hubshare": 0.008038585209003215,
    "max_indegree": 5,
    "p_reuse_policy": "fixed",
    "p_reuse_value_last": 0.5
  },
  "steps_total": 5000,
  "variant": "full"
}