{
  "L": 0.5019517891001185,
  "L_inst": 0.7380555555555556,
  "N": 8,
  "Q_clock": 1.4197340556056544,
  "S_junc_w": 0.960788380492529,
  "S_perc": 0.8987341772151899,
  "anomaly_flags": {
    "runaway_hubbing": false,
    "star_collapse": false,
    "tierB_evaluated": false
  },
  "burn_in_epochs": 500,
  "clustering": 0.0007446478436239529,
  "elapsed_seconds": 1.3450136184692383,
  "ell_lock": 109.89337617693691,
  "engine_mode": "v_glue",
  "glue_state": {
    "cadence": {
      "field": "T",
      "mean": 0.9853819892148048,
      "var": 8.782240546405795e-32
    },
    "domains": {
      "counts": {
        "0": 8
      },
      "entropy": -1.000088900581841e-12
    },
    "phase": {
      "R": 1.0
    }
  },
  "hubshare": 0.01001669449081803,
  "islands": {
    "F_max": 0.125,
    "bundle_hist": {
      "1": 8
    },
    "bundle_sizes": [
      1,
      1,
      1,
      1,
      1,
      1,
      1,
      1
    ],
    "w_star": 0.3
  },
  "max_indegree": 6,
  "measure_epochs": 4500,
  "n": 0.0,
  "run_id": "pathA_C5_W100_N8_p0p50_s56791_56798__full__N8__n0.000__seed56791",
  "seed": 56791,
  "space_state": {
    "S_junc_w": 0.960788380492529,
    "S_perc": 0.8987341772151899,
    "V_active_size": 395,
    "allow_cocreate_merge": false,
    "clustering": 0.0007446478436239529,
    "domain_match": true,
    "enabled": true,
    "hubshare": 0.01001669449081803,
    "max_indegree": 6,
    "p_reuse_policy": "fixed",
    "p_reuse_value_last": 0.5
  },
  "steps_total": 5000,
  "variant": "full"
}