{
  "L": 0.571877004132833,
  "L_inst": 0.7470555555555556,
  "N": 8,
  "Q_clock": 1.617512430507894,
  "S_junc_w": 0.77198099571934,
  "S_perc": 0.8614609571788413,
  "anomaly_flags": {
    "runaway_hubbing": false,
    "star_collapse": false,
    "tierB_evaluated": false
  },
  "burn_in_epochs": 500,
  "clustering": 0.0013381995133819953,
  "elapsed_seconds": 1.3469650745391846,
  "ell_lock": 87.394241949772,
  "engine_mode": "v_glue",
  "glue_state": {
    "cadence": {
      "field": "T",
      "mean": 0.9717293545333601,
      "var": 5.39260384428426e-32
    },
    "domains": {
      "counts": {
        "0": 8
      },
      "entropy": -1.000088900581841e-12
    },
    "phase": {
      "R": 1.0
    }
  },
  "hubshare": 0.008620689655172414,
  "islands": {
    "F_max": 0.125,
    "bundle_hist": {
      "1": 8
    },
    "bundle_sizes": [
      1,
      1,
      1,
      1,
      1,
      1,
      1,
      1
    ],
    "w_star": 0.3
  },
  "max_indegree": 5,
  "measure_epochs": 4500,
  "n": 0.0,
  "run_id": "pathA_C5_W100_N8_p0p50_s56791_56798__full__N8__n0.000__seed56795",
  "seed": 56795,
  "space_state": {
    "S_junc_w": 0.77198099571934,
    "S_perc": 0.8614609571788413,
    "V_active_size": 397,
    "allow_cocreate_merge": false,
    "clustering": 0.0013381995133819953,
    "domain_match": true,
    "enabled": true,
    "hubshare": 0.008620689655172414,
    "max_indegree": 5,
    "p_reuse_policy": "fixed",
    "p_reuse_value_last": 0.5
  },
  "steps_total": 5000,
  "variant": "full"
}