{
  "L": 0.3107958229322094,
  "L_inst": 0.7513333333333333,
  "N": 8,
  "Q_clock": 0.8790633358392752,
  "S_junc_w": 0.7583913044031825,
  "S_perc": 0.9053398058252428,
  "anomaly_flags": {
    "runaway_hubbing": false,
    "star_collapse": false,
    "tierB_evaluated": false
  },
  "burn_in_epochs": 500,
  "clustering": 0.004684095860566449,
  "elapsed_seconds": 1.3515558242797852,
  "ell_lock": 200.5072682564693,
  "engine_mode": "v_glue",
  "glue_state": {
    "cadence": {
      "field": "T",
      "mean": 1.0755140773955452,
      "var": 4.437342591868191e-31
    },
    "domains": {
      "counts": {
        "0": 8
      },
      "entropy": -1.000088900581841e-12
    },
    "phase": {
      "R": 1.0
    }
  },
  "hubshare": 0.008403361344537815,
  "islands": {
    "F_max": 0.125,
    "bundle_hist": {
      "1": 8
    },
    "bundle_sizes": [
      1,
      1,
      1,
      1,
      1,
      1,
      1,
      1
    ],
    "w_star": 0.3
  },
  "max_indegree": 5,
  "measure_epochs": 4500,
  "n": 0.0,
  "run_id": "pathA_C5_W100_N8_p0p50_s56791_56798__full__N8__n0.000__seed56796",
  "seed": 56796,
  "space_state": {
    "S_junc_w": 0.7583913044031825,
    "S_perc": 0.9053398058252428,
    "V_active_size": 412,
    "allow_cocreate_merge": false,
    "clustering": 0.004684095860566449,
    "domain_match": true,
    "enabled": true,
    "hubshare": 0.008403361344537815,
    "max_indegree": 5,
    "p_reuse_policy": "fixed",
    "p_reuse_value_last": 0.5
  },
  "steps_total": 5000,
  "variant": "full"
}