{
  "L": 0.4984919202810325,
  "L_inst": 0.7139444444444445,
  "N": 8,
  "Q_clock": 1.409948068789688,
  "S_junc_w": 0.9294870546233888,
  "S_perc": 0.899749373433584,
  "anomaly_flags": {
    "runaway_hubbing": false,
    "star_collapse": false,
    "tierB_evaluated": false
  },
  "burn_in_epochs": 500,
  "clustering": 0.0044444444444444444,
  "elapsed_seconds": 1.3533318042755127,
  "ell_lock": 102.85807363046243,
  "engine_mode": "v_glue",
  "glue_state": {
    "cadence": {
      "field": "T",
      "mean": 1.0131209169347295,
      "var": 2.8965986363584027e-31
    },
    "domains": {
      "counts": {
        "0": 8
      },
      "entropy": -1.000088900581841e-12
    },
    "phase": {
      "R": 1.0
    }
  },
  "hubshare": 0.006578947368421052,
  "islands": {
    "F_max": 0.125,
    "bundle_hist": {
      "1": 8
    },
    "bundle_sizes": [
      1,
      1,
      1,
      1,
      1,
      1,
      1,
      1
    ],
    "w_star": 0.3
  },
  "max_indegree": 4,
  "measure_epochs": 4500,
  "n": 0.0,
  "run_id": "pathA_C5_W100_N8_p0p50_s56791_56798__full__N8__n0.000__seed56797",
  "seed": 56797,
  "space_state": {
    "S_junc_w": 0.9294870546233888,
    "S_perc": 0.899749373433584,
    "V_active_size": 399,
    "allow_cocreate_merge": false,
    "clustering": 0.0044444444444444444,
    "domain_match": true,
    "enabled": true,
    "hubshare": 0.006578947368421052,
    "max_indegree": 4,
    "p_reuse_policy": "fixed",
    "p_reuse_value_last": 0.5
  },
  "steps_total": 5000,
  "variant": "full"
}