{
  "L": 0.6393810803370765,
  "L_inst": 0.7347777777777778,
  "N": 8,
  "Q_clock": 1.8084427906749103,
  "S_junc_w": 0.8752464238985319,
  "S_perc": 0.9226932668329177,
  "anomaly_flags": {
    "runaway_hubbing": false,
    "star_collapse": false,
    "tierB_evaluated": false
  },
  "burn_in_epochs": 500,
  "clustering": 0.0007856341189674523,
  "elapsed_seconds": 1.3581948280334473,
  "ell_lock": 73.54816231145642,
  "engine_mode": "v_glue",
  "glue_state": {
    "cadence": {
      "field": "T",
      "mean": 0.9677371514532194,
      "var": 1.1093356479670479e-31
    },
    "domains": {
      "counts": {
        "0": 8
      },
      "entropy": -1.000088900581841e-12
    },
    "phase": {
      "R": 1.0
    }
  },
  "hubshare": 0.01,
  "islands": {
    "F_max": 0.125,
    "bundle_hist": {
      "1": 8
    },
    "bundle_sizes": [
      1,
      1,
      1,
      1,
      1,
      1,
      1,
      1
    ],
    "w_star": 0.3
  },
  "max_indegree": 6,
  "measure_epochs": 4500,
  "n": 0.0,
  "run_id": "pathA_C5_W100_N8_p0p50_s56791_56798__full__N8__n0.000__seed56794",
  "seed": 56794,
  "space_state": {
    "S_junc_w": 0.8752464238985319,
    "S_perc": 0.9226932668329177,
    "V_active_size": 401,
    "allow_cocreate_merge": false,
    "clustering": 0.0007856341189674523,
    "domain_match": true,
    "enabled": true,
    "hubshare": 0.01,
    "max_indegree": 6,
    "p_reuse_policy": "fixed",
    "p_reuse_value_last": 0.5
  },
  "steps_total": 5000,
  "variant": "full"
}