{
  "L": 0.3133592800372201,
  "L_inst": 0.7247222222222223,
  "N": 8,
  "Q_clock": 0.8863138874482106,
  "S_junc_w": 0.0,
  "S_perc": 0.0,
  "anomaly_flags": {
    "runaway_hubbing": false,
    "star_collapse": false,
    "tierB_evaluated": false
  },
  "burn_in_epochs": 500,
  "clustering": null,
  "elapsed_seconds": 0.13781309127807617,
  "ell_lock": 199.95399590911214,
  "engine_mode": "v_glue",
  "glue_state": {
    "cadence": {
      "field": "T",
      "mean": 0.9693064794151739,
      "var": 7.241496590896007e-32
    },
    "domains": {
      "counts": {
        "0": 8
      },
      "entropy": -1.000088900581841e-12
    },
    "phase": {
      "R": 0.9999999999999999
    }
  },
  "hubshare": 0.0,
  "max_indegree": 0,
  "measure_epochs": 4500,
  "n": 0.0,
  "run_id": "vreg_C5_W100_N4N8_seeds56791_56806_vglue__full__N8__n0.000__seed56806",
  "seed": 56806,
  "steps_total": 5000,
  "variant": "full"
}