{
  "L": 0.12638263892895593,
  "L_inst": 0.7421111111111112,
  "N": 8,
  "Q_clock": 0.35746408404366276,
  "S_junc_w": 0.0,
  "S_perc": 0.0,
  "anomaly_flags": {
    "runaway_hubbing": false,
    "star_collapse": false,
    "tierB_evaluated": false
  },
  "burn_in_epochs": 500,
  "clustering": null,
  "elapsed_seconds": 0.13708114624023438,
  "ell_lock": 309.4006753585172,
  "engine_mode": "v_glue",
  "glue_state": {
    "cadence": {
      "field": "T",
      "mean": 0.9298095386795842,
      "var": 5.39260384428426e-32
    },
    "domains": {
      "counts": {
        "0": 8
      },
      "entropy": -1.000088900581841e-12
    },
    "phase": {
      "R": 1.0
    }
  },
  "hubshare": 0.0,
  "max_indegree": 0,
  "measure_epochs": 4500,
  "n": 0.0,
  "run_id": "vreg_C5_W100_N4N8_seeds56791_56806_vglue__full__N8__n0.000__seed56804",
  "seed": 56804,
  "steps_total": 5000,
  "variant": "full"
}