{
  "L": 0.4952205048837593,
  "L_inst": 0.7618888888888888,
  "N": 4,
  "Q_clock": 0.9904410097675186,
  "S_junc_w": 0.0,
  "S_perc": 0.0,
  "anomaly_flags": {
    "runaway_hubbing": false,
    "star_collapse": false,
    "tierB_evaluated": false
  },
  "burn_in_epochs": 500,
  "clustering": null,
  "elapsed_seconds": 0.1359570026397705,
  "ell_lock": 114.97319645913407,
  "engine_mode": "v_glue",
  "glue_state": {
    "cadence": {
      "field": "T",
      "mean": 1.0049108255365113,
      "var": 1.355854680848614e-31
    },
    "domains": {
      "counts": {
        "0": 4
      },
      "entropy": -1.000088900581841e-12
    },
    "phase": {
      "R": 1.0
    }
  },
  "hubshare": 0.0,
  "max_indegree": 0,
  "measure_epochs": 4500,
  "n": 0.0,
  "run_id": "vreg_C5_W100_N4N8_seeds56791_56806_vglue__full__N4__n0.000__seed56805",
  "seed": 56805,
  "steps_total": 5000,
  "variant": "full"
}