{
  "L": 0.0,
  "N": 64,
  "Q_clock": 0.0,
  "S_junc_w": 0.054308601891052556,
  "S_perc": 0.19244855249389606,
  "anomaly_flags": {
    "runaway_hubbing": false,
    "star_collapse": false,
    "tierB_evaluated": true
  },
  "beta_junc": 1.5,
  "burn_in_epochs": 8000,
  "clustering": 0.0,
  "elapsed_seconds": 353.1830880641937,
  "ell_lock": 0,
  "hubshare": 0.00041953347877160595,
  "max_indegree": 5,
  "measure_epochs": 12000,
  "n": 0.4,
  "run_id": "timeseries_probe_50bins_v0_1__full__N64__n0.400__seed1",
  "seed": 1,
  "steps_total": 20000,
  "timeseries": {
    "L_series": [
      0.0,
      0.0,
      0.0,
      0.0,
      0.0,
      0.0,
      0.0,
      0.0,
      0.0,
      0.0,
      0.0,
      0.0,
      0.0,
      0.0,
      0.0,
      0.0,
      0.0,
      0.0,
      0.0,
      0.0,
      0.0,
      0.0,
      0.0,
      0.0,
      0.0,
      0.0,
      0.0,
      0.0,
      0.0,
      0.0,
      0.0,
      0.0,
      0.0,
      0.0,
      0.0,
      0.0,
      0.0,
      0.0,
      0.0,
      0.0,
      0.0,
      0.0,
      0.0,
      0.0,
      0.0,
      0.0,
      0.0,
      0.0,
      0.0,
      0.0,
      0.0
    ],
    "Sjuncw_series": [
      0.9448817362329152,
      0.054032405794416004,
      0.05248496504228489,
      0.8690631757341604,
      0.054360383505627954,
      0.05585809359205746,
      0.8457657240645668,
      0.05239375488546245,
      0.04943979526722043,
      0.7495010959630171,
      0.05237324955081618,
      0.04845171693117122,
      0.7267141148510499,
      0.049479224122554004,
      0.049787017321109635,
      0.6826082500069456,
      0.052907968190854526,
      0.04985212923360212,
      0.6521561486451288,
      0.04859779014442951,
      0.051936532205775404,
      0.5831896773792772,
      0.04533120301825681,
      0.05243081117975525,
      0.5401098479875823,
      0.05225073757882661,
      0.05394979124912694,
      0.47069017576961325,
      0.04815985132141953,
      0.046839020206735464,
      0.4647739974039028,
      0.05160837939638625,
      0.049888414879583114,
      0.4141785567470107,
      0.05335036018170307,
      0.05435964147906296,
      0.36876135880213984,
      0.05164982266745296,
      0.048824493023320155,
      0.3118885101837733,
      0.055105664238455136,
      0.04848088338708493,
      0.24071262945853272,
      0.05100963147964909,
      0.04761868905938226,
      0.23325519446938867,
      0.053494840252936805,
      0.05180228188523523,
      0.18711874862982547,
      0.052669823294788184,
      0.054308601891052556
    ],
    "Sperc_series": [
      0.9445362079457533,
      0.1763949601439959,
      0.18172422702609595,
      0.9105354058721934,
      0.1871819201242129,
      0.1866597276433342,
      0.862246231593622,
      0.17870098462601486,
      0.16478496940446435,
      0.8187355237196534,
      0.16580489486384006,
      0.17429774074392235,
      0.7949956859361519,
      0.1909560723514212,
      0.18718830610490111,
      0.7569084628670121,
      0.16091458153580673,
      0.1832802958630773,
      0.7215815485996705,
      0.16977046340407104,
      0.18629568823986867,
      0.6746914653224405,
      0.15650004301815365,
      0.1766019584263872,
      0.63928478880539,
      0.18282240109607809,
      0.19580480194157926,
      0.6097311139564661,
      0.1725866390113214,
      0.17232693476939112,
      0.5693279128103105,
      0.1812167039010139,
      0.1757036781212226,
      0.5379535123080882,
      0.17167197315205232,
      0.18860255966793496,
      0.4957167832167832,
      0.1855262025643232,
      0.17100339396049083,
      0.44157196148173855,
      0.1781106589315092,
      0.18793222683264177,
      0.39211296710866195,
      0.1731545931081894,
      0.1664364640883978,
      0.3637379642365887,
      0.18285221887117623,
      0.1833707089874073,
      0.32207207207207206,
      0.16738904299583912,
      0.19244855249389606
    ],
    "bins": 50,
    "hubshare_series": [
      0.0008244023083264633,
      0.0003303600925008259,
      0.0004149377593360996,
      0.0007055352446924507,
      0.00033272334054233906,
      0.0004176760504552669,
      0.0007159127888057273,
      0.00041631973355537054,
      0.0003324468085106383,
      0.000722543352601156,
      0.0004989190088142358,
      0.0004149377593360996,
      0.0007298785747462014,
      0.00033186758483365135,
      0.0003317574852782616,
      0.0006045949214026602,
      0.000416181122024305,
      0.00033206043499916984,
      0.0008832121747401318,
      0.0003344201989800184,
      0.000332944897619444,
      0.0006243496357960458,
      0.00033266799733865603,
      0.00041407867494824016,
      0.0007672455883378671,
      0.0004129501156260324,
      0.0004172577818576316,
      0.0006340707341130054,
      0.00033375052148518984,
      0.00033573946617424877,
      0.0007152052639107423,
      0.0004142158893215144,
      0.00033347228011671527,
      0.0007199942400460796,
      0.0003321707357581797,
      0.00041586958329867756,
      0.0006679530948493394,
      0.0004150066401062417,
      0.00033610620956222166,
      0.0006755235307363207,
      0.00033383408446002337,
      0.0003341687552213868,
      0.0006876002750401101,
      0.000414868901427149,
      0.00041732743510558383,
      0.0008444649163212038,
      0.000332474441027346,
      0.0004160079873533572,
      0.0007076584368611417,
      0.00041841004184100416,
      0.00041953347877160595
    ],
    "ts_epochs": [
      8240,
      8479,
      8718,
      8957,
      9196,
      9435,
      9674,
      9913,
      10152,
      10391,
      10630,
      10869,
      11108,
      11347,
      11586,
      11825,
      12064,
      12303,
      12542,
      12781,
      13020,
      13259,
      13498,
      13737,
      13976,
      14215,
      14454,
      14693,
      14932,
      15171,
      15410,
      15649,
      15888,
      16127,
      16366,
      16605,
      16844,
      17083,
      17322,
      17561,
      17800,
      18039,
      18278,
      18517,
      18756,
      18995,
      19234,
      19473,
      19712,
      19951,
      20000
    ]
  },
  "variant": "full"
}