{
  "L": 0.0,
  "N": 64,
  "Q_clock": 0.0,
  "S_junc_w": 2.379430569403258,
  "S_perc": 0.7675490779298036,
  "anomaly_flags": {
    "runaway_hubbing": false,
    "star_collapse": false,
    "tierB_evaluated": true
  },
  "beta_junc": 1.5,
  "burn_in_epochs": 8000,
  "clustering": 0.007409147869674186,
  "elapsed_seconds": 232.95175504684448,
  "ell_lock": 0,
  "hubshare": 0.0032148753149708925,
  "max_indegree": 37,
  "measure_epochs": 12000,
  "n": 0.8,
  "run_id": "timeseries_probe_50bins_v0_1__full__N64__n0.800__seed1",
  "seed": 1,
  "steps_total": 20000,
  "timeseries": {
    "L_series": [
      0.0,
      0.0,
      0.0,
      0.0,
      0.0,
      0.0,
      0.0,
      0.0,
      0.0,
      0.0,
      0.0,
      0.0,
      0.0,
      0.0,
      0.0,
      0.0,
      0.0,
      0.0,
      0.0,
      0.0,
      0.0,
      0.0,
      0.0,
      0.0,
      0.0,
      0.0,
      0.0,
      0.0,
      0.0,
      0.0,
      0.0,
      0.0,
      0.0,
      0.0,
      0.0,
      0.0,
      0.0,
      0.0,
      0.0,
      0.0,
      0.0,
      0.0,
      0.0,
      0.0,
      0.0,
      0.0,
      0.0,
      0.0,
      0.0,
      0.0,
      0.0
    ],
    "Sjuncw_series": [
      0.41125583961022183,
      0.39516276578583837,
      1.7785057647816567,
      0.6525287346478683,
      0.3994659732642577,
      0.4233356011012982,
      0.4080197442182068,
      1.2507764019697523,
      2.322626942839799,
      0.4343006003932236,
      0.4050684991445643,
      0.4018831136074091,
      0.7213208153510965,
      4.318266537471157,
      0.39748673158498643,
      0.3935538246633332,
      0.41703399833488225,
      0.3907925616172153,
      4.1221031243735204,
      0.4125248674111148,
      0.418920103867531,
      0.40194072467706404,
      0.43067160293894013,
      3.4189671213738877,
      0.3832243378813971,
      0.39010135510806937,
      0.39753984640862056,
      0.416245949891848,
      2.9472359234941363,
      0.42348672227166956,
      0.39622487483768815,
      0.41227342696463204,
      0.4158507783353047,
      2.1384332777159796,
      0.3710107645014122,
      0.39504308275445754,
      0.3988176205836733,
      0.40336683141502677,
      1.7355813116165821,
      0.4705081154884936,
      0.4041440517796747,
      0.42333544223913233,
      0.44477686210175477,
      1.0378300163631518,
      2.8139027190617107,
      0.4201875968842959,
      0.41923108944171555,
      0.4155986218831384,
      0.5006896876034281,
      4.523920862787124,
      2.379430569403258
    ],
    "Sperc_series": [
      0.36455142231947485,
      0.3551840445813169,
      0.35253286072958206,
      0.42353977105958324,
      0.35569786057342456,
      0.35510863182618907,
      0.3592805755395683,
      0.27547169811320754,
      0.7758871436881908,
      0.3628926223520818,
      0.35083114610673666,
      0.3643149882903981,
      0.30585459371774076,
      0.9874575770990114,
      0.36217157787777615,
      0.35721537345902826,
      0.35581565471836135,
      0.3587035161336999,
      0.8990946261682243,
      0.3563620463489287,
      0.3554946639746178,
      0.3597122302158273,
      0.384140061791967,
      0.7718509928975213,
      0.3534230544177882,
      0.347757103706909,
      0.3408761241659414,
      0.3629281199470822,
      0.6457992565055762,
      0.3779401022644266,
      0.3554968442683106,
      0.37342047930283223,
      0.35543766578249336,
      0.48906067677946324,
      0.3554909090909091,
      0.35991849803522047,
      0.3476407467293841,
      0.3536638876700307,
      0.3553247513165594,
      0.3934640522875817,
      0.3602420306965762,
      0.3720827829150154,
      0.3674875403107593,
      0.2816921954777535,
      0.841497706082581,
      0.35889479905437355,
      0.35641817379797086,
      0.36592592592592593,
      0.3260806916426513,
      0.9781107683267225,
      0.7675490779298036
    ],
    "bins": 50,
    "hubshare_series": [
      0.0012091898428053204,
      0.0008529304252467406,
      0.003715553720714212,
      0.0038141470180305132,
      0.0008460236886632825,
      0.000846740050804403,
      0.0008365200764818356,
      0.004039044092898014,
      0.0031567272417029266,
      0.0007211538461538462,
      0.0008447984552256819,
      0.0007281553398058253,
      0.004320172806912276,
      0.002779064381658175,
      0.0009642039291310112,
      0.000724112961622013,
      0.0007262164124909223,
      0.0008428657435279952,
      0.00261604507646901,
      0.0008457170472393379,
      0.0008349236641221374,
      0.0007284205414592692,
      0.0007249879168680521,
      0.002624480571553547,
      0.0007331378299120235,
      0.0008432718949524154,
      0.0008463305525329464,
      0.0007274490785645005,
      0.0030073965699422907,
      0.0007244626901714562,
      0.0008531383302864108,
      0.0008413461538461539,
      0.0008543878921030148,
      0.0032906764168190127,
      0.0007314397171766427,
      0.0007254261878853826,
      0.0008551184949914489,
      0.0008499271491015056,
      0.0034771937001431786,
      0.0035545023696682463,
      0.0007339449541284404,
      0.0009657170449058426,
      0.0007210671794255498,
      0.0037041324227341126,
      0.0029949813825481627,
      0.000853450377956596,
      0.0007300158170093686,
      0.0007352040191153045,
      0.0035919540229885057,
      0.0022934318659616486,
      0.0032148753149708925
    ],
    "ts_epochs": [
      8240,
      8479,
      8718,
      8957,
      9196,
      9435,
      9674,
      9913,
      10152,
      10391,
      10630,
      10869,
      11108,
      11347,
      11586,
      11825,
      12064,
      12303,
      12542,
      12781,
      13020,
      13259,
      13498,
      13737,
      13976,
      14215,
      14454,
      14693,
      14932,
      15171,
      15410,
      15649,
      15888,
      16127,
      16366,
      16605,
      16844,
      17083,
      17322,
      17561,
      17800,
      18039,
      18278,
      18517,
      18756,
      18995,
      19234,
      19473,
      19712,
      19951,
      20000
    ]
  },
  "variant": "full"
}