{
  "L": 0.0,
  "N": 64,
  "Q_clock": 0.0,
  "S_junc_w": 0.48544224950236503,
  "S_perc": 0.8481724461105904,
  "anomaly_flags": {
    "runaway_hubbing": false,
    "star_collapse": false,
    "tierB_evaluated": true
  },
  "beta_junc": 1.5,
  "burn_in_epochs": 8000,
  "clustering": 0.0,
  "elapsed_seconds": 407.18991017341614,
  "ell_lock": 0,
  "hubshare": 0.0005140727412928929,
  "max_indegree": 8,
  "measure_epochs": 12000,
  "n": 0.2,
  "run_id": "timeseries_probe_50bins_v0_1__full__N64__n0.200__seed1",
  "seed": 1,
  "steps_total": 20000,
  "timeseries": {
    "L_series": [
      0.0,
      0.0,
      0.0,
      0.0,
      0.0,
      0.0,
      0.0,
      0.0,
      0.0,
      0.0,
      0.0,
      0.0,
      0.0,
      0.0,
      0.0,
      0.0,
      0.0,
      0.0,
      0.0,
      0.0,
      0.0,
      0.0,
      0.0,
      0.0,
      0.0,
      0.0,
      0.0,
      0.0,
      0.0,
      0.0,
      0.0,
      0.0,
      0.0,
      0.0,
      0.0,
      0.0,
      0.0,
      0.0,
      0.0,
      0.0,
      0.0,
      0.0,
      0.0,
      0.0,
      0.0,
      0.0,
      0.0,
      0.0,
      0.0,
      0.0,
      0.0
    ],
    "Sjuncw_series": [
      0.03056084829705776,
      0.032062210878759864,
      0.262357951510047,
      0.029956261705869885,
      0.028961022141615195,
      0.4417628032710648,
      0.031004282546811812,
      0.031525036745071774,
      0.6318451588458469,
      0.03166966590620549,
      0.10346512546098932,
      0.027743438775114263,
      0.029976525743471146,
      0.24437331180417976,
      0.026398462662968823,
      0.032549469568850194,
      0.40938976929492404,
      0.029239809011784672,
      0.02878839792702157,
      0.6202474184033783,
      0.02638718721349628,
      0.08938757663144765,
      0.032539751446204766,
      0.026881397030703788,
      0.22803980552744144,
      0.02704959908995206,
      0.028565421424990838,
      0.3862595995565305,
      0.029037902093790712,
      0.0285854283625307,
      0.5947417821956077,
      0.03321961091946623,
      0.07661909997532021,
      0.03544419493116452,
      0.02721382120675729,
      0.21783700467761466,
      0.031237829684125386,
      0.029465291511122337,
      0.4004238893226711,
      0.028366094867128565,
      0.031625841954743696,
      0.5759512173840006,
      0.030759902660181377,
      0.043382294622981175,
      0.18884838332264708,
      0.027984662065588365,
      0.1717292372392704,
      0.02986939739520357,
      0.027648735200598892,
      0.3352422306573336,
      0.48544224950236503
    ],
    "Sperc_series": [
      0.13204596982253147,
      0.1421916942997,
      0.5717742564983218,
      0.1531051765995771,
      0.1451549933630046,
      0.8008269620845686,
      0.14730079134999607,
      0.15585030791094268,
      0.9970781015557135,
      0.14824355971896955,
      0.2998201860683293,
      0.13592537430430351,
      0.11518651474949274,
      0.5382336892976849,
      0.11160644454872516,
      0.157470454723331,
      0.7751405371642723,
      0.13879310344827586,
      0.15298361169920802,
      0.9924028822055138,
      0.1187211033618055,
      0.27567016773788994,
      0.1511938422871505,
      0.10341578327444052,
      0.5019663363221646,
      0.14304781345685796,
      0.16401249024199843,
      0.734108103892052,
      0.1535991227383097,
      0.15857353740968066,
      0.9587709672362439,
      0.15011402060234333,
      0.23467780053568615,
      0.16687509770204784,
      0.1198405253283302,
      0.47472853683305993,
      0.12935830133981038,
      0.1531694289529495,
      0.6989332279731332,
      0.1481076863051112,
      0.14607712243776014,
      0.9172843400094622,
      0.1568903488190208,
      0.18631778058007567,
      0.486463156242643,
      0.14916868316290688,
      0.4233200655584172,
      0.15750801219416868,
      0.1225,
      0.6574023330462695,
      0.8481724461105904
    ],
    "bins": 50,
    "hubshare_series": [
      0.000305413453462625,
      0.0003081901533246013,
      0.000550357732526142,
      0.00030609121518212427,
      0.0003055067593370503,
      0.00045472261920228663,
      0.0003058805536438021,
      0.00030842778934381986,
      0.0005634508232642585,
      0.0003051571559353067,
      0.0004397859708275306,
      0.00022993791676247414,
      0.0003049710277523635,
      0.00041488037615820773,
      0.0003062552637623459,
      0.00022906009009696876,
      0.00039385584875935406,
      0.00030663089306247603,
      0.00030641948827945457,
      0.0004965859714463067,
      0.0003069367710251688,
      0.00037023324694557573,
      0.0003065134099616858,
      0.0003075030750307503,
      0.0004211412929037692,
      0.0003073613032119256,
      0.0002287980475899939,
      0.0004624735729386892,
      0.0003062318174858368,
      0.00030395136778115504,
      0.0005629221916437328,
      0.0002304501459517591,
      0.00037537537537537537,
      0.00030471547192808716,
      0.0002294806088885489,
      0.0004203741329783507,
      0.00030630216708783217,
      0.00038355323718932186,
      0.00046616941928609483,
      0.0002289202594429607,
      0.0003834355828220859,
      0.0005063291139240507,
      0.0003057402736375449,
      0.0003056701818737582,
      0.0005790807093738689,
      0.00022907758094074527,
      0.0004265908282971916,
      0.00030527360146531327,
      0.0002294630564479119,
      0.0005393379626508461,
      0.0005140727412928929
    ],
    "ts_epochs": [
      8240,
      8479,
      8718,
      8957,
      9196,
      9435,
      9674,
      9913,
      10152,
      10391,
      10630,
      10869,
      11108,
      11347,
      11586,
      11825,
      12064,
      12303,
      12542,
      12781,
      13020,
      13259,
      13498,
      13737,
      13976,
      14215,
      14454,
      14693,
      14932,
      15171,
      15410,
      15649,
      15888,
      16127,
      16366,
      16605,
      16844,
      17083,
      17322,
      17561,
      17800,
      18039,
      18278,
      18517,
      18756,
      18995,
      19234,
      19473,
      19712,
      19951,
      20000
    ]
  },
  "variant": "full"
}