{
  "L": 0.03927398897230343,
  "N": 64,
  "Q_clock": 0.3141919117784274,
  "S_junc_w": 19.267962538722976,
  "S_perc": 0.8214826021180031,
  "anomaly_flags": {
    "runaway_hubbing": false,
    "star_collapse": false,
    "tierB_evaluated": true
  },
  "beta_junc": 1.5,
  "burn_in_epochs": 8000,
  "clustering": 0.0047109487870838,
  "elapsed_seconds": 129.54977202415466,
  "ell_lock": 6,
  "hubshare": 0.004258083140877598,
  "max_indegree": 59,
  "measure_epochs": 12000,
  "n": 1.0,
  "run_id": "timeseries_probe_50bins_v0_1__full__N64__n1.000__seed1",
  "seed": 1,
  "steps_total": 20000,
  "timeseries": {
    "L_series": [
      0.0,
      0.39890014689297254,
      0.39890014689297254,
      0.03958797579416917,
      0.03559753231573769,
      0.03559753231573769,
      0.037489792049242236,
      0.03646059088611882,
      0.03646059088611882,
      0.03751386972330857,
      0.03751386972330857,
      0.040118483764774365,
      0.03832951261468974,
      0.03832951261468974,
      0.039468697372573656,
      0.03861027932814661,
      0.03861027932814661,
      0.03875029499051561,
      0.03875029499051561,
      0.04018230203632836,
      0.03876806526175372,
      0.03876806526175372,
      0.03912691010178441,
      0.03851114365078861,
      0.03851114365078861,
      0.038563311682476474,
      0.038563311682476474,
      0.0396402065108044,
      0.038756266167366306,
      0.038756266167366306,
      0.03908610666929229,
      0.03878051031156522,
      0.03878051031156522,
      0.038906272488703104,
      0.038906272488703104,
      0.03968374882969769,
      0.038819989103790684,
      0.038819989103790684,
      0.03947035380104821,
      0.03925475533671697,
      0.03925475533671697,
      0.03924688856552666,
      0.03924688856552666,
      0.03924688856552666,
      0.03911751841042469,
      0.03911751841042469,
      0.03962409500342639,
      0.039191654318855754,
      0.039191654318855754,
      0.03927398897230343,
      0.03927398897230343
    ],
    "Sjuncw_series": [
      3.2013712269108736,
      17.404929106389243,
      3.197602299259134,
      4.2358721319214805,
      21.569244253123976,
      3.307091549974191,
      10.864708064098092,
      14.268390033088416,
      3.1886804133113356,
      16.378340102323524,
      3.1177511875742323,
      4.292014948179326,
      22.00306629008323,
      3.2488582135526234,
      10.09772098636651,
      14.252812588964185,
      3.1232353101704713,
      17.662931634890597,
      3.2344711222606604,
      4.144280363907815,
      21.70010924882064,
      3.212574693245914,
      10.545730921890241,
      14.422307403171313,
      3.0376264060349865,
      16.872575794314145,
      3.224406199075289,
      4.450534758880647,
      22.08178464994571,
      3.167118935994674,
      10.505532341320881,
      14.512523501070586,
      3.0781028904222105,
      17.410583115802353,
      3.2412107324790607,
      3.857404134003774,
      21.469641419920798,
      3.4434922403771737,
      8.659419810408446,
      15.758152251968479,
      3.3531101623745174,
      16.06243782156236,
      6.556236813527708,
      3.1818064952616156,
      20.401292445826996,
      3.041496813268614,
      8.410485658244612,
      15.912538688742693,
      2.9995555302285335,
      16.80582292518758,
      19.267962538722976
    ],
    "Sperc_series": [
      0.8532277710109623,
      0.7110711071107111,
      0.8610015174506829,
      0.7842234499693064,
      0.9996985227615315,
      0.8517840805123513,
      0.49540722596448256,
      0.9246277915632755,
      0.851840942562592,
      0.695613776861937,
      0.8494326893590923,
      0.7991400491400491,
      0.9957498482088646,
      0.8618581907090465,
      0.5111177884615384,
      0.9282497748423897,
      0.8291442250149611,
      0.6882998171846435,
      0.8473491773308958,
      0.7808586762075134,
      1.0,
      0.8478060754832771,
      0.5039417828987265,
      0.9378564995496848,
      0.8378953771289538,
      0.6834683468346835,
      0.836629145117128,
      0.8019891500904159,
      0.9996936274509803,
      0.8435126101488909,
      0.4855562384757222,
      0.9297017650639074,
      0.8598745144905886,
      0.6854670247687258,
      0.8476394849785408,
      0.8531994981179423,
      0.9642857142857143,
      0.8774355751099937,
      0.5577380952380953,
      0.9422781700951797,
      0.8585546633724521,
      0.6009146341463415,
      0.8703363914373089,
      0.840406455469217,
      0.9054380664652568,
      0.8333831887526174,
      0.5285159749178859,
      0.9411942098914354,
      0.8399518652226233,
      0.6221419975932612,
      0.8214826021180031
    ],
    "bins": 50,
    "hubshare_series": [
      0.0016395682470282825,
      0.004867759208177835,
      0.0015021166188720469,
      0.007343771650270195,
      0.004019541153917507,
      0.001488095238095238,
      0.006423491626519844,
      0.004858235106721886,
      0.0013328002132480341,
      0.004851973684210527,
      0.0013917884481558804,
      0.007594250067805804,
      0.00391012909632572,
      0.0014970059880239522,
      0.0066125290023201855,
      0.004991420995164561,
      0.0017745017745017745,
      0.005146082337317397,
      0.0016384489350081922,
      0.007364975450081833,
      0.0037791958366891767,
      0.0016474464579901153,
      0.006543450809321547,
      0.004775107825015404,
      0.0015414798206278026,
      0.004853556485355648,
      0.0017771701982228299,
      0.007333333333333333,
      0.003797547158065119,
      0.0016456390565002743,
      0.006881268952647539,
      0.004972418615492192,
      0.001637331150225133,
      0.00488440247476392,
      0.0016413623307345096,
      0.007674386734274359,
      0.004010695187165776,
      0.0014974135583991288,
      0.006773920406435224,
      0.004715568862275449,
      0.0016295491580662683,
      0.0054919482453690775,
      0.006923506420993858,
      0.0014810825366904537,
      0.004037413363838234,
      0.0016538037486218302,
      0.006919560113678488,
      0.004789272030651341,
      0.0015337423312883436,
      0.0050957652433667195,
      0.004258083140877598
    ],
    "ts_epochs": [
      8240,
      8479,
      8718,
      8957,
      9196,
      9435,
      9674,
      9913,
      10152,
      10391,
      10630,
      10869,
      11108,
      11347,
      11586,
      11825,
      12064,
      12303,
      12542,
      12781,
      13020,
      13259,
      13498,
      13737,
      13976,
      14215,
      14454,
      14693,
      14932,
      15171,
      15410,
      15649,
      15888,
      16127,
      16366,
      16605,
      16844,
      17083,
      17322,
      17561,
      17800,
      18039,
      18278,
      18517,
      18756,
      18995,
      19234,
      19473,
      19712,
      19951,
      20000
    ]
  },
  "variant": "full"
}