{
  "L": 0.0,
  "N": 64,
  "Q_clock": 0.0,
  "S_junc_w": 0.11883031890568548,
  "S_perc": 0.21143214770001043,
  "anomaly_flags": {
    "runaway_hubbing": false,
    "star_collapse": false,
    "tierB_evaluated": true
  },
  "beta_junc": 1.5,
  "burn_in_epochs": 8000,
  "clustering": 0.0,
  "elapsed_seconds": 304.6186029911041,
  "ell_lock": 0,
  "hubshare": 0.0005829204313611193,
  "max_indegree": 6,
  "measure_epochs": 12000,
  "n": 0.6,
  "run_id": "timeseries_probe_50bins_v0_1__full__N64__n0.600__seed1",
  "seed": 1,
  "steps_total": 20000,
  "timeseries": {
    "L_series": [
      0.0,
      0.0,
      0.0,
      0.0,
      0.0,
      0.0,
      0.0,
      0.0,
      0.0,
      0.0,
      0.0,
      0.0,
      0.0,
      0.0,
      0.0,
      0.0,
      0.0,
      0.0,
      0.0,
      0.0,
      0.0,
      0.0,
      0.0,
      0.0,
      0.0,
      0.0,
      0.0,
      0.0,
      0.0,
      0.0,
      0.0,
      0.0,
      0.0,
      0.0,
      0.0,
      0.0,
      0.0,
      0.0,
      0.0,
      0.0,
      0.0,
      0.0,
      0.0,
      0.0,
      0.0,
      0.0,
      0.0,
      0.0,
      0.0,
      0.0,
      0.0
    ],
    "Sjuncw_series": [
      0.11738165661157951,
      0.12276903892989188,
      0.11669625483786546,
      1.271165511749622,
      0.11778502779346996,
      0.11806725274659151,
      0.16486642810490287,
      1.7545283851347235,
      0.12342278279827541,
      0.1222524166955592,
      0.563018442008359,
      0.11211535344557842,
      0.12137229325448258,
      0.12308395527926422,
      1.2371948113365443,
      0.114889255733596,
      0.12346228056661529,
      0.14911528408155877,
      1.8115896455329241,
      0.11718555741107888,
      0.11122951419596717,
      0.6061343621225991,
      0.1148494219365166,
      0.10893108516747436,
      0.12850070331346009,
      1.2163957443041589,
      0.12086975743281299,
      0.12060403935212985,
      0.17201389332041814,
      1.6805550600976331,
      0.10707770885535979,
      0.12153067814666614,
      0.5983931490147951,
      0.12642107525694748,
      0.1224228585588127,
      0.12675425441721547,
      1.222545685291669,
      0.12606916419158234,
      0.11940627144733162,
      0.1590223186220023,
      1.7244518879609765,
      0.11589803450624667,
      0.11469732917780857,
      0.5708027099020854,
      0.1284815650496995,
      0.12625532754624894,
      0.12446430526795214,
      1.2061459859638664,
      0.12719646968948575,
      0.1201631021207566,
      0.11883031890568548
    ],
    "Sperc_series": [
      0.22902990517870167,
      0.23280533555648186,
      0.2361866889912097,
      0.7212412496081914,
      0.2440895240096669,
      0.2350259067357513,
      0.20494442713202451,
      0.9943954333160353,
      0.22578958376908598,
      0.23838362744074346,
      0.3984163367368202,
      0.2408457968024755,
      0.23221628289473684,
      0.24429460580912862,
      0.7299065420560747,
      0.22742545149097018,
      0.24430379746835443,
      0.20583941605839415,
      0.9971968438538206,
      0.23495465787304204,
      0.23401177807624754,
      0.39983235540653816,
      0.23460350154479917,
      0.22548092084515925,
      0.23249357326478148,
      0.7254657092309293,
      0.2433609958506224,
      0.2373397772641311,
      0.21165008291873963,
      0.9864079684581863,
      0.21409409822534048,
      0.23021732348965374,
      0.40410594617593876,
      0.24396533938518672,
      0.24232870954182428,
      0.2395520066369387,
      0.7125260960334029,
      0.23697426239799121,
      0.2359643671017195,
      0.20134158926728588,
      0.989280882505984,
      0.2257427799709121,
      0.2187207488299532,
      0.3985933235355868,
      0.2440389798880365,
      0.2317741255794353,
      0.2288241415192508,
      0.7062000207705889,
      0.23857548061771194,
      0.2343213728549142,
      0.21143214770001043
    ],
    "bins": 50,
    "hubshare_series": [
      0.0005817899738194512,
      0.0004846839860411012,
      0.0004875195007800312,
      0.0013486655309483248,
      0.0004894762604013706,
      0.00048225308641975306,
      0.001348098218584497,
      0.001288161793121216,
      0.0004855311711011847,
      0.0003875968992248062,
      0.0014398238333192175,
      0.0005763135145519162,
      0.00047810288774144193,
      0.00048202063048298466,
      0.001417434443656981,
      0.000586739683160571,
      0.0005874290189935383,
      0.0017453699214583535,
      0.0012733176290825746,
      0.0004802151363810987,
      0.0004816027740319784,
      0.001681944327642755,
      0.00047975436576472844,
      0.00039261876717707107,
      0.0005735041101127892,
      0.001285989854968922,
      0.0003853564547206166,
      0.000488328938372888,
      0.0014403687343960054,
      0.0013069332810560022,
      0.0005794302269435056,
      0.0004833720030935808,
      0.0015374103177314656,
      0.0004785146904009953,
      0.00048699717541638256,
      0.0004816491667469415,
      0.0015028984470049382,
      0.0003879728419010669,
      0.00048248576666988323,
      0.0015338893682293165,
      0.0012976059170829819,
      0.0003871092615890835,
      0.0004846370068818455,
      0.001609214872533243,
      0.0004798464491362764,
      0.0005876591576885406,
      0.00048243921265920495,
      0.001504621336963531,
      0.0004870446132865771,
      0.0004830917874396135,
      0.0005829204313611193
    ],
    "ts_epochs": [
      8240,
      8479,
      8718,
      8957,
      9196,
      9435,
      9674,
      9913,
      10152,
      10391,
      10630,
      10869,
      11108,
      11347,
      11586,
      11825,
      12064,
      12303,
      12542,
      12781,
      13020,
      13259,
      13498,
      13737,
      13976,
      14215,
      14454,
      14693,
      14932,
      15171,
      15410,
      15649,
      15888,
      16127,
      16366,
      16605,
      16844,
      17083,
      17322,
      17561,
      17800,
      18039,
      18278,
      18517,
      18756,
      18995,
      19234,
      19473,
      19712,
      19951,
      20000
    ]
  },
  "variant": "full"
}