{
  "L": 0.37317328495877894,
  "L_inst": 0.81,
  "N": 8,
  "Q_clock": 1.05549344140805,
  "S_junc_w": 5.6505543737798085,
  "S_perc": 0.9736842105263158,
  "anomaly_flags": {
    "runaway_hubbing": false,
    "star_collapse": false,
    "tierB_evaluated": false
  },
  "burn_in_epochs": 150,
  "clustering": 0.045614878948212284,
  "elapsed_seconds": 0.09079718589782715,
  "ell_lock": 49.93766154944662,
  "engine_mode": "v_glue",
  "geometry": {
    "P0_downsample": [
      [
        0,
        1.0
      ],
      [
        1,
        0.0
      ],
      [
        2,
        0.265
      ],
      [
        3,
        0.005
      ],
      [
        4,
        0.14
      ],
      [
        5,
        0.005
      ],
      [
        6,
        0.045
      ],
      [
        7,
        0.005
      ],
      [
        8,
        0.02
      ],
      [
        9,
        0.01
      ],
      [
        10,
        0.02
      ],
      [
        11,
        0.005
      ],
      [
        12,
        0.035
      ],
      [
        13,
        0.02
      ],
      [
        14,
        0.02
      ],
      [
        15,
        0.01
      ],
      [
        16,
        0.01
      ],
      [
        17,
        0.01
      ],
      [
        18,
        0.01
      ],
      [
        19,
        0.005
      ],
      [
        20,
        0.005
      ],
      [
        21,
        0.005
      ],
      [
        22,
        0.01
      ],
      [
        23,
        0.005
      ],
      [
        24,
        0.01
      ],
      [
        25,
        0.0
      ],
      [
        26,
        0.0
      ],
      [
        27,
        0.005
      ],
      [
        28,
        0.005
      ],
      [
        29,
        0.005
      ],
      [
        30,
        0.005
      ],
      [
        31,
        0.01
      ],
      [
        32,
        0.005
      ],
      [
        33,
        0.005
      ],
      [
        34,
        0.005
      ],
      [
        35,
        0.005
      ],
      [
        36,
        0.005
      ],
      [
        37,
        0.0
      ],
      [
        38,
        0.0
      ],
      [
        39,
        0.015
      ],
      [
        40,
        0.0
      ],
      [
        41,
        0.005
      ],
      [
        42,
        0.005
      ],
      [
        43,
        0.01
      ],
      [
        44,
        0.005
      ],
      [
        45,
        0.005
      ],
      [
        46,
        0.005
      ],
      [
        47,
        0.005
      ],
      [
        48,
        0.005
      ],
      [
        49,
        0.01
      ],
      [
        50,
        0.0
      ],
      [
        51,
        0.005
      ],
      [
        52,
        0.01
      ],
      [
        53,
        0.005
      ],
      [
        54,
        0.015
      ],
      [
        55,
        0.0
      ],
      [
        56,
        0.005
      ],
      [
        57,
        0.0
      ],
      [
        58,
        0.01
      ],
      [
        59,
        0.005
      ],
      [
        60,
        0.01
      ]
    ],
    "ball_growth": {
      "comp_size": 148,
      "mean_ball": [
        1.0,
        5.425,
        11.05,
        16.125,
        21.875,
        26.6,
        30.85,
        35.025,
        38.725,
        42.525,
        46.4,
        49.775,
        53.4,
        57.275,
        61.075,
        64.85,
        68.925,
        73.775,
        78.15,
        82.625,
        87.4,
        92.175,
        96.275,
        100.725,
        106.5,
        112.95,
        120.1,
        127.325,
        134.35,
        140.975,
        147.15
      ],
      "r_max": 30,
      "samples": 40
    },
    "comp_size": 148,
    "ds_est": 0.8517010987264451,
    "ds_valid": false,
    "enabled": true,
    "fit_t_max": 60,
    "fit_t_min": 10,
    "mode": "full",
    "notes": "fit_invalid",
    "plateau_est": 0.0064285714285714285,
    "r2": 0.1795276297910472,
    "slope": -0.42585054936322253
  },
  "glue_state": {
    "cadence": {
      "field": "T",
      "mean": 1.0180674297880923,
      "var": 5.731567514496414e-31
    },
    "domains": {
      "counts": {
        "0": 8
      },
      "entropy": -1.000088900581841e-12
    },
    "phase": {
      "R": 1.0
    }
  },
  "hubshare": 0.0211864406779661,
  "islands": {
    "F_max": 0.125,
    "F_max_by_wstar": {
      "0.10": 1.0,
      "0.20": 0.875,
      "0.30": 0.125
    },
    "bundle_hist": {
      "1": 8
    },
    "bundle_hist_by_wstar": {
      "0.10": {
        "8": 1
      },
      "0.20": {
        "1": 1,
        "7": 1
      },
      "0.30": {
        "1": 8
      }
    },
    "bundle_sizes": [
      1,
      1,
      1,
      1,
      1,
      1,
      1,
      1
    ],
    "w_star": 0.3
  },
  "max_indegree": 10,
  "measure_epochs": 650,
  "n": 0.8,
  "run_id": "selftest_geometry__full__N8__n0.800__seed14",
  "seed": 14,
  "space_state": {
    "S_junc_w": 5.6505543737798085,
    "S_perc": 0.9736842105263158,
    "V_active_size": 152,
    "allow_cocreate_merge": false,
    "clustering": 0.045614878948212284,
    "domain_match": true,
    "enabled": true,
    "hubshare": 0.0211864406779661,
    "max_indegree": 10,
    "p_reuse_policy": "from_n",
    "p_reuse_value_last": 0.8
  },
  "steps_total": 800,
  "timeseries": {
    "enabled": false
  },
  "variant": "full"
}