{
  "L": 0.612933536133323,
  "L_inst": 0.8071111111111111,
  "N": 2,
  "Q_clock": 0.866818919633045,
  "S_junc_w": 0.0,
  "S_perc": 0.0,
  "anomaly_flags": {
    "runaway_hubbing": false,
    "star_collapse": false,
    "tierB_evaluated": false
  },
  "burn_in_epochs": 500,
  "clustering": null,
  "elapsed_seconds": 0.27526187896728516,
  "ell_lock": 90.53348257483279,
  "engine_mode": "v_glue",
  "glue_state": {
    "cadence": {
      "field": "T",
      "mean": 1.0357239402190128,
      "var": 4.437342591868191e-31
    },
    "domains": {
      "counts": {
        "0": 1,
        "3": 1
      },
      "entropy": 0.6931471805579453
    },
    "phase": {
      "R": 0.9999999999999999
    }
  },
  "hubshare": 0.0,
  "max_indegree": 0,
  "measure_epochs": 4500,
  "n": 0.0,
  "run_id": "vreg_C9_W100_N2N4N6N8_s90123_90138_vglue__full__N2__n0.000__seed90129",
  "seed": 90129,
  "steps_total": 5000,
  "variant": "full"
}