{
  "L": 0.04128304086166008,
  "L_inst": 0.7417777777777778,
  "N": 8,
  "Q_clock": 0.1167660725651247,
  "S_junc_w": 0.0,
  "S_perc": 0.0,
  "anomaly_flags": {
    "runaway_hubbing": false,
    "star_collapse": false,
    "tierB_evaluated": false
  },
  "burn_in_epochs": 500,
  "clustering": null,
  "elapsed_seconds": 0.3427572250366211,
  "ell_lock": 317.3594610602937,
  "engine_mode": "v_glue",
  "glue_state": {
    "cadence": {
      "field": "T",
      "mean": 0.9944076072593564,
      "var": 9.55261252416069e-32
    },
    "domains": {
      "counts": {
        "0": 2,
        "1": 2,
        "2": 2,
        "3": 2
      },
      "entropy": 1.3862943611158907
    },
    "phase": {
      "R": 1.0
    }
  },
  "hubshare": 0.0,
  "max_indegree": 0,
  "measure_epochs": 4500,
  "n": 0.0,
  "run_id": "vreg_C9_W100_N2N4N6N8_s90123_90138_vglue__full__N8__n0.000__seed90130",
  "seed": 90130,
  "steps_total": 5000,
  "variant": "full"
}