{
  "L": 0.8236363732473632,
  "L_inst": 0.8153333333333334,
  "N": 2,
  "Q_clock": 1.1647977295102097,
  "S_junc_w": 0.0,
  "S_perc": 0.0,
  "anomaly_flags": {
    "runaway_hubbing": false,
    "star_collapse": false,
    "tierB_evaluated": false
  },
  "burn_in_epochs": 500,
  "clustering": null,
  "elapsed_seconds": 0.2355492115020752,
  "ell_lock": 71.20007325220377,
  "engine_mode": "v_glue",
  "glue_state": {
    "cadence": {
      "field": "T",
      "mean": 1.1137922293779359,
      "var": 4.437342591868191e-31
    },
    "domains": {
      "counts": {
        "1": 2
      },
      "entropy": -1.000088900581841e-12
    },
    "phase": {
      "R": 1.0
    }
  },
  "hubshare": 0.0,
  "max_indegree": 0,
  "measure_epochs": 4500,
  "n": 0.0,
  "run_id": "vreg_C9_W100_N2N4N6N8_s90123_90138_vglue__full__N2__n0.000__seed90132",
  "seed": 90132,
  "steps_total": 5000,
  "variant": "full"
}