{
  "L": 0.3610657134488213,
  "L_inst": 0.7485555555555555,
  "N": 4,
  "Q_clock": 0.7221314268976426,
  "S_junc_w": 0.0,
  "S_perc": 0.0,
  "anomaly_flags": {
    "runaway_hubbing": false,
    "star_collapse": false,
    "tierB_evaluated": false
  },
  "burn_in_epochs": 500,
  "clustering": null,
  "elapsed_seconds": 0.3153698444366455,
  "ell_lock": 132.8246199248036,
  "engine_mode": "v_glue",
  "glue_state": {
    "cadence": {
      "field": "T",
      "mean": 0.9210150583382551,
      "var": 6.471124613141112e-32
    },
    "domains": {
      "counts": {
        "0": 1,
        "1": 1,
        "3": 2
      },
      "entropy": 1.039720770836918
    },
    "phase": {
      "R": 1.0
    }
  },
  "hubshare": 0.0,
  "max_indegree": 0,
  "measure_epochs": 4500,
  "n": 0.0,
  "run_id": "vreg_C9_W100_N2N4N6N8_s90123_90138_vglue__full__N4__n0.000__seed90137",
  "seed": 90137,
  "steps_total": 5000,
  "variant": "full"
}