{
  "L": 0.5139565622772498,
  "L_inst": 0.7762222222222223,
  "N": 2,
  "Q_clock": 0.726844340843139,
  "S_junc_w": 0.0,
  "S_perc": 0.0,
  "anomaly_flags": {
    "runaway_hubbing": false,
    "star_collapse": false,
    "tierB_evaluated": false
  },
  "burn_in_epochs": 500,
  "clustering": null,
  "elapsed_seconds": 0.27275824546813965,
  "ell_lock": 87.05182430425694,
  "engine_mode": "v_glue",
  "glue_state": {
    "cadence": {
      "field": "T",
      "mean": 0.9228977516557615,
      "var": 1.1093356479670479e-31
    },
    "domains": {
      "counts": {
        "1": 1,
        "2": 1
      },
      "entropy": 0.6931471805579453
    },
    "phase": {
      "R": 1.0
    }
  },
  "hubshare": 0.0,
  "max_indegree": 0,
  "measure_epochs": 4500,
  "n": 0.0,
  "run_id": "vreg_C9_W100_N2N4N6N8_s90123_90138_vglue__full__N2__n0.000__seed90127",
  "seed": 90127,
  "steps_total": 5000,
  "variant": "full"
}