{
  "L": 0.14805881522957384,
  "L_inst": 0.7772222222222223,
  "N": 8,
  "Q_clock": 0.41877356905311097,
  "S_junc_w": 0.0,
  "S_perc": 0.0,
  "anomaly_flags": {
    "runaway_hubbing": false,
    "star_collapse": false,
    "tierB_evaluated": false
  },
  "burn_in_epochs": 500,
  "clustering": null,
  "elapsed_seconds": 0.35166192054748535,
  "ell_lock": 285.7187443164975,
  "engine_mode": "v_glue",
  "glue_state": {
    "cadence": {
      "field": "T",
      "mean": 0.9333127058706165,
      "var": 1.1093356479670479e-31
    },
    "domains": {
      "counts": {
        "0": 2,
        "1": 2,
        "2": 1,
        "3": 3
      },
      "entropy": 1.3208883431453222
    },
    "phase": {
      "R": 0.9999999999999999
    }
  },
  "hubshare": 0.0,
  "max_indegree": 0,
  "measure_epochs": 4500,
  "n": 0.0,
  "run_id": "vreg_C9_W100_N2N4N6N8_s90123_90138_vglue__full__N8__n0.000__seed90131",
  "seed": 90131,
  "steps_total": 5000,
  "variant": "full"
}