{
  "L": 0.6301630749607612,
  "L_inst": 0.7783333333333333,
  "N": 8,
  "Q_clock": 1.7823703342324837,
  "S_junc_w": 0.0,
  "S_perc": 0.0,
  "anomaly_flags": {
    "runaway_hubbing": false,
    "star_collapse": false,
    "tierB_evaluated": false
  },
  "burn_in_epochs": 500,
  "clustering": null,
  "elapsed_seconds": 0.3610827922821045,
  "ell_lock": 87.59421737251945,
  "engine_mode": "v_glue",
  "glue_state": {
    "cadence": {
      "field": "T",
      "mean": 1.0023902672597031,
      "var": 3.512896218562318e-31
    },
    "domains": {
      "counts": {
        "0": 3,
        "1": 3,
        "2": 1,
        "3": 1
      },
      "entropy": 1.2554823251747536
    },
    "phase": {
      "R": 1.0
    }
  },
  "hubshare": 0.0,
  "max_indegree": 0,
  "measure_epochs": 4500,
  "n": 0.0,
  "run_id": "vreg_C9_W100_N2N4N6N8_s90123_90138_vglue__full__N8__n0.000__seed90135",
  "seed": 90135,
  "steps_total": 5000,
  "variant": "full"
}