{
  "L": 0.44701308500742337,
  "L_inst": 0.7897222222222222,
  "N": 8,
  "Q_clock": 1.2643439347514709,
  "S_junc_w": 0.0,
  "S_perc": 0.0,
  "anomaly_flags": {
    "runaway_hubbing": false,
    "star_collapse": false,
    "tierB_evaluated": false
  },
  "burn_in_epochs": 500,
  "clustering": null,
  "elapsed_seconds": 0.35485386848449707,
  "ell_lock": 140.84778190658287,
  "engine_mode": "v_glue",
  "glue_state": {
    "cadence": {
      "field": "T",
      "mean": 0.9880003960801214,
      "var": 1.1093356479670479e-31
    },
    "domains": {
      "counts": {
        "0": 3,
        "1": 2,
        "2": 2,
        "3": 1
      },
      "entropy": 1.320888343145322
    },
    "phase": {
      "R": 0.9999999999999999
    }
  },
  "hubshare": 0.0,
  "max_indegree": 0,
  "measure_epochs": 4500,
  "n": 0.0,
  "run_id": "vreg_C9_W100_N2N4N6N8_s90123_90138_vglue__full__N8__n0.000__seed90125",
  "seed": 90125,
  "steps_total": 5000,
  "variant": "full"
}