{
  "L": 0.5302089862975359,
  "L_inst": 0.7526666666666667,
  "N": 4,
  "Q_clock": 1.0604179725950718,
  "S_junc_w": 0.0,
  "S_perc": 0.0,
  "anomaly_flags": {
    "runaway_hubbing": false,
    "star_collapse": false,
    "tierB_evaluated": false
  },
  "burn_in_epochs": 500,
  "clustering": null,
  "elapsed_seconds": 0.3108229637145996,
  "ell_lock": 103.55839840025317,
  "engine_mode": "v_glue",
  "glue_state": {
    "cadence": {
      "field": "T",
      "mean": 1.0364674136352745,
      "var": 3.821045009664276e-31
    },
    "domains": {
      "counts": {
        "0": 1,
        "1": 2,
        "3": 1
      },
      "entropy": 1.039720770836918
    },
    "phase": {
      "R": 1.0
    }
  },
  "hubshare": 0.0,
  "max_indegree": 0,
  "measure_epochs": 4500,
  "n": 0.0,
  "run_id": "vreg_C9_W100_N2N4N6N8_s90123_90138_vglue__full__N4__n0.000__seed90123",
  "seed": 90123,
  "steps_total": 5000,
  "variant": "full"
}