{
  "L": 0.5641362548383129,
  "L_inst": 0.7317037037037037,
  "N": 6,
  "Q_clock": 1.3818459697585643,
  "S_junc_w": 0.0,
  "S_perc": 0.0,
  "anomaly_flags": {
    "runaway_hubbing": false,
    "star_collapse": false,
    "tierB_evaluated": false
  },
  "burn_in_epochs": 500,
  "clustering": null,
  "elapsed_seconds": 0.3055448532104492,
  "ell_lock": 103.1553336065082,
  "engine_mode": "v_glue",
  "glue_state": {
    "cadence": {
      "field": "T",
      "mean": 0.9598723983919318,
      "var": 9.039031205657427e-32
    },
    "domains": {
      "counts": {
        "1": 2,
        "2": 2,
        "3": 2
      },
      "entropy": 1.0986122886651097
    },
    "phase": {
      "R": 1.0
    }
  },
  "hubshare": 0.0,
  "max_indegree": 0,
  "measure_epochs": 4500,
  "n": 0.0,
  "run_id": "vreg_C9_W100_N2N4N6N8_s90123_90138_vglue__full__N6__n0.000__seed90128",
  "seed": 90128,
  "steps_total": 5000,
  "variant": "full"
}