{
  "L": 0.3021428886830602,
  "L_inst": 0.7963888888888889,
  "N": 8,
  "Q_clock": 0.8545891419003363,
  "S_junc_w": 0.0,
  "S_perc": 0.0,
  "anomaly_flags": {
    "runaway_hubbing": false,
    "star_collapse": false,
    "tierB_evaluated": false
  },
  "burn_in_epochs": 500,
  "clustering": null,
  "elapsed_seconds": 0.35834693908691406,
  "ell_lock": 239.22033378241412,
  "engine_mode": "v_glue",
  "glue_state": {
    "cadence": {
      "field": "T",
      "mean": 1.018613130521717,
      "var": 2.8965986363584027e-31
    },
    "domains": {
      "counts": {
        "0": 1,
        "1": 3,
        "2": 1,
        "3": 3
      },
      "entropy": 1.2554823251747536
    },
    "phase": {
      "R": 0.9999999999999999
    }
  },
  "hubshare": 0.0,
  "max_indegree": 0,
  "measure_epochs": 4500,
  "n": 0.0,
  "run_id": "vreg_C9_W100_N2N4N6N8_s90123_90138_vglue__full__N8__n0.000__seed90127",
  "seed": 90127,
  "steps_total": 5000,
  "variant": "full"
}