{
  "L": 0.4324907008935819,
  "L_inst": 0.8077777777777778,
  "N": 8,
  "Q_clock": 1.2232684296078984,
  "S_junc_w": 0.0,
  "S_perc": 0.0,
  "anomaly_flags": {
    "runaway_hubbing": false,
    "star_collapse": false,
    "tierB_evaluated": false
  },
  "burn_in_epochs": 500,
  "clustering": null,
  "elapsed_seconds": 0.31437206268310547,
  "ell_lock": 143.11352115519134,
  "engine_mode": "v_glue",
  "glue_state": {
    "cadence": {
      "field": "T",
      "mean": 1.1153104763162949,
      "var": 4.437342591868191e-31
    },
    "domains": {
      "counts": {
        "0": 2,
        "1": 4,
        "2": 2
      },
      "entropy": 1.039720770836918
    },
    "phase": {
      "R": 1.0
    }
  },
  "hubshare": 0.0,
  "max_indegree": 0,
  "measure_epochs": 4500,
  "n": 0.0,
  "run_id": "vreg_C9_W100_N2N4N6N8_s90123_90138_vglue__full__N8__n0.000__seed90134",
  "seed": 90134,
  "steps_total": 5000,
  "variant": "full"
}