{
  "L": 0.449541287968214,
  "L_inst": 0.78,
  "N": 6,
  "Q_clock": 1.101146773835679,
  "S_junc_w": 0.0,
  "S_perc": 0.0,
  "anomaly_flags": {
    "runaway_hubbing": false,
    "star_collapse": false,
    "tierB_evaluated": false
  },
  "burn_in_epochs": 500,
  "clustering": null,
  "elapsed_seconds": 0.31610989570617676,
  "ell_lock": 160.1224904951759,
  "engine_mode": "v_glue",
  "glue_state": {
    "cadence": {
      "field": "T",
      "mean": 0.8249296373821151,
      "var": 9.039031205657427e-32
    },
    "domains": {
      "counts": {
        "0": 2,
        "1": 1,
        "2": 3
      },
      "entropy": 1.0114042647043517
    },
    "phase": {
      "R": 1.0
    }
  },
  "hubshare": 0.0,
  "max_indegree": 0,
  "measure_epochs": 4500,
  "n": 0.0,
  "run_id": "vreg_C9_W100_N2N4N6N8_s90123_90138_vglue__full__N6__n0.000__seed90131",
  "seed": 90131,
  "steps_total": 5000,
  "variant": "full"
}