{
  "L": 0.687869639998365,
  "L_inst": 0.7628888888888888,
  "N": 4,
  "Q_clock": 1.37573927999673,
  "S_junc_w": 0.0,
  "S_perc": 0.0,
  "anomaly_flags": {
    "runaway_hubbing": false,
    "star_collapse": false,
    "tierB_evaluated": false
  },
  "burn_in_epochs": 500,
  "clustering": null,
  "elapsed_seconds": 0.30965399742126465,
  "ell_lock": 85.28701200917018,
  "engine_mode": "v_glue",
  "glue_state": {
    "cadence": {
      "field": "T",
      "mean": 0.991293655539947,
      "var": 1.1093356479670479e-31
    },
    "domains": {
      "counts": {
        "0": 1,
        "2": 1,
        "3": 2
      },
      "entropy": 1.039720770836918
    },
    "phase": {
      "R": 1.0
    }
  },
  "hubshare": 0.0,
  "max_indegree": 0,
  "measure_epochs": 4500,
  "n": 0.0,
  "run_id": "vreg_C9_W100_N2N4N6N8_s90123_90138_vglue__full__N4__n0.000__seed90126",
  "seed": 90126,
  "steps_total": 5000,
  "variant": "full"
}