{
  "L": 0.6495291131220824,
  "L_inst": 0.7198518518518519,
  "N": 6,
  "Q_clock": 1.5910149002315952,
  "S_junc_w": 0.0,
  "S_perc": 0.0,
  "anomaly_flags": {
    "runaway_hubbing": false,
    "star_collapse": false,
    "tierB_evaluated": false
  },
  "burn_in_epochs": 500,
  "clustering": null,
  "elapsed_seconds": 0.34859490394592285,
  "ell_lock": 76.15142123871088,
  "engine_mode": "v_glue",
  "glue_state": {
    "cadence": {
      "field": "T",
      "mean": 0.9682073259321234,
      "var": 6.984705931644376e-32
    },
    "domains": {
      "counts": {
        "0": 2,
        "1": 2,
        "2": 1,
        "3": 1
      },
      "entropy": 1.3296613488507583
    },
    "phase": {
      "R": 0.9999999999999999
    }
  },
  "hubshare": 0.0,
  "max_indegree": 0,
  "measure_epochs": 4500,
  "n": 0.0,
  "run_id": "vreg_C9_W100_N2N4N6N8_s90123_90138_vglue__full__N6__n0.000__seed90126",
  "seed": 90126,
  "steps_total": 5000,
  "variant": "full"
}