{
  "L": 0.17756281656839126,
  "L_inst": 0.749,
  "N": 4,
  "Q_clock": 0.3551256331367825,
  "S_junc_w": 0.0,
  "S_perc": 0.0,
  "anomaly_flags": {
    "runaway_hubbing": false,
    "star_collapse": false,
    "tierB_evaluated": false
  },
  "burn_in_epochs": 500,
  "clustering": null,
  "elapsed_seconds": 0.31348490715026855,
  "ell_lock": 119.1979908350019,
  "engine_mode": "v_glue",
  "glue_state": {
    "cadence": {
      "field": "T",
      "mean": 0.9200153946577384,
      "var": 6.471124613141112e-32
    },
    "domains": {
      "counts": {
        "0": 2,
        "1": 1,
        "3": 1
      },
      "entropy": 1.039720770836918
    },
    "phase": {
      "R": 1.0000000000000002
    }
  },
  "hubshare": 0.0,
  "max_indegree": 0,
  "measure_epochs": 4500,
  "n": 0.0,
  "run_id": "vreg_C9_W100_N2N4N6N8_s90123_90138_vglue__full__N4__n0.000__seed90135",
  "seed": 90135,
  "steps_total": 5000,
  "variant": "full"
}