{
  "L": 0.5180264093540705,
  "L_inst": 0.7741111111111111,
  "N": 8,
  "Q_clock": 1.4651999475519266,
  "S_junc_w": 0.0,
  "S_perc": 0.0,
  "anomaly_flags": {
    "runaway_hubbing": false,
    "star_collapse": false,
    "tierB_evaluated": false
  },
  "burn_in_epochs": 500,
  "clustering": null,
  "elapsed_seconds": 0.3548552989959717,
  "ell_lock": 117.88499645781935,
  "engine_mode": "v_glue",
  "glue_state": {
    "cadence": {
      "field": "T",
      "mean": 0.9151869958929284,
      "var": 5.39260384428426e-32
    },
    "domains": {
      "counts": {
        "0": 3,
        "1": 2,
        "2": 1,
        "3": 2
      },
      "entropy": 1.320888343145322
    },
    "phase": {
      "R": 1.0
    }
  },
  "hubshare": 0.0,
  "max_indegree": 0,
  "measure_epochs": 4500,
  "n": 0.0,
  "run_id": "vreg_C9_W100_N2N4N6N8_s90123_90138_vglue__full__N8__n0.000__seed90138",
  "seed": 90138,
  "steps_total": 5000,
  "variant": "full"
}