{
  "L": 0.31140704603851727,
  "L_inst": 0.7846666666666666,
  "N": 8,
  "Q_clock": 0.8807921358524279,
  "S_junc_w": 0.0,
  "S_perc": 0.0,
  "anomaly_flags": {
    "runaway_hubbing": false,
    "star_collapse": false,
    "tierB_evaluated": false
  },
  "burn_in_epochs": 500,
  "clustering": null,
  "elapsed_seconds": 0.3183250427246094,
  "ell_lock": 256.93808836813565,
  "engine_mode": "v_glue",
  "glue_state": {
    "cadence": {
      "field": "T",
      "mean": 0.9682334967153235,
      "var": 8.011868568650901e-32
    },
    "domains": {
      "counts": {
        "0": 3,
        "1": 2,
        "3": 3
      },
      "entropy": 1.0821955300357673
    },
    "phase": {
      "R": 1.0
    }
  },
  "hubshare": 0.0,
  "max_indegree": 0,
  "measure_epochs": 4500,
  "n": 0.0,
  "run_id": "vreg_C9_W100_N2N4N6N8_s90123_90138_vglue__full__N8__n0.000__seed90132",
  "seed": 90132,
  "steps_total": 5000,
  "variant": "full"
}