{
  "L": 0.47553668438357927,
  "L_inst": 0.7536666666666667,
  "N": 4,
  "Q_clock": 0.9510733687671585,
  "S_junc_w": 0.0,
  "S_perc": 0.0,
  "anomaly_flags": {
    "runaway_hubbing": false,
    "star_collapse": false,
    "tierB_evaluated": false
  },
  "burn_in_epochs": 500,
  "clustering": null,
  "elapsed_seconds": 0.31698107719421387,
  "ell_lock": 80.34698684340279,
  "engine_mode": "v_glue",
  "glue_state": {
    "cadence": {
      "field": "T",
      "mean": 1.0052696598725643,
      "var": 3.821045009664276e-31
    },
    "domains": {
      "counts": {
        "0": 2,
        "1": 1,
        "2": 1
      },
      "entropy": 1.039720770836918
    },
    "phase": {
      "R": 1.0
    }
  },
  "hubshare": 0.0,
  "max_indegree": 0,
  "measure_epochs": 4500,
  "n": 0.0,
  "run_id": "vreg_C9_W100_N2N4N6N8_s90123_90138_vglue__full__N4__n0.000__seed90138",
  "seed": 90138,
  "steps_total": 5000,
  "variant": "full"
}