{
  "L": 0.8758090547364724,
  "L_inst": 0.7298888888888889,
  "N": 8,
  "Q_clock": 2.4771620865149595,
  "S_junc_w": 1.5627754244244099,
  "S_perc": 0.9212121212121213,
  "anomaly_flags": {
    "runaway_hubbing": false,
    "star_collapse": false,
    "tierB_evaluated": false
  },
  "burn_in_epochs": 500,
  "clustering": 0.012829094154395359,
  "elapsed_seconds": 1.1960837841033936,
  "ell_lock": 58.57173429483398,
  "engine_mode": "v_glue",
  "geometry": {
    "P0_downsample": [
      [
        0,
        1.0
      ],
      [
        1,
        0.0
      ],
      [
        2,
        0.375
      ],
      [
        3,
        0.0
      ],
      [
        4,
        0.135
      ],
      [
        5,
        0.0
      ],
      [
        6,
        0.135
      ],
      [
        7,
        0.0
      ],
      [
        8,
        0.075
      ],
      [
        9,
        0.0
      ],
      [
        10,
        0.065
      ],
      [
        11,
        0.0
      ],
      [
        12,
        0.035
      ],
      [
        13,
        0.0
      ],
      [
        14,
        0.045
      ],
      [
        15,
        0.0
      ],
      [
        16,
        0.035
      ],
      [
        17,
        0.01
      ],
      [
        18,
        0.025
      ],
      [
        19,
        0.005
      ],
      [
        20,
        0.02
      ],
      [
        21,
        0.01
      ],
      [
        22,
        0.015
      ],
      [
        23,
        0.005
      ],
      [
        24,
        0.015
      ],
      [
        25,
        0.0
      ],
      [
        26,
        0.025
      ],
      [
        27,
        0.0
      ],
      [
        28,
        0.015
      ],
      [
        29,
        0.0
      ],
      [
        30,
        0.02
      ],
      [
        31,
        0.005
      ],
      [
        32,
        0.01
      ],
      [
        33,
        0.005
      ],
      [
        34,
        0.015
      ],
      [
        35,
        0.0
      ],
      [
        36,
        0.02
      ],
      [
        37,
        0.0
      ],
      [
        38,
        0.005
      ],
      [
        39,
        0.0
      ],
      [
        40,
        0.01
      ],
      [
        41,
        0.0
      ],
      [
        42,
        0.02
      ],
      [
        43,
        0.0
      ],
      [
        44,
        0.01
      ],
      [
        45,
        0.0
      ],
      [
        46,
        0.01
      ],
      [
        47,
        0.0
      ],
      [
        48,
        0.015
      ],
      [
        49,
        0.0
      ],
      [
        50,
        0.01
      ],
      [
        51,
        0.0
      ],
      [
        52,
        0.0
      ],
      [
        53,
        0.0
      ],
      [
        54,
        0.0
      ],
      [
        55,
        0.0
      ],
      [
        56,
        0.015
      ],
      [
        57,
        0.0
      ],
      [
        58,
        0.015
      ],
      [
        59,
        0.0
      ],
      [
        60,
        0.01
      ]
    ],
    "ball_growth": {
      "comp_size": 304,
      "mean_ball": [
        1.0,
        3.5,
        7.8,
        12.566666666666666,
        17.333333333333332,
        22.9,
        28.7,
        34.833333333333336,
        39.766666666666666,
        44.6,
        49.333333333333336,
        54.4,
        59.766666666666666,
        65.93333333333334,
        72.76666666666667,
        79.9,
        87.9,
        96.23333333333333,
        105.23333333333333,
        115.03333333333333,
        126.7,
        140.13333333333333,
        156.96666666666667,
        180.23333333333332,
        215.66666666666666,
        268.26666666666665
      ],
      "r_max": 25,
      "samples": 30
    },
    "comp_size": 304,
    "ds_est": 0.1222419694985099,
    "ds_valid": false,
    "enabled": true,
    "fit_t_max": 60,
    "fit_t_min": 20,
    "notes": "fit_invalid",
    "plateau_est": 0.005714285714285714,
    "r2": 0.001770839346448616,
    "slope": -0.06112098474925495
  },
  "glue_state": {
    "cadence": {
      "field": "T",
      "mean": 1.0755140773955452,
      "var": 4.437342591868191e-31
    },
    "domains": {
      "counts": {
        "0": 8
      },
      "entropy": -1.000088900581841e-12
    },
    "phase": {
      "R": 1.0
    }
  },
  "hubshare": 0.010416666666666666,
  "islands": {
    "F_max": 0.125,
    "F_max_by_wstar": {
      "0.10": 0.375,
      "0.20": 0.125,
      "0.30": 0.125
    },
    "bundle_hist": {
      "1": 8
    },
    "bundle_hist_by_wstar": {
      "0.10": {
        "1": 3,
        "2": 1,
        "3": 1
      },
      "0.20": {
        "1": 8
      },
      "0.30": {
        "1": 8
      }
    },
    "bundle_sizes": [
      1,
      1,
      1,
      1,
      1,
      1,
      1,
      1
    ],
    "w_star": 0.3
  },
  "max_indegree": 6,
  "measure_epochs": 4500,
  "n": 0.6,
  "run_id": "geometry_diagnosis_C5_W100_N8_n0p6_seed56796__full__N8__n0.600__seed56796",
  "seed": 56796,
  "space_state": {
    "S_junc_w": 1.5627754244244099,
    "S_perc": 0.9212121212121213,
    "V_active_size": 330,
    "allow_cocreate_merge": false,
    "clustering": 0.012829094154395359,
    "domain_match": true,
    "enabled": true,
    "hubshare": 0.010416666666666666,
    "max_indegree": 6,
    "p_reuse_policy": "from_n",
    "p_reuse_value_last": 0.6
  },
  "steps_total": 5000,
  "variant": "full"
}