{
  "L": 0.5622519341437798,
  "N": 32,
  "Q_clock": 3.1805772429465513,
  "S_junc_w": 21.271444701763873,
  "S_perc": 0.9962073324905183,
  "anomaly_flags": {
    "runaway_hubbing": false,
    "star_collapse": false,
    "tierB_evaluated": false
  },
  "beta_junc": 1.5,
  "burn_in_epochs": 1000,
  "clustering": 0.15670664371712092,
  "elapsed_seconds": 4.894761800765991,
  "ell_lock": 6,
  "hubshare": 0.003989527490337863,
  "max_indegree": 32,
  "measure_epochs": 4000,
  "n": 1.0,
  "run_id": "quickcheck_full_v0_1_patch1__full__N32__n1.000__seed1",
  "seed": 1,
  "steps_total": 5000,
  "variant": "full"
}