{
  "L": 0.2486490076574685,
  "L_inst": 0.7316111111111111,
  "N": 8,
  "Q_clock": 0.7032855977996071,
  "S_junc_w": 4.565725489007421,
  "S_perc": 0.9776536312849162,
  "anomaly_flags": {
    "runaway_hubbing": false,
    "star_collapse": false,
    "tierB_evaluated": false
  },
  "burn_in_epochs": 500,
  "clustering": 0.016739126987574193,
  "elapsed_seconds": 0.8337037563323975,
  "ell_lock": 204.16682609597643,
  "engine_mode": "v_glue",
  "glue_state": {
    "cadence": {
      "field": "T",
      "mean": 1.0376106512929204,
      "var": 4.437342591868191e-31
    },
    "domains": {
      "counts": {
        "0": 8
      },
      "entropy": -1.000088900581841e-12
    },
    "phase": {
      "R": 1.0000000000000002
    }
  },
  "hubshare": 0.01818181818181818,
  "islands": {
    "F_max": 0.5,
    "bundle_hist": {
      "1": 2,
      "2": 1,
      "4": 1
    },
    "bundle_sizes": [
      4,
      2,
      1,
      1
    ],
    "w_star": 0.2
  },
  "max_indegree": 9,
  "measure_epochs": 4500,
  "n": 0.0,
  "run_id": "pathA_C5_W100_N8_p0p80_w0p20_s56791_56798__full__N8__n0.000__seed56798",
  "seed": 56798,
  "space_state": {
    "S_junc_w": 4.565725489007421,
    "S_perc": 0.9776536312849162,
    "V_active_size": 179,
    "allow_cocreate_merge": false,
    "clustering": 0.016739126987574193,
    "domain_match": true,
    "enabled": true,
    "hubshare": 0.01818181818181818,
    "max_indegree": 9,
    "p_reuse_policy": "fixed",
    "p_reuse_value_last": 0.8
  },
  "steps_total": 5000,
  "variant": "full"
}