{
  "L": 0.3205611400277411,
  "L_inst": 0.734,
  "N": 8,
  "Q_clock": 0.9066838235940247,
  "S_junc_w": 4.4736066676028186,
  "S_perc": 0.9615384615384616,
  "anomaly_flags": {
    "runaway_hubbing": false,
    "star_collapse": false,
    "tierB_evaluated": false
  },
  "burn_in_epochs": 500,
  "clustering": 0.02123453146180419,
  "elapsed_seconds": 0.8417432308197021,
  "ell_lock": 179.65339672329372,
  "engine_mode": "v_glue",
  "glue_state": {
    "cadence": {
      "field": "T",
      "mean": 0.9677371514532194,
      "var": 1.1093356479670479e-31
    },
    "domains": {
      "counts": {
        "0": 8
      },
      "entropy": -1.000088900581841e-12
    },
    "phase": {
      "R": 1.0
    }
  },
  "hubshare": 0.018518518518518517,
  "islands": {
    "F_max": 0.375,
    "bundle_hist": {
      "1": 3,
      "2": 1,
      "3": 1
    },
    "bundle_sizes": [
      3,
      2,
      1,
      1,
      1
    ],
    "w_star": 0.2
  },
  "max_indegree": 8,
  "measure_epochs": 4500,
  "n": 0.0,
  "run_id": "pathA_C5_W100_N8_p0p80_w0p20_s56791_56798__full__N8__n0.000__seed56794",
  "seed": 56794,
  "space_state": {
    "S_junc_w": 4.4736066676028186,
    "S_perc": 0.9615384615384616,
    "V_active_size": 156,
    "allow_cocreate_merge": false,
    "clustering": 0.02123453146180419,
    "domain_match": true,
    "enabled": true,
    "hubshare": 0.018518518518518517,
    "max_indegree": 8,
    "p_reuse_policy": "fixed",
    "p_reuse_value_last": 0.8
  },
  "steps_total": 5000,
  "variant": "full"
}