{
  "L": 1.0241879118771262,
  "L_inst": 0.7627222222222222,
  "N": 8,
  "Q_clock": 2.8968408707904243,
  "S_junc_w": 5.787840935959384,
  "S_perc": 0.9629629629629629,
  "anomaly_flags": {
    "runaway_hubbing": false,
    "star_collapse": false,
    "tierB_evaluated": false
  },
  "burn_in_epochs": 500,
  "clustering": 0.03969034073929179,
  "elapsed_seconds": 0.8357160091400146,
  "ell_lock": 54.49298296962382,
  "engine_mode": "v_glue",
  "glue_state": {
    "cadence": {
      "field": "T",
      "mean": 1.1169956016306322,
      "var": 2.157041537713704e-31
    },
    "domains": {
      "counts": {
        "0": 8
      },
      "entropy": -1.000088900581841e-12
    },
    "phase": {
      "R": 1.0
    }
  },
  "hubshare": 0.017543859649122806,
  "islands": {
    "F_max": 0.75,
    "bundle_hist": {
      "2": 1,
      "6": 1
    },
    "bundle_sizes": [
      6,
      2
    ],
    "w_star": 0.2
  },
  "max_indegree": 9,
  "measure_epochs": 4500,
  "n": 0.0,
  "run_id": "pathA_C5_W100_N8_p0p80_w0p20_s56791_56798__full__N8__n0.000__seed56792",
  "seed": 56792,
  "space_state": {
    "S_junc_w": 5.787840935959384,
    "S_perc": 0.9629629629629629,
    "V_active_size": 162,
    "allow_cocreate_merge": false,
    "clustering": 0.03969034073929179,
    "domain_match": true,
    "enabled": true,
    "hubshare": 0.017543859649122806,
    "max_indegree": 9,
    "p_reuse_policy": "fixed",
    "p_reuse_value_last": 0.8
  },
  "steps_total": 5000,
  "variant": "full"
}