{
  "L": 1.213289043671992,
  "L_inst": 0.7815555555555556,
  "N": 8,
  "Q_clock": 3.4316996412792276,
  "S_junc_w": 4.441075341409838,
  "S_perc": 0.9553072625698324,
  "anomaly_flags": {
    "runaway_hubbing": false,
    "star_collapse": false,
    "tierB_evaluated": false
  },
  "burn_in_epochs": 500,
  "clustering": 0.0316410031599905,
  "elapsed_seconds": 0.8436229228973389,
  "ell_lock": 49.265082474034415,
  "engine_mode": "v_glue",
  "glue_state": {
    "cadence": {
      "field": "T",
      "mean": 1.1309628176353992,
      "var": 2.6500796034768365e-31
    },
    "domains": {
      "counts": {
        "0": 8
      },
      "entropy": -1.000088900581841e-12
    },
    "phase": {
      "R": 1.0
    }
  },
  "hubshare": 0.020366598778004074,
  "islands": {
    "F_max": 0.125,
    "bundle_hist": {
      "1": 8
    },
    "bundle_sizes": [
      1,
      1,
      1,
      1,
      1,
      1,
      1,
      1
    ],
    "w_star": 0.2
  },
  "max_indegree": 10,
  "measure_epochs": 4500,
  "n": 0.0,
  "run_id": "pathA_C5_W100_N8_p0p80_w0p20_s56791_56798__full__N8__n0.000__seed56793",
  "seed": 56793,
  "space_state": {
    "S_junc_w": 4.441075341409838,
    "S_perc": 0.9553072625698324,
    "V_active_size": 179,
    "allow_cocreate_merge": false,
    "clustering": 0.0316410031599905,
    "domain_match": true,
    "enabled": true,
    "hubshare": 0.020366598778004074,
    "max_indegree": 10,
    "p_reuse_policy": "fixed",
    "p_reuse_value_last": 0.8
  },
  "steps_total": 5000,
  "variant": "full"
}