{
  "L": 0.003419386555892937,
  "L_inst": 0.2693888888888889,
  "N": 8,
  "Q_clock": 0.009671485684680039,
  "S_junc_w": 1.506337160938124,
  "S_perc": 0.9047619047619048,
  "anomaly_flags": {
    "runaway_hubbing": false,
    "star_collapse": false,
    "tierB_evaluated": false
  },
  "burn_in_epochs": 500,
  "clustering": 0.02062862181909801,
  "elapsed_seconds": 1.1710100173950195,
  "ell_lock": 18.875802477606925,
  "engine_mode": "v_glue",
  "glue_state": {
    "cadence": {
      "field": "T",
      "mean": 0.9717293545333604,
      "var": 0.031136468303811247
    },
    "domains": {
      "counts": {
        "0": 8
      },
      "entropy": -1.000088900581841e-12
    },
    "phase": {
      "R": 0.42871985492654313
    }
  },
  "hubshare": 0.010398613518197574,
  "islands": {
    "F_max": 0.125,
    "F_max_by_wstar": {
      "0.10": 0.375,
      "0.20": 0.125,
      "0.30": 0.125
    },
    "bundle_hist": {
      "1": 8
    },
    "bundle_hist_by_wstar": {
      "0.10": {
        "1": 5,
        "3": 1
      },
      "0.20": {
        "1": 8
      },
      "0.30": {
        "1": 8
      }
    },
    "bundle_sizes": [
      1,
      1,
      1,
      1,
      1,
      1,
      1,
      1
    ],
    "w_star": 0.3
  },
  "max_indegree": 6,
  "measure_epochs": 4500,
  "n": 0.6,
  "run_id": "pathA_scan_C5_W100_N8_s56791_56798_glueoff__full__N8__n0.600__seed56795",
  "seed": 56795,
  "space_state": {
    "S_junc_w": 1.506337160938124,
    "S_perc": 0.9047619047619048,
    "V_active_size": 336,
    "allow_cocreate_merge": false,
    "clustering": 0.02062862181909801,
    "domain_match": true,
    "enabled": true,
    "hubshare": 0.010398613518197574,
    "max_indegree": 6,
    "p_reuse_policy": "from_n",
    "p_reuse_value_last": 0.6
  },
  "steps_total": 5000,
  "variant": "full"
}