{
  "L": 0.00340955273829486,
  "L_inst": 0.2772222222222222,
  "N": 8,
  "Q_clock": 0.00964367144824583,
  "S_junc_w": 0.4703877511025436,
  "S_perc": 0.8838174273858921,
  "anomaly_flags": {
    "runaway_hubbing": false,
    "star_collapse": false,
    "tierB_evaluated": false
  },
  "burn_in_epochs": 500,
  "clustering": 0.0,
  "elapsed_seconds": 1.4412450790405273,
  "ell_lock": 19.301923835415163,
  "engine_mode": "v_glue",
  "glue_state": {
    "cadence": {
      "field": "T",
      "mean": 1.0376106512929206,
      "var": 0.11461724262623393
    },
    "domains": {
      "counts": {
        "0": 8
      },
      "entropy": -1.000088900581841e-12
    },
    "phase": {
      "R": 0.15748888899749638
    }
  },
  "hubshare": 0.00631911532385466,
  "islands": {
    "F_max": 0.125,
    "F_max_by_wstar": {
      "0.10": 0.125,
      "0.20": 0.125,
      "0.30": 0.125
    },
    "bundle_hist": {
      "1": 8
    },
    "bundle_hist_by_wstar": {
      "0.10": {
        "1": 8
      },
      "0.20": {
        "1": 8
      },
      "0.30": {
        "1": 8
      }
    },
    "bundle_sizes": [
      1,
      1,
      1,
      1,
      1,
      1,
      1,
      1
    ],
    "w_star": 0.3
  },
  "max_indegree": 4,
  "measure_epochs": 4500,
  "n": 0.4,
  "run_id": "pathA_scan_C5_W100_N8_s56791_56798_glueoff__full__N8__n0.400__seed56798",
  "seed": 56798,
  "space_state": {
    "S_junc_w": 0.4703877511025436,
    "S_perc": 0.8838174273858921,
    "V_active_size": 482,
    "allow_cocreate_merge": false,
    "clustering": 0.0,
    "domain_match": true,
    "enabled": true,
    "hubshare": 0.00631911532385466,
    "max_indegree": 4,
    "p_reuse_policy": "from_n",
    "p_reuse_value_last": 0.4
  },
  "steps_total": 5000,
  "variant": "full"
}