{
  "L": 0.012679234307789247,
  "L_inst": 0.27105555555555555,
  "N": 8,
  "Q_clock": 0.03586229023716359,
  "S_junc_w": 1.495787264136671,
  "S_perc": 0.9388379204892966,
  "anomaly_flags": {
    "runaway_hubbing": false,
    "star_collapse": false,
    "tierB_evaluated": false
  },
  "burn_in_epochs": 500,
  "clustering": 0.0023414628352899955,
  "elapsed_seconds": 1.180783987045288,
  "ell_lock": 19.74466592588287,
  "engine_mode": "v_glue",
  "glue_state": {
    "cadence": {
      "field": "T",
      "mean": 1.0131209169347293,
      "var": 0.05625776036386804
    },
    "domains": {
      "counts": {
        "0": 8
      },
      "entropy": -1.000088900581841e-12
    },
    "phase": {
      "R": 0.49411462130825684
    }
  },
  "hubshare": 0.010676156583629894,
  "islands": {
    "F_max": 0.125,
    "F_max_by_wstar": {
      "0.10": 0.25,
      "0.20": 0.125,
      "0.30": 0.125
    },
    "bundle_hist": {
      "1": 8
    },
    "bundle_hist_by_wstar": {
      "0.10": {
        "1": 4,
        "2": 2
      },
      "0.20": {
        "1": 8
      },
      "0.30": {
        "1": 8
      }
    },
    "bundle_sizes": [
      1,
      1,
      1,
      1,
      1,
      1,
      1,
      1
    ],
    "w_star": 0.3
  },
  "max_indegree": 6,
  "measure_epochs": 4500,
  "n": 0.6,
  "run_id": "pathA_scan_C5_W100_N8_s56791_56798_glueoff__full__N8__n0.600__seed56797",
  "seed": 56797,
  "space_state": {
    "S_junc_w": 1.495787264136671,
    "S_perc": 0.9388379204892966,
    "V_active_size": 327,
    "allow_cocreate_merge": false,
    "clustering": 0.0023414628352899955,
    "domain_match": true,
    "enabled": true,
    "hubshare": 0.010676156583629894,
    "max_indegree": 6,
    "p_reuse_policy": "from_n",
    "p_reuse_value_last": 0.6
  },
  "steps_total": 5000,
  "variant": "full"
}