{
  "L": 0.005121901487287027,
  "L_inst": 0.27144444444444443,
  "N": 8,
  "Q_clock": 0.01448692509692048,
  "S_junc_w": 4.634069717635089,
  "S_perc": 0.9710982658959537,
  "anomaly_flags": {
    "runaway_hubbing": false,
    "star_collapse": false,
    "tierB_evaluated": false
  },
  "burn_in_epochs": 500,
  "clustering": 0.03592391092391092,
  "elapsed_seconds": 0.7989590167999268,
  "ell_lock": 19.198203551417556,
  "engine_mode": "v_glue",
  "glue_state": {
    "cadence": {
      "field": "T",
      "mean": 1.0376106512929206,
      "var": 0.11461724262623393
    },
    "domains": {
      "counts": {
        "0": 8
      },
      "entropy": -1.000088900581841e-12
    },
    "phase": {
      "R": 0.15748888899749638
    }
  },
  "hubshare": 0.01642710472279261,
  "islands": {
    "F_max": 0.125,
    "F_max_by_wstar": {
      "0.10": 1.0,
      "0.20": 0.5,
      "0.30": 0.125
    },
    "bundle_hist": {
      "1": 8
    },
    "bundle_hist_by_wstar": {
      "0.10": {
        "8": 1
      },
      "0.20": {
        "1": 2,
        "2": 1,
        "4": 1
      },
      "0.30": {
        "1": 8
      }
    },
    "bundle_sizes": [
      1,
      1,
      1,
      1,
      1,
      1,
      1,
      1
    ],
    "w_star": 0.3
  },
  "max_indegree": 8,
  "measure_epochs": 4500,
  "n": 0.8,
  "run_id": "pathA_scan_C5_W100_N8_s56791_56798_glueoff__full__N8__n0.800__seed56798",
  "seed": 56798,
  "space_state": {
    "S_junc_w": 4.634069717635089,
    "S_perc": 0.9710982658959537,
    "V_active_size": 173,
    "allow_cocreate_merge": false,
    "clustering": 0.03592391092391092,
    "domain_match": true,
    "enabled": true,
    "hubshare": 0.01642710472279261,
    "max_indegree": 8,
    "p_reuse_policy": "from_n",
    "p_reuse_value_last": 0.8
  },
  "steps_total": 5000,
  "variant": "full"
}