{
  "L": 0.0011573867774335963,
  "L_inst": 0.2758333333333333,
  "N": 8,
  "Q_clock": 0.0032735841551157657,
  "S_junc_w": 4.726464438595605,
  "S_perc": 0.9832402234636871,
  "anomaly_flags": {
    "runaway_hubbing": false,
    "star_collapse": false,
    "tierB_evaluated": false
  },
  "burn_in_epochs": 500,
  "clustering": 0.020390412057078724,
  "elapsed_seconds": 0.7779738903045654,
  "ell_lock": 19.26347984366955,
  "engine_mode": "v_glue",
  "glue_state": {
    "cadence": {
      "field": "T",
      "mean": 0.9853819892148048,
      "var": 0.04734420519098688
    },
    "domains": {
      "counts": {
        "0": 8
      },
      "entropy": -1.000088900581841e-12
    },
    "phase": {
      "R": 0.13067849371742515
    }
  },
  "hubshare": 0.01744186046511628,
  "islands": {
    "F_max": 0.125,
    "F_max_by_wstar": {
      "0.10": 1.0,
      "0.20": 0.375,
      "0.30": 0.125
    },
    "bundle_hist": {
      "1": 8
    },
    "bundle_hist_by_wstar": {
      "0.10": {
        "8": 1
      },
      "0.20": {
        "1": 5,
        "3": 1
      },
      "0.30": {
        "1": 8
      }
    },
    "bundle_sizes": [
      1,
      1,
      1,
      1,
      1,
      1,
      1,
      1
    ],
    "w_star": 0.3
  },
  "max_indegree": 9,
  "measure_epochs": 4500,
  "n": 0.8,
  "run_id": "pathA_scan_C5_W100_N8_s56791_56798_glueoff__full__N8__n0.800__seed56791",
  "seed": 56791,
  "space_state": {
    "S_junc_w": 4.726464438595605,
    "S_perc": 0.9832402234636871,
    "V_active_size": 179,
    "allow_cocreate_merge": false,
    "clustering": 0.020390412057078724,
    "domain_match": true,
    "enabled": true,
    "hubshare": 0.01744186046511628,
    "max_indegree": 9,
    "p_reuse_policy": "from_n",
    "p_reuse_value_last": 0.8
  },
  "steps_total": 5000,
  "variant": "full"
}