{
  "L": 0.002109976821549143,
  "L_inst": 0.271,
  "N": 8,
  "Q_clock": 0.005967915674655348,
  "S_junc_w": 4.796088910896054,
  "S_perc": 0.978494623655914,
  "anomaly_flags": {
    "runaway_hubbing": false,
    "star_collapse": false,
    "tierB_evaluated": false
  },
  "burn_in_epochs": 500,
  "clustering": 0.03129485285173908,
  "elapsed_seconds": 0.789252758026123,
  "ell_lock": 18.909925219561675,
  "engine_mode": "v_glue",
  "glue_state": {
    "cadence": {
      "field": "T",
      "mean": 0.9677371514532194,
      "var": 0.014411792746096733
    },
    "domains": {
      "counts": {
        "0": 8
      },
      "entropy": -1.000088900581841e-12
    },
    "phase": {
      "R": 0.36616422179577285
    }
  },
  "hubshare": 0.016666666666666666,
  "islands": {
    "F_max": 0.125,
    "F_max_by_wstar": {
      "0.10": 1.0,
      "0.20": 0.5,
      "0.30": 0.125
    },
    "bundle_hist": {
      "1": 8
    },
    "bundle_hist_by_wstar": {
      "0.10": {
        "8": 1
      },
      "0.20": {
        "1": 4,
        "4": 1
      },
      "0.30": {
        "1": 8
      }
    },
    "bundle_sizes": [
      1,
      1,
      1,
      1,
      1,
      1,
      1,
      1
    ],
    "w_star": 0.3
  },
  "max_indegree": 9,
  "measure_epochs": 4500,
  "n": 0.8,
  "run_id": "pathA_scan_C5_W100_N8_s56791_56798_glueoff__full__N8__n0.800__seed56794",
  "seed": 56794,
  "space_state": {
    "S_junc_w": 4.796088910896054,
    "S_perc": 0.978494623655914,
    "V_active_size": 186,
    "allow_cocreate_merge": false,
    "clustering": 0.03129485285173908,
    "domain_match": true,
    "enabled": true,
    "hubshare": 0.016666666666666666,
    "max_indegree": 9,
    "p_reuse_policy": "from_n",
    "p_reuse_value_last": 0.8
  },
  "steps_total": 5000,
  "variant": "full"
}