{
  "L": 0.004746705996888696,
  "L_inst": 0.27205555555555555,
  "N": 8,
  "Q_clock": 0.013425711994795394,
  "S_junc_w": 1.350331021802106,
  "S_perc": 0.9404761904761905,
  "anomaly_flags": {
    "runaway_hubbing": false,
    "star_collapse": false,
    "tierB_evaluated": false
  },
  "burn_in_epochs": 500,
  "clustering": 0.001968503937007874,
  "elapsed_seconds": 1.1787841320037842,
  "ell_lock": 19.267653717999174,
  "engine_mode": "v_glue",
  "glue_state": {
    "cadence": {
      "field": "T",
      "mean": 1.0376106512929206,
      "var": 0.11461724262623393
    },
    "domains": {
      "counts": {
        "0": 8
      },
      "entropy": -1.000088900581841e-12
    },
    "phase": {
      "R": 0.15748888899749638
    }
  },
  "hubshare": 0.012367491166077738,
  "islands": {
    "F_max": 0.125,
    "F_max_by_wstar": {
      "0.10": 0.25,
      "0.20": 0.125,
      "0.30": 0.125
    },
    "bundle_hist": {
      "1": 8
    },
    "bundle_hist_by_wstar": {
      "0.10": {
        "1": 6,
        "2": 1
      },
      "0.20": {
        "1": 8
      },
      "0.30": {
        "1": 8
      }
    },
    "bundle_sizes": [
      1,
      1,
      1,
      1,
      1,
      1,
      1,
      1
    ],
    "w_star": 0.3
  },
  "max_indegree": 7,
  "measure_epochs": 4500,
  "n": 0.6,
  "run_id": "pathA_scan_C5_W100_N8_s56791_56798_glueoff__full__N8__n0.600__seed56798",
  "seed": 56798,
  "space_state": {
    "S_junc_w": 1.350331021802106,
    "S_perc": 0.9404761904761905,
    "V_active_size": 336,
    "allow_cocreate_merge": false,
    "clustering": 0.001968503937007874,
    "domain_match": true,
    "enabled": true,
    "hubshare": 0.012367491166077738,
    "max_indegree": 7,
    "p_reuse_policy": "from_n",
    "p_reuse_value_last": 0.6
  },
  "steps_total": 5000,
  "variant": "full"
}