{
  "L": 0.013052127807885996,
  "L_inst": 0.2732777777777778,
  "N": 8,
  "Q_clock": 0.03691699232747878,
  "S_junc_w": 4.794522378330388,
  "S_perc": 0.9888268156424581,
  "anomaly_flags": {
    "runaway_hubbing": false,
    "star_collapse": false,
    "tierB_evaluated": false
  },
  "burn_in_epochs": 500,
  "clustering": 0.04048174048174048,
  "elapsed_seconds": 0.8022799491882324,
  "ell_lock": 18.53657656722028,
  "engine_mode": "v_glue",
  "glue_state": {
    "cadence": {
      "field": "T",
      "mean": 1.0755140773955456,
      "var": 0.026034314087712528
    },
    "domains": {
      "counts": {
        "0": 8
      },
      "entropy": -1.000088900581841e-12
    },
    "phase": {
      "R": 0.22650687314470688
    }
  },
  "hubshare": 0.015503875968992248,
  "islands": {
    "F_max": 0.125,
    "F_max_by_wstar": {
      "0.10": 1.0,
      "0.20": 0.375,
      "0.30": 0.125
    },
    "bundle_hist": {
      "1": 8
    },
    "bundle_hist_by_wstar": {
      "0.10": {
        "8": 1
      },
      "0.20": {
        "1": 3,
        "2": 1,
        "3": 1
      },
      "0.30": {
        "1": 8
      }
    },
    "bundle_sizes": [
      1,
      1,
      1,
      1,
      1,
      1,
      1,
      1
    ],
    "w_star": 0.3
  },
  "max_indegree": 8,
  "measure_epochs": 4500,
  "n": 0.8,
  "run_id": "pathA_scan_C5_W100_N8_s56791_56798_glueoff__full__N8__n0.800__seed56796",
  "seed": 56796,
  "space_state": {
    "S_junc_w": 4.794522378330388,
    "S_perc": 0.9888268156424581,
    "V_active_size": 179,
    "allow_cocreate_merge": false,
    "clustering": 0.04048174048174048,
    "domain_match": true,
    "enabled": true,
    "hubshare": 0.015503875968992248,
    "max_indegree": 8,
    "p_reuse_policy": "from_n",
    "p_reuse_value_last": 0.8
  },
  "steps_total": 5000,
  "variant": "full"
}