{
  "L": 0.00038762066368042066,
  "L_inst": 0.2728333333333333,
  "N": 8,
  "Q_clock": 0.0010963567992658223,
  "S_junc_w": 4.93806353600332,
  "S_perc": 0.9883040935672515,
  "anomaly_flags": {
    "runaway_hubbing": false,
    "star_collapse": false,
    "tierB_evaluated": false
  },
  "burn_in_epochs": 500,
  "clustering": 0.04229652068361746,
  "elapsed_seconds": 0.7931349277496338,
  "ell_lock": 19.862736508100667,
  "engine_mode": "v_glue",
  "glue_state": {
    "cadence": {
      "field": "T",
      "mean": 1.1309628176353996,
      "var": 0.0648267455546181
    },
    "domains": {
      "counts": {
        "0": 8
      },
      "entropy": -1.000088900581841e-12
    },
    "phase": {
      "R": 0.04519323065091081
    }
  },
  "hubshare": 0.024242424242424242,
  "islands": {
    "F_max": 0.125,
    "F_max_by_wstar": {
      "0.10": 1.0,
      "0.20": 0.875,
      "0.30": 0.125
    },
    "bundle_hist": {
      "1": 8
    },
    "bundle_hist_by_wstar": {
      "0.10": {
        "8": 1
      },
      "0.20": {
        "1": 1,
        "7": 1
      },
      "0.30": {
        "1": 8
      }
    },
    "bundle_sizes": [
      1,
      1,
      1,
      1,
      1,
      1,
      1,
      1
    ],
    "w_star": 0.3
  },
  "max_indegree": 12,
  "measure_epochs": 4500,
  "n": 0.8,
  "run_id": "pathA_scan_C5_W100_N8_s56791_56798_glueoff__full__N8__n0.800__seed56793",
  "seed": 56793,
  "space_state": {
    "S_junc_w": 4.93806353600332,
    "S_perc": 0.9883040935672515,
    "V_active_size": 171,
    "allow_cocreate_merge": false,
    "clustering": 0.04229652068361746,
    "domain_match": true,
    "enabled": true,
    "hubshare": 0.024242424242424242,
    "max_indegree": 12,
    "p_reuse_policy": "from_n",
    "p_reuse_value_last": 0.8
  },
  "steps_total": 5000,
  "variant": "full"
}