{
  "L": 0.011729646538646506,
  "L_inst": 0.27455555555555555,
  "N": 8,
  "Q_clock": 0.03317645043359304,
  "S_junc_w": 4.787392703406194,
  "S_perc": 0.9818181818181818,
  "anomaly_flags": {
    "runaway_hubbing": false,
    "star_collapse": false,
    "tierB_evaluated": false
  },
  "burn_in_epochs": 500,
  "clustering": 0.025719468325102128,
  "elapsed_seconds": 0.7960548400878906,
  "ell_lock": 19.32194526743779,
  "engine_mode": "v_glue",
  "glue_state": {
    "cadence": {
      "field": "T",
      "mean": 1.1169956016306326,
      "var": 0.046481755263325666
    },
    "domains": {
      "counts": {
        "0": 8
      },
      "entropy": -1.000088900581841e-12
    },
    "phase": {
      "R": 0.26193880030755806
    }
  },
  "hubshare": 0.01910828025477707,
  "islands": {
    "F_max": 0.125,
    "F_max_by_wstar": {
      "0.10": 1.0,
      "0.20": 0.5,
      "0.30": 0.125
    },
    "bundle_hist": {
      "1": 8
    },
    "bundle_hist_by_wstar": {
      "0.10": {
        "8": 1
      },
      "0.20": {
        "1": 4,
        "4": 1
      },
      "0.30": {
        "1": 8
      }
    },
    "bundle_sizes": [
      1,
      1,
      1,
      1,
      1,
      1,
      1,
      1
    ],
    "w_star": 0.3
  },
  "max_indegree": 9,
  "measure_epochs": 4500,
  "n": 0.8,
  "run_id": "pathA_scan_C5_W100_N8_s56791_56798_glueoff__full__N8__n0.800__seed56792",
  "seed": 56792,
  "space_state": {
    "S_junc_w": 4.787392703406194,
    "S_perc": 0.9818181818181818,
    "V_active_size": 165,
    "allow_cocreate_merge": false,
    "clustering": 0.025719468325102128,
    "domain_match": true,
    "enabled": true,
    "hubshare": 0.01910828025477707,
    "max_indegree": 9,
    "p_reuse_policy": "from_n",
    "p_reuse_value_last": 0.8
  },
  "steps_total": 5000,
  "variant": "full"
}