{
  "L": 0.0007740048229006185,
  "L_inst": 0.2777777777777778,
  "N": 8,
  "Q_clock": 0.0021892162357764807,
  "S_junc_w": 1.678139160137016,
  "S_perc": 0.9096989966555183,
  "anomaly_flags": {
    "runaway_hubbing": false,
    "star_collapse": false,
    "tierB_evaluated": false
  },
  "burn_in_epochs": 500,
  "clustering": 0.015121693121693121,
  "elapsed_seconds": 1.1820473670959473,
  "ell_lock": 18.940296053192483,
  "engine_mode": "v_glue",
  "glue_state": {
    "cadence": {
      "field": "T",
      "mean": 1.0755140773955456,
      "var": 0.026034314087712528
    },
    "domains": {
      "counts": {
        "0": 8
      },
      "entropy": -1.000088900581841e-12
    },
    "phase": {
      "R": 0.22650687314470688
    }
  },
  "hubshare": 0.009157509157509158,
  "islands": {
    "F_max": 0.125,
    "F_max_by_wstar": {
      "0.10": 0.25,
      "0.20": 0.125,
      "0.30": 0.125
    },
    "bundle_hist": {
      "1": 8
    },
    "bundle_hist_by_wstar": {
      "0.10": {
        "1": 4,
        "2": 2
      },
      "0.20": {
        "1": 8
      },
      "0.30": {
        "1": 8
      }
    },
    "bundle_sizes": [
      1,
      1,
      1,
      1,
      1,
      1,
      1,
      1
    ],
    "w_star": 0.3
  },
  "max_indegree": 5,
  "measure_epochs": 4500,
  "n": 0.6,
  "run_id": "pathA_scan_C5_W100_N8_s56791_56798_glueoff__full__N8__n0.600__seed56796",
  "seed": 56796,
  "space_state": {
    "S_junc_w": 1.678139160137016,
    "S_perc": 0.9096989966555183,
    "V_active_size": 299,
    "allow_cocreate_merge": false,
    "clustering": 0.015121693121693121,
    "domain_match": true,
    "enabled": true,
    "hubshare": 0.009157509157509158,
    "max_indegree": 5,
    "p_reuse_policy": "from_n",
    "p_reuse_value_last": 0.6
  },
  "steps_total": 5000,
  "variant": "full"
}