{
  "L": 0.0040443780104799645,
  "L_inst": 0.27216666666666667,
  "N": 8,
  "Q_clock": 0.011439228467568565,
  "S_junc_w": 1.4103872963245558,
  "S_perc": 0.9096385542168675,
  "anomaly_flags": {
    "runaway_hubbing": false,
    "star_collapse": false,
    "tierB_evaluated": false
  },
  "burn_in_epochs": 500,
  "clustering": 0.007038512616201859,
  "elapsed_seconds": 1.1832032203674316,
  "ell_lock": 19.840785312797816,
  "engine_mode": "v_glue",
  "glue_state": {
    "cadence": {
      "field": "T",
      "mean": 1.1169956016306326,
      "var": 0.046481755263325666
    },
    "domains": {
      "counts": {
        "0": 8
      },
      "entropy": -1.000088900581841e-12
    },
    "phase": {
      "R": 0.26193880030755806
    }
  },
  "hubshare": 0.010619469026548672,
  "islands": {
    "F_max": 0.125,
    "F_max_by_wstar": {
      "0.10": 0.25,
      "0.20": 0.125,
      "0.30": 0.125
    },
    "bundle_hist": {
      "1": 8
    },
    "bundle_hist_by_wstar": {
      "0.10": {
        "1": 4,
        "2": 2
      },
      "0.20": {
        "1": 8
      },
      "0.30": {
        "1": 8
      }
    },
    "bundle_sizes": [
      1,
      1,
      1,
      1,
      1,
      1,
      1,
      1
    ],
    "w_star": 0.3
  },
  "max_indegree": 6,
  "measure_epochs": 4500,
  "n": 0.6,
  "run_id": "pathA_scan_C5_W100_N8_s56791_56798_glueoff__full__N8__n0.600__seed56792",
  "seed": 56792,
  "space_state": {
    "S_junc_w": 1.4103872963245558,
    "S_perc": 0.9096385542168675,
    "V_active_size": 332,
    "allow_cocreate_merge": false,
    "clustering": 0.007038512616201859,
    "domain_match": true,
    "enabled": true,
    "hubshare": 0.010619469026548672,
    "max_indegree": 6,
    "p_reuse_policy": "from_n",
    "p_reuse_value_last": 0.6
  },
  "steps_total": 5000,
  "variant": "full"
}