{
  "L": 0.00889260357271708,
  "L_inst": 0.2728333333333333,
  "N": 8,
  "Q_clock": 0.02515208115468787,
  "S_junc_w": 1.5097940396553018,
  "S_perc": 0.9012738853503185,
  "anomaly_flags": {
    "runaway_hubbing": false,
    "star_collapse": false,
    "tierB_evaluated": false
  },
  "burn_in_epochs": 500,
  "clustering": 0.010384529398613906,
  "elapsed_seconds": 1.1885449886322021,
  "ell_lock": 18.902106800861983,
  "engine_mode": "v_glue",
  "glue_state": {
    "cadence": {
      "field": "T",
      "mean": 0.9677371514532194,
      "var": 0.014411792746096733
    },
    "domains": {
      "counts": {
        "0": 8
      },
      "entropy": -1.000088900581841e-12
    },
    "phase": {
      "R": 0.36616422179577285
    }
  },
  "hubshare": 0.012915129151291513,
  "islands": {
    "F_max": 0.125,
    "F_max_by_wstar": {
      "0.10": 0.875,
      "0.20": 0.125,
      "0.30": 0.125
    },
    "bundle_hist": {
      "1": 8
    },
    "bundle_hist_by_wstar": {
      "0.10": {
        "1": 1,
        "7": 1
      },
      "0.20": {
        "1": 8
      },
      "0.30": {
        "1": 8
      }
    },
    "bundle_sizes": [
      1,
      1,
      1,
      1,
      1,
      1,
      1,
      1
    ],
    "w_star": 0.3
  },
  "max_indegree": 7,
  "measure_epochs": 4500,
  "n": 0.6,
  "run_id": "pathA_scan_C5_W100_N8_s56791_56798_glueoff__full__N8__n0.600__seed56794",
  "seed": 56794,
  "space_state": {
    "S_junc_w": 1.5097940396553018,
    "S_perc": 0.9012738853503185,
    "V_active_size": 314,
    "allow_cocreate_merge": false,
    "clustering": 0.010384529398613906,
    "domain_match": true,
    "enabled": true,
    "hubshare": 0.012915129151291513,
    "max_indegree": 7,
    "p_reuse_policy": "from_n",
    "p_reuse_value_last": 0.6
  },
  "steps_total": 5000,
  "variant": "full"
}