{
  "L": 0.0032422322644028285,
  "L_inst": 0.27155555555555555,
  "N": 8,
  "Q_clock": 0.009170417681364222,
  "S_junc_w": 5.26477896396367,
  "S_perc": 0.9554140127388535,
  "anomaly_flags": {
    "runaway_hubbing": false,
    "star_collapse": false,
    "tierB_evaluated": false
  },
  "burn_in_epochs": 500,
  "clustering": 0.026148220466402285,
  "elapsed_seconds": 0.7975873947143555,
  "ell_lock": 19.170533170504438,
  "engine_mode": "v_glue",
  "glue_state": {
    "cadence": {
      "field": "T",
      "mean": 0.9717293545333604,
      "var": 0.031136468303811247
    },
    "domains": {
      "counts": {
        "0": 8
      },
      "entropy": -1.000088900581841e-12
    },
    "phase": {
      "R": 0.42871985492654313
    }
  },
  "hubshare": 0.016877637130801686,
  "islands": {
    "F_max": 0.125,
    "F_max_by_wstar": {
      "0.10": 1.0,
      "0.20": 0.5,
      "0.30": 0.125
    },
    "bundle_hist": {
      "1": 8
    },
    "bundle_hist_by_wstar": {
      "0.10": {
        "8": 1
      },
      "0.20": {
        "1": 4,
        "4": 1
      },
      "0.30": {
        "1": 8
      }
    },
    "bundle_sizes": [
      1,
      1,
      1,
      1,
      1,
      1,
      1,
      1
    ],
    "w_star": 0.3
  },
  "max_indegree": 8,
  "measure_epochs": 4500,
  "n": 0.8,
  "run_id": "pathA_scan_C5_W100_N8_s56791_56798_glueoff__full__N8__n0.800__seed56795",
  "seed": 56795,
  "space_state": {
    "S_junc_w": 5.26477896396367,
    "S_perc": 0.9554140127388535,
    "V_active_size": 157,
    "allow_cocreate_merge": false,
    "clustering": 0.026148220466402285,
    "domain_match": true,
    "enabled": true,
    "hubshare": 0.016877637130801686,
    "max_indegree": 8,
    "p_reuse_policy": "from_n",
    "p_reuse_value_last": 0.8
  },
  "steps_total": 5000,
  "variant": "full"
}