{
  "L": 0.0014523857092739712,
  "L_inst": 0.26955555555555555,
  "N": 8,
  "Q_clock": 0.004107967135704235,
  "S_junc_w": 0.4570681362799447,
  "S_perc": 0.8194726166328601,
  "anomaly_flags": {
    "runaway_hubbing": false,
    "star_collapse": false,
    "tierB_evaluated": false
  },
  "burn_in_epochs": 500,
  "clustering": 0.0033333333333333335,
  "elapsed_seconds": 1.4421586990356445,
  "ell_lock": 19.2448869913224,
  "engine_mode": "v_glue",
  "glue_state": {
    "cadence": {
      "field": "T",
      "mean": 1.0755140773955456,
      "var": 0.026034314087712528
    },
    "domains": {
      "counts": {
        "0": 8
      },
      "entropy": -1.000088900581841e-12
    },
    "phase": {
      "R": 0.22650687314470688
    }
  },
  "hubshare": 0.006259780907668232,
  "islands": {
    "F_max": 0.125,
    "F_max_by_wstar": {
      "0.10": 0.125,
      "0.20": 0.125,
      "0.30": 0.125
    },
    "bundle_hist": {
      "1": 8
    },
    "bundle_hist_by_wstar": {
      "0.10": {
        "1": 8
      },
      "0.20": {
        "1": 8
      },
      "0.30": {
        "1": 8
      }
    },
    "bundle_sizes": [
      1,
      1,
      1,
      1,
      1,
      1,
      1,
      1
    ],
    "w_star": 0.3
  },
  "max_indegree": 4,
  "measure_epochs": 4500,
  "n": 0.4,
  "run_id": "pathA_scan_C5_W100_N8_s56791_56798_glueoff__full__N8__n0.400__seed56796",
  "seed": 56796,
  "space_state": {
    "S_junc_w": 0.4570681362799447,
    "S_perc": 0.8194726166328601,
    "V_active_size": 493,
    "allow_cocreate_merge": false,
    "clustering": 0.0033333333333333335,
    "domain_match": true,
    "enabled": true,
    "hubshare": 0.006259780907668232,
    "max_indegree": 4,
    "p_reuse_policy": "from_n",
    "p_reuse_value_last": 0.4
  },
  "steps_total": 5000,
  "variant": "full"
}