{
  "L": 0.010223087561170702,
  "L_inst": 0.27211111111111114,
  "N": 8,
  "Q_clock": 0.028915258156670592,
  "S_junc_w": 0.5717203882757353,
  "S_perc": 0.881104033970276,
  "anomaly_flags": {
    "runaway_hubbing": false,
    "star_collapse": false,
    "tierB_evaluated": false
  },
  "burn_in_epochs": 500,
  "clustering": 0.0074295190713101165,
  "elapsed_seconds": 1.437546968460083,
  "ell_lock": 18.64769683712932,
  "engine_mode": "v_glue",
  "glue_state": {
    "cadence": {
      "field": "T",
      "mean": 0.9677371514532194,
      "var": 0.014411792746096733
    },
    "domains": {
      "counts": {
        "0": 8
      },
      "entropy": -1.000088900581841e-12
    },
    "phase": {
      "R": 0.36616422179577285
    }
  },
  "hubshare": 0.007936507936507936,
  "islands": {
    "F_max": 0.125,
    "F_max_by_wstar": {
      "0.10": 0.25,
      "0.20": 0.125,
      "0.30": 0.125
    },
    "bundle_hist": {
      "1": 8
    },
    "bundle_hist_by_wstar": {
      "0.10": {
        "1": 6,
        "2": 1
      },
      "0.20": {
        "1": 8
      },
      "0.30": {
        "1": 8
      }
    },
    "bundle_sizes": [
      1,
      1,
      1,
      1,
      1,
      1,
      1,
      1
    ],
    "w_star": 0.3
  },
  "max_indegree": 5,
  "measure_epochs": 4500,
  "n": 0.4,
  "run_id": "pathA_scan_C5_W100_N8_s56791_56798_glueoff__full__N8__n0.400__seed56794",
  "seed": 56794,
  "space_state": {
    "S_junc_w": 0.5717203882757353,
    "S_perc": 0.881104033970276,
    "V_active_size": 471,
    "allow_cocreate_merge": false,
    "clustering": 0.0074295190713101165,
    "domain_match": true,
    "enabled": true,
    "hubshare": 0.007936507936507936,
    "max_indegree": 5,
    "p_reuse_policy": "from_n",
    "p_reuse_value_last": 0.4
  },
  "steps_total": 5000,
  "variant": "full"
}