{
  "L": 0.007702005185440693,
  "L_inst": 0.27061111111111114,
  "N": 8,
  "Q_clock": 0.021784560381436266,
  "S_junc_w": 0.15322099398379746,
  "S_perc": 0.9365325077399381,
  "anomaly_flags": {
    "runaway_hubbing": false,
    "star_collapse": false,
    "tierB_evaluated": false
  },
  "burn_in_epochs": 500,
  "clustering": 0.0036144578313253013,
  "elapsed_seconds": 1.5743968486785889,
  "ell_lock": 19.16289598486074,
  "engine_mode": "v_glue",
  "glue_state": {
    "cadence": {
      "field": "T",
      "mean": 0.9853819892148048,
      "var": 0.04734420519098688
    },
    "domains": {
      "counts": {
        "0": 8
      },
      "entropy": -1.000088900581841e-12
    },
    "phase": {
      "R": 0.13067849371742515
    }
  },
  "hubshare": 0.00411522633744856,
  "islands": {
    "F_max": 0.125,
    "F_max_by_wstar": {
      "0.10": 0.125,
      "0.20": 0.125,
      "0.30": 0.125
    },
    "bundle_hist": {
      "1": 8
    },
    "bundle_hist_by_wstar": {
      "0.10": {
        "1": 8
      },
      "0.20": {
        "1": 8
      },
      "0.30": {
        "1": 8
      }
    },
    "bundle_sizes": [
      1,
      1,
      1,
      1,
      1,
      1,
      1,
      1
    ],
    "w_star": 0.3
  },
  "max_indegree": 3,
  "measure_epochs": 4500,
  "n": 0.2,
  "run_id": "pathA_scan_C5_W100_N8_s56791_56798_glueoff__full__N8__n0.200__seed56791",
  "seed": 56791,
  "space_state": {
    "S_junc_w": 0.15322099398379746,
    "S_perc": 0.9365325077399381,
    "V_active_size": 646,
    "allow_cocreate_merge": false,
    "clustering": 0.0036144578313253013,
    "domain_match": true,
    "enabled": true,
    "hubshare": 0.00411522633744856,
    "max_indegree": 3,
    "p_reuse_policy": "from_n",
    "p_reuse_value_last": 0.2
  },
  "steps_total": 5000,
  "variant": "full"
}