{
  "L": 0.0053578113438996116,
  "L_inst": 0.2727777777777778,
  "N": 8,
  "Q_clock": 0.0151541789343585,
  "S_junc_w": 0.49365534952390533,
  "S_perc": 0.8934426229508197,
  "anomaly_flags": {
    "runaway_hubbing": false,
    "star_collapse": false,
    "tierB_evaluated": false
  },
  "burn_in_epochs": 500,
  "clustering": 0.0015192135835567471,
  "elapsed_seconds": 1.4363198280334473,
  "ell_lock": 19.769771231182528,
  "engine_mode": "v_glue",
  "glue_state": {
    "cadence": {
      "field": "T",
      "mean": 1.1309628176353996,
      "var": 0.0648267455546181
    },
    "domains": {
      "counts": {
        "0": 8
      },
      "entropy": -1.000088900581841e-12
    },
    "phase": {
      "R": 0.04519323065091081
    }
  },
  "hubshare": 0.006211180124223602,
  "islands": {
    "F_max": 0.125,
    "F_max_by_wstar": {
      "0.10": 0.125,
      "0.20": 0.125,
      "0.30": 0.125
    },
    "bundle_hist": {
      "1": 8
    },
    "bundle_hist_by_wstar": {
      "0.10": {
        "1": 8
      },
      "0.20": {
        "1": 8
      },
      "0.30": {
        "1": 8
      }
    },
    "bundle_sizes": [
      1,
      1,
      1,
      1,
      1,
      1,
      1,
      1
    ],
    "w_star": 0.3
  },
  "max_indegree": 4,
  "measure_epochs": 4500,
  "n": 0.4,
  "run_id": "pathA_scan_C5_W100_N8_s56791_56798_glueoff__full__N8__n0.400__seed56793",
  "seed": 56793,
  "space_state": {
    "S_junc_w": 0.49365534952390533,
    "S_perc": 0.8934426229508197,
    "V_active_size": 488,
    "allow_cocreate_merge": false,
    "clustering": 0.0015192135835567471,
    "domain_match": true,
    "enabled": true,
    "hubshare": 0.006211180124223602,
    "max_indegree": 4,
    "p_reuse_policy": "from_n",
    "p_reuse_value_last": 0.4
  },
  "steps_total": 5000,
  "variant": "full"
}