{
  "L": 0.007184790074327839,
  "L_inst": 0.2702222222222222,
  "N": 8,
  "Q_clock": 0.020321655131836057,
  "S_junc_w": 4.621404568892234,
  "S_perc": 0.9833333333333333,
  "anomaly_flags": {
    "runaway_hubbing": false,
    "star_collapse": false,
    "tierB_evaluated": false
  },
  "burn_in_epochs": 500,
  "clustering": 0.022133176247100296,
  "elapsed_seconds": 0.790625810623169,
  "ell_lock": 18.767208626889747,
  "engine_mode": "v_glue",
  "glue_state": {
    "cadence": {
      "field": "T",
      "mean": 1.0131209169347293,
      "var": 0.05625776036386804
    },
    "domains": {
      "counts": {
        "0": 8
      },
      "entropy": -1.000088900581841e-12
    },
    "phase": {
      "R": 0.49411462130825684
    }
  },
  "hubshare": 0.01593625498007968,
  "islands": {
    "F_max": 0.125,
    "F_max_by_wstar": {
      "0.10": 1.0,
      "0.20": 0.25,
      "0.30": 0.125
    },
    "bundle_hist": {
      "1": 8
    },
    "bundle_hist_by_wstar": {
      "0.10": {
        "8": 1
      },
      "0.20": {
        "1": 2,
        "2": 3
      },
      "0.30": {
        "1": 8
      }
    },
    "bundle_sizes": [
      1,
      1,
      1,
      1,
      1,
      1,
      1,
      1
    ],
    "w_star": 0.3
  },
  "max_indegree": 8,
  "measure_epochs": 4500,
  "n": 0.8,
  "run_id": "pathA_scan_C5_W100_N8_s56791_56798_glueoff__full__N8__n0.800__seed56797",
  "seed": 56797,
  "space_state": {
    "S_junc_w": 4.621404568892234,
    "S_perc": 0.9833333333333333,
    "V_active_size": 180,
    "allow_cocreate_merge": false,
    "clustering": 0.022133176247100296,
    "domain_match": true,
    "enabled": true,
    "hubshare": 0.01593625498007968,
    "max_indegree": 8,
    "p_reuse_policy": "from_n",
    "p_reuse_value_last": 0.8
  },
  "steps_total": 5000,
  "variant": "full"
}