{
  "L": 0.49667118902477575,
  "L_inst": 0.7371111111111112,
  "N": 4,
  "Q_clock": 0.9933423780495515,
  "S_junc_w": 0.8905432970793858,
  "S_perc": 0.9174311926605505,
  "anomaly_flags": {
    "runaway_hubbing": false,
    "star_collapse": false,
    "tierB_evaluated": false
  },
  "burn_in_epochs": 500,
  "clustering": 0.04106474050294275,
  "elapsed_seconds": 0.6658029556274414,
  "ell_lock": 80.57436029602982,
  "engine_mode": "v_glue",
  "glue_state": {
    "cadence": {
      "field": "T",
      "mean": 0.9659402832439495,
      "var": 9.55261252416069e-32
    },
    "domains": {
      "counts": {
        "0": 4
      },
      "entropy": -1.000088900581841e-12
    },
    "phase": {
      "R": 1.0
    }
  },
  "hubshare": 0.012461059190031152,
  "islands": {
    "F_max": 0.25,
    "bundle_hist": {
      "1": 4
    },
    "bundle_sizes": [
      1,
      1,
      1,
      1
    ],
    "w_star": 0.3
  },
  "max_indegree": 4,
  "measure_epochs": 4500,
  "n": 0.0,
  "run_id": "pathA_C5_W100_N4_p0p50_s56791_56798__full__N4__n0.000__seed56794",
  "seed": 56794,
  "space_state": {
    "S_junc_w": 0.8905432970793858,
    "S_perc": 0.9174311926605505,
    "V_active_size": 218,
    "allow_cocreate_merge": false,
    "clustering": 0.04106474050294275,
    "domain_match": true,
    "enabled": true,
    "hubshare": 0.012461059190031152,
    "max_indegree": 4,
    "p_reuse_policy": "fixed",
    "p_reuse_value_last": 0.5
  },
  "steps_total": 5000,
  "variant": "full"
}