{
  "L": 0.3240016971223107,
  "L_inst": 0.7552222222222222,
  "N": 4,
  "Q_clock": 0.6480033942446214,
  "S_junc_w": 0.8501747029596604,
  "S_perc": 0.8888888888888888,
  "anomaly_flags": {
    "runaway_hubbing": false,
    "star_collapse": false,
    "tierB_evaluated": false
  },
  "burn_in_epochs": 500,
  "clustering": 0.00583941605839416,
  "elapsed_seconds": 0.6651289463043213,
  "ell_lock": 158.81746596540495,
  "engine_mode": "v_glue",
  "glue_state": {
    "cadence": {
      "field": "T",
      "mean": 1.042590711885658,
      "var": 3.821045009664276e-31
    },
    "domains": {
      "counts": {
        "0": 4
      },
      "entropy": -1.000088900581841e-12
    },
    "phase": {
      "R": 1.0
    }
  },
  "hubshare": 0.013468013468013467,
  "islands": {
    "F_max": 0.25,
    "bundle_hist": {
      "1": 4
    },
    "bundle_sizes": [
      1,
      1,
      1,
      1
    ],
    "w_star": 0.3
  },
  "max_indegree": 4,
  "measure_epochs": 4500,
  "n": 0.0,
  "run_id": "pathA_C5_W100_N4_p0p50_s56791_56798__full__N4__n0.000__seed56796",
  "seed": 56796,
  "space_state": {
    "S_junc_w": 0.8501747029596604,
    "S_perc": 0.8888888888888888,
    "V_active_size": 198,
    "allow_cocreate_merge": false,
    "clustering": 0.00583941605839416,
    "domain_match": true,
    "enabled": true,
    "hubshare": 0.013468013468013467,
    "max_indegree": 4,
    "p_reuse_policy": "fixed",
    "p_reuse_value_last": 0.5
  },
  "steps_total": 5000,
  "variant": "full"
}