{
  "L": 0.8809117952156484,
  "L_inst": 0.7911111111111111,
  "N": 4,
  "Q_clock": 1.7618235904312969,
  "S_junc_w": 1.02790120396937,
  "S_perc": 0.9705882352941176,
  "anomaly_flags": {
    "runaway_hubbing": false,
    "star_collapse": false,
    "tierB_evaluated": false
  },
  "burn_in_epochs": 500,
  "clustering": 0.007520325203252033,
  "elapsed_seconds": 0.6645298004150391,
  "ell_lock": 60.26347920240762,
  "engine_mode": "v_glue",
  "glue_state": {
    "cadence": {
      "field": "T",
      "mean": 1.0859991154493438,
      "var": 1.7256332301709633e-31
    },
    "domains": {
      "counts": {
        "0": 4
      },
      "entropy": -1.000088900581841e-12
    },
    "phase": {
      "R": 1.0
    }
  },
  "hubshare": 0.015723270440251572,
  "islands": {
    "F_max": 0.25,
    "bundle_hist": {
      "1": 4
    },
    "bundle_sizes": [
      1,
      1,
      1,
      1
    ],
    "w_star": 0.3
  },
  "max_indegree": 5,
  "measure_epochs": 4500,
  "n": 0.0,
  "run_id": "pathA_C5_W100_N4_p0p50_s56791_56798__full__N4__n0.000__seed56797",
  "seed": 56797,
  "space_state": {
    "S_junc_w": 1.02790120396937,
    "S_perc": 0.9705882352941176,
    "V_active_size": 204,
    "allow_cocreate_merge": false,
    "clustering": 0.007520325203252033,
    "domain_match": true,
    "enabled": true,
    "hubshare": 0.015723270440251572,
    "max_indegree": 5,
    "p_reuse_policy": "fixed",
    "p_reuse_value_last": 0.5
  },
  "steps_total": 5000,
  "variant": "full"
}