{
  "L": 0.34746704729514444,
  "L_inst": 0.7573333333333333,
  "N": 4,
  "Q_clock": 0.6949340945902889,
  "S_junc_w": 0.8079585278893875,
  "S_perc": 0.8837209302325582,
  "anomaly_flags": {
    "runaway_hubbing": false,
    "star_collapse": false,
    "tierB_evaluated": false
  },
  "burn_in_epochs": 500,
  "clustering": 0.021249999999999998,
  "elapsed_seconds": 0.6660149097442627,
  "ell_lock": 130.41165009652929,
  "engine_mode": "v_glue",
  "glue_state": {
    "cadence": {
      "field": "T",
      "mean": 1.018105396757549,
      "var": 3.821045009664276e-31
    },
    "domains": {
      "counts": {
        "0": 4
      },
      "entropy": -1.000088900581841e-12
    },
    "phase": {
      "R": 1.0
    }
  },
  "hubshare": 0.01592356687898089,
  "islands": {
    "F_max": 0.25,
    "bundle_hist": {
      "1": 4
    },
    "bundle_sizes": [
      1,
      1,
      1,
      1
    ],
    "w_star": 0.3
  },
  "max_indegree": 5,
  "measure_epochs": 4500,
  "n": 0.0,
  "run_id": "pathA_C5_W100_N4_p0p50_s56791_56798__full__N4__n0.000__seed56793",
  "seed": 56793,
  "space_state": {
    "S_junc_w": 0.8079585278893875,
    "S_perc": 0.8837209302325582,
    "V_active_size": 215,
    "allow_cocreate_merge": false,
    "clustering": 0.021249999999999998,
    "domain_match": true,
    "enabled": true,
    "hubshare": 0.01592356687898089,
    "max_indegree": 5,
    "p_reuse_policy": "fixed",
    "p_reuse_value_last": 0.5
  },
  "steps_total": 5000,
  "variant": "full"
}