{
  "L": 0.5362140423522321,
  "L_inst": 0.7475555555555555,
  "N": 4,
  "Q_clock": 1.0724280847044643,
  "S_junc_w": 0.8860727845919978,
  "S_perc": 0.8473684210526315,
  "anomaly_flags": {
    "runaway_hubbing": false,
    "star_collapse": false,
    "tierB_evaluated": false
  },
  "burn_in_epochs": 500,
  "clustering": 0.005943152454780361,
  "elapsed_seconds": 0.6600959300994873,
  "ell_lock": 88.02963333685514,
  "engine_mode": "v_glue",
  "glue_state": {
    "cadence": {
      "field": "T",
      "mean": 0.9886640975539268,
      "var": 9.55261252416069e-32
    },
    "domains": {
      "counts": {
        "0": 4
      },
      "entropy": -1.000088900581841e-12
    },
    "phase": {
      "R": 0.9999999999999999
    }
  },
  "hubshare": 0.013793103448275862,
  "islands": {
    "F_max": 0.25,
    "bundle_hist": {
      "1": 4
    },
    "bundle_sizes": [
      1,
      1,
      1,
      1
    ],
    "w_star": 0.3
  },
  "max_indegree": 4,
  "measure_epochs": 4500,
  "n": 0.0,
  "run_id": "pathA_C5_W100_N4_p0p50_s56791_56798__full__N4__n0.000__seed56792",
  "seed": 56792,
  "space_state": {
    "S_junc_w": 0.8860727845919978,
    "S_perc": 0.8473684210526315,
    "V_active_size": 190,
    "allow_cocreate_merge": false,
    "clustering": 0.005943152454780361,
    "domain_match": true,
    "enabled": true,
    "hubshare": 0.013793103448275862,
    "max_indegree": 4,
    "p_reuse_policy": "fixed",
    "p_reuse_value_last": 0.5
  },
  "steps_total": 5000,
  "variant": "full"
}