{
  "L": 0.4288980590170753,
  "L_inst": 0.7488888888888889,
  "N": 4,
  "Q_clock": 0.8577961180341506,
  "S_junc_w": 0.718885569146002,
  "S_perc": 0.9154929577464789,
  "anomaly_flags": {
    "runaway_hubbing": false,
    "star_collapse": false,
    "tierB_evaluated": false
  },
  "burn_in_epochs": 500,
  "clustering": 0.001916376306620209,
  "elapsed_seconds": 0.6568338871002197,
  "ell_lock": 124.40167749989895,
  "engine_mode": "v_glue",
  "glue_state": {
    "cadence": {
      "field": "T",
      "mean": 0.9153834139060076,
      "var": 6.471124613141112e-32
    },
    "domains": {
      "counts": {
        "0": 4
      },
      "entropy": -1.000088900581841e-12
    },
    "phase": {
      "R": 0.9999999999999999
    }
  },
  "hubshare": 0.016339869281045753,
  "islands": {
    "F_max": 0.25,
    "bundle_hist": {
      "1": 4
    },
    "bundle_sizes": [
      1,
      1,
      1,
      1
    ],
    "w_star": 0.3
  },
  "max_indegree": 5,
  "measure_epochs": 4500,
  "n": 0.0,
  "run_id": "pathA_C5_W100_N4_p0p50_s56791_56798__full__N4__n0.000__seed56791",
  "seed": 56791,
  "space_state": {
    "S_junc_w": 0.718885569146002,
    "S_perc": 0.9154929577464789,
    "V_active_size": 213,
    "allow_cocreate_merge": false,
    "clustering": 0.001916376306620209,
    "domain_match": true,
    "enabled": true,
    "hubshare": 0.016339869281045753,
    "max_indegree": 5,
    "p_reuse_policy": "fixed",
    "p_reuse_value_last": 0.5
  },
  "steps_total": 5000,
  "variant": "full"
}