{
  "L": 0.0,
  "N": 64,
  "Q_clock": 0.0,
  "S_junc_w": 0.2936427329686092,
  "S_perc": 0.668496911461908,
  "anomaly_flags": {
    "runaway_hubbing": false,
    "star_collapse": false,
    "tierB_evaluated": false
  },
  "beta_junc": 1.5,
  "burn_in_epochs": 8000,
  "clustering": 0.000624512099921936,
  "elapsed_seconds": 395.26118206977844,
  "ell_lock": 0,
  "hubshare": 0.0005326231691078562,
  "max_indegree": 8,
  "measure_epochs": 12000,
  "n": 0.0,
  "run_id": "vi_full_phase1_coarse_v0_1__full__N64__n0.000__seed2",
  "seed": 2,
  "steps_total": 20000,
  "variant": "full"
}