{
  "L": 0.29373942922248236,
  "L_inst": 0.7786666666666666,
  "N": 4,
  "Q_clock": 0.5874788584449647,
  "S_junc_w": 7.716272706454153,
  "S_perc": 1.0,
  "anomaly_flags": {
    "runaway_hubbing": false,
    "star_collapse": false,
    "tierB_evaluated": false
  },
  "burn_in_epochs": 500,
  "clustering": 0.09913269600769602,
  "elapsed_seconds": 0.40782690048217773,
  "ell_lock": 151.05389664720505,
  "engine_mode": "v_glue",
  "glue_state": {
    "cadence": {
      "field": "T",
      "mean": 1.1096641319434515,
      "var": 1.8488927466117464e-31
    },
    "domains": {
      "counts": {
        "0": 4
      },
      "entropy": -1.000088900581841e-12
    },
    "phase": {
      "R": 1.0
    }
  },
  "hubshare": 0.05,
  "islands": {
    "F_max": 1.0,
    "bundle_hist": {
      "4": 1
    },
    "bundle_sizes": [
      4
    ],
    "w_star": 0.3
  },
  "max_indegree": 10,
  "measure_epochs": 4500,
  "n": 0.0,
  "run_id": "vreg_C5_W100_N4_seed56789_B_space_on__full__N4__n0.000__seed56789",
  "seed": 56789,
  "space_state": {
    "S_junc_w": 7.716272706454153,
    "S_perc": 1.0,
    "V_active_size": 53,
    "allow_cocreate_merge": false,
    "clustering": 0.09913269600769602,
    "domain_match": true,
    "enabled": true,
    "hubshare": 0.05,
    "max_indegree": 10,
    "p_reuse_policy": "derived_from_R_active",
    "p_reuse_value_last": 0.95
  },
  "steps_total": 5000,
  "variant": "full"
}