{
  "L": 0.4760312438118331,
  "L_inst": 0.7445,
  "N": 8,
  "Q_clock": 1.3464196822240557,
  "S_junc_w": 0.14207294161318706,
  "S_perc": 0.8482003129890454,
  "anomaly_flags": {
    "runaway_hubbing": false,
    "star_collapse": false,
    "tierB_evaluated": false
  },
  "burn_in_epochs": 500,
  "clustering": 0.0,
  "elapsed_seconds": 1.6522459983825684,
  "ell_lock": 131.4297567174667,
  "engine_mode": "v_glue",
  "geometry": {
    "P0_downsample": [
      [
        0,
        1.0
      ],
      [
        6,
        0.31
      ],
      [
        12,
        0.23666666666666666
      ],
      [
        18,
        0.14666666666666667
      ],
      [
        24,
        0.09
      ],
      [
        30,
        0.08
      ],
      [
        36,
        0.07333333333333333
      ],
      [
        42,
        0.10333333333333333
      ],
      [
        48,
        0.07666666666666666
      ],
      [
        54,
        0.07333333333333333
      ],
      [
        60,
        0.06666666666666667
      ],
      [
        66,
        0.056666666666666664
      ],
      [
        72,
        0.05333333333333334
      ],
      [
        78,
        0.05333333333333334
      ],
      [
        84,
        0.05
      ],
      [
        90,
        0.043333333333333335
      ],
      [
        96,
        0.05333333333333334
      ],
      [
        102,
        0.043333333333333335
      ],
      [
        108,
        0.03666666666666667
      ],
      [
        114,
        0.03
      ],
      [
        120,
        0.03
      ],
      [
        126,
        0.02
      ],
      [
        132,
        0.02666666666666667
      ],
      [
        138,
        0.03
      ],
      [
        144,
        0.02666666666666667
      ],
      [
        150,
        0.05333333333333334
      ],
      [
        156,
        0.04
      ],
      [
        162,
        0.03
      ],
      [
        168,
        0.02
      ],
      [
        174,
        0.02
      ],
      [
        180,
        0.03333333333333333
      ],
      [
        186,
        0.04666666666666667
      ],
      [
        192,
        0.016666666666666666
      ],
      [
        198,
        0.023333333333333334
      ],
      [
        204,
        0.02
      ],
      [
        210,
        0.016666666666666666
      ],
      [
        216,
        0.02
      ],
      [
        222,
        0.02
      ],
      [
        228,
        0.03
      ],
      [
        234,
        0.013333333333333334
      ],
      [
        240,
        0.02666666666666667
      ],
      [
        246,
        0.023333333333333334
      ],
      [
        252,
        0.013333333333333334
      ],
      [
        258,
        0.02666666666666667
      ],
      [
        264,
        0.02
      ],
      [
        270,
        0.02
      ]
    ],
    "comp_size": 542,
    "ds_est": 1.3574256580621546,
    "ds_valid": false,
    "fit_t_max": 271,
    "fit_t_min": 30,
    "notes": "fit_invalid",
    "r2": 0.2387174424732028,
    "slope": -0.6787128290310773
  },
  "glue_state": {
    "cadence": {
      "field": "T",
      "mean": 1.1309628176353992,
      "var": 2.6500796034768365e-31
    },
    "domains": {
      "counts": {
        "0": 8
      },
      "entropy": -1.000088900581841e-12
    },
    "phase": {
      "R": 1.0
    }
  },
  "hubshare": 0.0041841004184100415,
  "islands": {
    "F_max": 0.125,
    "F_max_by_wstar": {
      "0.10": 0.125,
      "0.20": 0.125,
      "0.30": 0.125
    },
    "bundle_hist": {
      "1": 8
    },
    "bundle_hist_by_wstar": {
      "0.10": {
        "1": 8
      },
      "0.20": {
        "1": 8
      },
      "0.30": {
        "1": 8
      }
    },
    "bundle_sizes": [
      1,
      1,
      1,
      1,
      1,
      1,
      1,
      1
    ],
    "w_star": 0.3
  },
  "max_indegree": 3,
  "measure_epochs": 4500,
  "n": 0.2,
  "run_id": "geometry_scan_C5_W100_N8_n0p2_0p6_0p8_s56791_56798_v2__full__N8__n0.200__seed56793",
  "seed": 56793,
  "space_state": {
    "S_junc_w": 0.14207294161318706,
    "S_perc": 0.8482003129890454,
    "V_active_size": 639,
    "allow_cocreate_merge": false,
    "clustering": 0.0,
    "domain_match": true,
    "enabled": true,
    "hubshare": 0.0041841004184100415,
    "max_indegree": 3,
    "p_reuse_policy": "from_n",
    "p_reuse_value_last": 0.2
  },
  "steps_total": 5000,
  "variant": "full"
}