{
  "L": 1.213289043671992,
  "L_inst": 0.7815555555555556,
  "N": 8,
  "Q_clock": 3.4316996412792276,
  "S_junc_w": 4.441075341409838,
  "S_perc": 0.9553072625698324,
  "anomaly_flags": {
    "runaway_hubbing": false,
    "star_collapse": false,
    "tierB_evaluated": false
  },
  "burn_in_epochs": 500,
  "clustering": 0.0316410031599905,
  "elapsed_seconds": 0.8668270111083984,
  "ell_lock": 49.265082474034415,
  "engine_mode": "v_glue",
  "geometry": {
    "P0_downsample": [
      [
        0,
        1.0
      ],
      [
        2,
        0.23
      ],
      [
        4,
        0.10333333333333333
      ],
      [
        6,
        0.06666666666666667
      ],
      [
        8,
        0.04666666666666667
      ],
      [
        10,
        0.04
      ],
      [
        12,
        0.013333333333333334
      ],
      [
        14,
        0.016666666666666666
      ],
      [
        16,
        0.02
      ],
      [
        18,
        0.016666666666666666
      ],
      [
        20,
        0.0033333333333333335
      ],
      [
        22,
        0.0033333333333333335
      ],
      [
        24,
        0.006666666666666667
      ],
      [
        26,
        0.01
      ],
      [
        28,
        0.0033333333333333335
      ],
      [
        30,
        0.01
      ],
      [
        32,
        0.01
      ],
      [
        34,
        0.01
      ],
      [
        36,
        0.006666666666666667
      ],
      [
        38,
        0.006666666666666667
      ],
      [
        40,
        0.0
      ],
      [
        42,
        0.0033333333333333335
      ],
      [
        44,
        0.013333333333333334
      ],
      [
        46,
        0.0
      ],
      [
        48,
        0.01
      ],
      [
        50,
        0.0033333333333333335
      ],
      [
        52,
        0.01
      ],
      [
        54,
        0.01
      ],
      [
        56,
        0.006666666666666667
      ],
      [
        58,
        0.01
      ],
      [
        60,
        0.0
      ],
      [
        62,
        0.0033333333333333335
      ],
      [
        64,
        0.01
      ],
      [
        66,
        0.0
      ],
      [
        68,
        0.006666666666666667
      ],
      [
        70,
        0.0
      ],
      [
        72,
        0.0
      ],
      [
        74,
        0.0033333333333333335
      ],
      [
        76,
        0.0
      ],
      [
        78,
        0.006666666666666667
      ],
      [
        80,
        0.006666666666666667
      ],
      [
        82,
        0.0033333333333333335
      ],
      [
        84,
        0.0033333333333333335
      ]
    ],
    "comp_size": 171,
    "ds_est": 0.8965117825341786,
    "ds_valid": false,
    "fit_t_max": 85,
    "fit_t_min": 28,
    "notes": "fit_invalid",
    "r2": 0.08741227867743762,
    "slope": -0.4482558912670893
  },
  "glue_state": {
    "cadence": {
      "field": "T",
      "mean": 1.1309628176353992,
      "var": 2.6500796034768365e-31
    },
    "domains": {
      "counts": {
        "0": 8
      },
      "entropy": -1.000088900581841e-12
    },
    "phase": {
      "R": 1.0
    }
  },
  "hubshare": 0.020366598778004074,
  "islands": {
    "F_max": 0.125,
    "F_max_by_wstar": {
      "0.10": 1.0,
      "0.20": 0.125,
      "0.30": 0.125
    },
    "bundle_hist": {
      "1": 8
    },
    "bundle_hist_by_wstar": {
      "0.10": {
        "8": 1
      },
      "0.20": {
        "1": 8
      },
      "0.30": {
        "1": 8
      }
    },
    "bundle_sizes": [
      1,
      1,
      1,
      1,
      1,
      1,
      1,
      1
    ],
    "w_star": 0.3
  },
  "max_indegree": 10,
  "measure_epochs": 4500,
  "n": 0.8,
  "run_id": "geometry_scan_C5_W100_N8_n0p2_0p6_0p8_s56791_56798_v2__full__N8__n0.800__seed56793",
  "seed": 56793,
  "space_state": {
    "S_junc_w": 4.441075341409838,
    "S_perc": 0.9553072625698324,
    "V_active_size": 179,
    "allow_cocreate_merge": false,
    "clustering": 0.0316410031599905,
    "domain_match": true,
    "enabled": true,
    "hubshare": 0.020366598778004074,
    "max_indegree": 10,
    "p_reuse_policy": "from_n",
    "p_reuse_value_last": 0.8
  },
  "steps_total": 5000,
  "variant": "full"
}