{
  "L": 0.20032750987541148,
  "L_inst": 0.7386666666666667,
  "N": 8,
  "Q_clock": 0.5666117627644741,
  "S_junc_w": 4.847203763233906,
  "S_perc": 1.0,
  "anomaly_flags": {
    "runaway_hubbing": false,
    "star_collapse": false,
    "tierB_evaluated": false
  },
  "burn_in_epochs": 500,
  "clustering": 0.023563364739835328,
  "elapsed_seconds": 0.8605210781097412,
  "ell_lock": 271.4035606383046,
  "engine_mode": "v_glue",
  "geometry": {
    "P0_downsample": [
      [
        0,
        1.0
      ],
      [
        2,
        0.24333333333333335
      ],
      [
        4,
        0.12
      ],
      [
        6,
        0.04666666666666667
      ],
      [
        8,
        0.03333333333333333
      ],
      [
        10,
        0.016666666666666666
      ],
      [
        12,
        0.016666666666666666
      ],
      [
        14,
        0.013333333333333334
      ],
      [
        16,
        0.01
      ],
      [
        18,
        0.0033333333333333335
      ],
      [
        20,
        0.0033333333333333335
      ],
      [
        22,
        0.0
      ],
      [
        24,
        0.0
      ],
      [
        26,
        0.0033333333333333335
      ],
      [
        28,
        0.006666666666666667
      ],
      [
        30,
        0.0
      ],
      [
        32,
        0.0
      ],
      [
        34,
        0.006666666666666667
      ],
      [
        36,
        0.0033333333333333335
      ],
      [
        38,
        0.013333333333333334
      ],
      [
        40,
        0.006666666666666667
      ],
      [
        42,
        0.0
      ],
      [
        44,
        0.0033333333333333335
      ],
      [
        46,
        0.0033333333333333335
      ],
      [
        48,
        0.006666666666666667
      ],
      [
        50,
        0.006666666666666667
      ],
      [
        52,
        0.006666666666666667
      ],
      [
        54,
        0.0
      ],
      [
        56,
        0.0033333333333333335
      ],
      [
        58,
        0.0033333333333333335
      ],
      [
        60,
        0.006666666666666667
      ],
      [
        62,
        0.0
      ],
      [
        64,
        0.0
      ],
      [
        66,
        0.0
      ],
      [
        68,
        0.0
      ],
      [
        70,
        0.0033333333333333335
      ],
      [
        72,
        0.006666666666666667
      ],
      [
        74,
        0.006666666666666667
      ],
      [
        76,
        0.0
      ],
      [
        78,
        0.006666666666666667
      ],
      [
        80,
        0.0033333333333333335
      ],
      [
        82,
        0.0
      ],
      [
        84,
        0.01
      ],
      [
        86,
        0.0
      ]
    ],
    "comp_size": 175,
    "ds_est": -0.5471963502683517,
    "ds_valid": false,
    "fit_t_max": 87,
    "fit_t_min": 29,
    "notes": "fit_invalid",
    "r2": 0.02507682028397018,
    "slope": 0.27359817513417584
  },
  "glue_state": {
    "cadence": {
      "field": "T",
      "mean": 0.9853819892148048,
      "var": 8.782240546405795e-32
    },
    "domains": {
      "counts": {
        "0": 8
      },
      "entropy": -1.000088900581841e-12
    },
    "phase": {
      "R": 1.0
    }
  },
  "hubshare": 0.015748031496062992,
  "islands": {
    "F_max": 0.125,
    "F_max_by_wstar": {
      "0.10": 1.0,
      "0.20": 0.75,
      "0.30": 0.125
    },
    "bundle_hist": {
      "1": 8
    },
    "bundle_hist_by_wstar": {
      "0.10": {
        "8": 1
      },
      "0.20": {
        "1": 2,
        "6": 1
      },
      "0.30": {
        "1": 8
      }
    },
    "bundle_sizes": [
      1,
      1,
      1,
      1,
      1,
      1,
      1,
      1
    ],
    "w_star": 0.3
  },
  "max_indegree": 8,
  "measure_epochs": 4500,
  "n": 0.8,
  "run_id": "geometry_scan_C5_W100_N8_n0p2_0p6_0p8_s56791_56798_v2__full__N8__n0.800__seed56791",
  "seed": 56791,
  "space_state": {
    "S_junc_w": 4.847203763233906,
    "S_perc": 1.0,
    "V_active_size": 175,
    "allow_cocreate_merge": false,
    "clustering": 0.023563364739835328,
    "domain_match": true,
    "enabled": true,
    "hubshare": 0.015748031496062992,
    "max_indegree": 8,
    "p_reuse_policy": "from_n",
    "p_reuse_value_last": 0.8
  },
  "steps_total": 5000,
  "variant": "full"
}