{
  "L": 0.3205611400277411,
  "L_inst": 0.734,
  "N": 8,
  "Q_clock": 0.9066838235940247,
  "S_junc_w": 4.4736066676028186,
  "S_perc": 0.9615384615384616,
  "anomaly_flags": {
    "runaway_hubbing": false,
    "star_collapse": false,
    "tierB_evaluated": false
  },
  "burn_in_epochs": 500,
  "clustering": 0.02123453146180419,
  "elapsed_seconds": 0.8621129989624023,
  "ell_lock": 179.65339672329372,
  "engine_mode": "v_glue",
  "geometry": {
    "P0_downsample": [
      [
        0,
        1.0
      ],
      [
        1,
        0.0
      ],
      [
        2,
        0.29
      ],
      [
        3,
        0.0033333333333333335
      ],
      [
        4,
        0.14333333333333334
      ],
      [
        5,
        0.0033333333333333335
      ],
      [
        6,
        0.06
      ],
      [
        7,
        0.0033333333333333335
      ],
      [
        8,
        0.056666666666666664
      ],
      [
        9,
        0.0033333333333333335
      ],
      [
        10,
        0.05
      ],
      [
        11,
        0.0033333333333333335
      ],
      [
        12,
        0.03
      ],
      [
        13,
        0.0033333333333333335
      ],
      [
        14,
        0.02666666666666667
      ],
      [
        15,
        0.0033333333333333335
      ],
      [
        16,
        0.02666666666666667
      ],
      [
        17,
        0.01
      ],
      [
        18,
        0.02
      ],
      [
        19,
        0.0
      ],
      [
        20,
        0.02
      ],
      [
        21,
        0.006666666666666667
      ],
      [
        22,
        0.01
      ],
      [
        23,
        0.0
      ],
      [
        24,
        0.01
      ],
      [
        25,
        0.013333333333333334
      ],
      [
        26,
        0.01
      ],
      [
        27,
        0.013333333333333334
      ],
      [
        28,
        0.013333333333333334
      ],
      [
        29,
        0.013333333333333334
      ],
      [
        30,
        0.006666666666666667
      ],
      [
        31,
        0.013333333333333334
      ],
      [
        32,
        0.0
      ],
      [
        33,
        0.013333333333333334
      ],
      [
        34,
        0.0033333333333333335
      ],
      [
        35,
        0.006666666666666667
      ],
      [
        36,
        0.006666666666666667
      ],
      [
        37,
        0.006666666666666667
      ],
      [
        38,
        0.0033333333333333335
      ],
      [
        39,
        0.006666666666666667
      ],
      [
        40,
        0.006666666666666667
      ],
      [
        41,
        0.006666666666666667
      ],
      [
        42,
        0.01
      ],
      [
        43,
        0.0033333333333333335
      ],
      [
        44,
        0.01
      ],
      [
        45,
        0.0
      ],
      [
        46,
        0.01
      ],
      [
        47,
        0.0
      ],
      [
        48,
        0.023333333333333334
      ],
      [
        49,
        0.0
      ],
      [
        50,
        0.0033333333333333335
      ],
      [
        51,
        0.013333333333333334
      ],
      [
        52,
        0.0033333333333333335
      ],
      [
        53,
        0.0033333333333333335
      ],
      [
        54,
        0.01
      ],
      [
        55,
        0.0033333333333333335
      ],
      [
        56,
        0.006666666666666667
      ],
      [
        57,
        0.0
      ],
      [
        58,
        0.01
      ],
      [
        59,
        0.006666666666666667
      ],
      [
        60,
        0.0033333333333333335
      ],
      [
        61,
        0.0033333333333333335
      ],
      [
        62,
        0.0033333333333333335
      ],
      [
        63,
        0.006666666666666667
      ],
      [
        64,
        0.01
      ],
      [
        65,
        0.006666666666666667
      ],
      [
        66,
        0.0033333333333333335
      ],
      [
        67,
        0.013333333333333334
      ],
      [
        68,
        0.0
      ],
      [
        69,
        0.0033333333333333335
      ],
      [
        70,
        0.0033333333333333335
      ],
      [
        71,
        0.006666666666666667
      ],
      [
        72,
        0.0
      ],
      [
        73,
        0.006666666666666667
      ],
      [
        74,
        0.01
      ],
      [
        75,
        0.0
      ]
    ],
    "comp_size": 150,
    "ds_est": 1.278705651889859,
    "ds_valid": false,
    "fit_t_max": 75,
    "fit_t_min": 25,
    "notes": "fit_invalid",
    "r2": 0.13697458439265076,
    "slope": -0.6393528259449295
  },
  "glue_state": {
    "cadence": {
      "field": "T",
      "mean": 0.9677371514532194,
      "var": 1.1093356479670479e-31
    },
    "domains": {
      "counts": {
        "0": 8
      },
      "entropy": -1.000088900581841e-12
    },
    "phase": {
      "R": 1.0
    }
  },
  "hubshare": 0.018518518518518517,
  "islands": {
    "F_max": 0.125,
    "F_max_by_wstar": {
      "0.10": 1.0,
      "0.20": 0.375,
      "0.30": 0.125
    },
    "bundle_hist": {
      "1": 8
    },
    "bundle_hist_by_wstar": {
      "0.10": {
        "8": 1
      },
      "0.20": {
        "1": 3,
        "2": 1,
        "3": 1
      },
      "0.30": {
        "1": 8
      }
    },
    "bundle_sizes": [
      1,
      1,
      1,
      1,
      1,
      1,
      1,
      1
    ],
    "w_star": 0.3
  },
  "max_indegree": 8,
  "measure_epochs": 4500,
  "n": 0.8,
  "run_id": "geometry_scan_C5_W100_N8_n0p2_0p6_0p8_s56791_56798_v2__full__N8__n0.800__seed56794",
  "seed": 56794,
  "space_state": {
    "S_junc_w": 4.4736066676028186,
    "S_perc": 0.9615384615384616,
    "V_active_size": 156,
    "allow_cocreate_merge": false,
    "clustering": 0.02123453146180419,
    "domain_match": true,
    "enabled": true,
    "hubshare": 0.018518518518518517,
    "max_indegree": 8,
    "p_reuse_policy": "from_n",
    "p_reuse_value_last": 0.8
  },
  "steps_total": 5000,
  "variant": "full"
}