{
  "L": 0.2129872118556487,
  "L_inst": 0.7481111111111111,
  "N": 8,
  "Q_clock": 0.6024188072365801,
  "S_junc_w": 0.23052765966147012,
  "S_perc": 0.8985507246376812,
  "anomaly_flags": {
    "runaway_hubbing": false,
    "star_collapse": false,
    "tierB_evaluated": false
  },
  "burn_in_epochs": 500,
  "clustering": 0.0,
  "elapsed_seconds": 1.6495208740234375,
  "ell_lock": 325.54693947033263,
  "engine_mode": "v_glue",
  "geometry": {
    "P0_downsample": [
      [
        0,
        1.0
      ],
      [
        6,
        0.2866666666666667
      ],
      [
        12,
        0.16666666666666666
      ],
      [
        18,
        0.14666666666666667
      ],
      [
        24,
        0.08666666666666667
      ],
      [
        30,
        0.08666666666666667
      ],
      [
        36,
        0.07
      ],
      [
        42,
        0.06
      ],
      [
        48,
        0.04666666666666667
      ],
      [
        54,
        0.05
      ],
      [
        60,
        0.02666666666666667
      ],
      [
        66,
        0.05
      ],
      [
        72,
        0.043333333333333335
      ],
      [
        78,
        0.05
      ],
      [
        84,
        0.05
      ],
      [
        90,
        0.04
      ],
      [
        96,
        0.056666666666666664
      ],
      [
        102,
        0.03333333333333333
      ],
      [
        108,
        0.02
      ],
      [
        114,
        0.03
      ],
      [
        120,
        0.03666666666666667
      ],
      [
        126,
        0.03333333333333333
      ],
      [
        132,
        0.03
      ],
      [
        138,
        0.023333333333333334
      ],
      [
        144,
        0.02666666666666667
      ],
      [
        150,
        0.02666666666666667
      ],
      [
        156,
        0.02
      ],
      [
        162,
        0.023333333333333334
      ],
      [
        168,
        0.016666666666666666
      ],
      [
        174,
        0.016666666666666666
      ],
      [
        180,
        0.0033333333333333335
      ],
      [
        186,
        0.006666666666666667
      ],
      [
        192,
        0.02
      ],
      [
        198,
        0.02
      ],
      [
        204,
        0.023333333333333334
      ],
      [
        210,
        0.006666666666666667
      ],
      [
        216,
        0.006666666666666667
      ],
      [
        222,
        0.0033333333333333335
      ],
      [
        228,
        0.006666666666666667
      ],
      [
        234,
        0.0033333333333333335
      ],
      [
        240,
        0.0033333333333333335
      ],
      [
        246,
        0.0033333333333333335
      ],
      [
        252,
        0.0
      ],
      [
        258,
        0.0033333333333333335
      ],
      [
        264,
        0.006666666666666667
      ],
      [
        270,
        0.01
      ],
      [
        276,
        0.006666666666666667
      ]
    ],
    "comp_size": 558,
    "ds_est": 1.369282711608942,
    "ds_valid": false,
    "fit_t_max": 279,
    "fit_t_min": 30,
    "notes": "fit_invalid",
    "r2": 0.14602167841004698,
    "slope": -0.684641355804471
  },
  "glue_state": {
    "cadence": {
      "field": "T",
      "mean": 0.9853819892148048,
      "var": 8.782240546405795e-32
    },
    "domains": {
      "counts": {
        "0": 8
      },
      "entropy": -1.000088900581841e-12
    },
    "phase": {
      "R": 1.0
    }
  },
  "hubshare": 0.00411522633744856,
  "islands": {
    "F_max": 0.125,
    "F_max_by_wstar": {
      "0.10": 0.125,
      "0.20": 0.125,
      "0.30": 0.125
    },
    "bundle_hist": {
      "1": 8
    },
    "bundle_hist_by_wstar": {
      "0.10": {
        "1": 8
      },
      "0.20": {
        "1": 8
      },
      "0.30": {
        "1": 8
      }
    },
    "bundle_sizes": [
      1,
      1,
      1,
      1,
      1,
      1,
      1,
      1
    ],
    "w_star": 0.3
  },
  "max_indegree": 3,
  "measure_epochs": 4500,
  "n": 0.2,
  "run_id": "geometry_scan_C5_W100_N8_n0p2_0p6_0p8_s56791_56798_v2__full__N8__n0.200__seed56791",
  "seed": 56791,
  "space_state": {
    "S_junc_w": 0.23052765966147012,
    "S_perc": 0.8985507246376812,
    "V_active_size": 621,
    "allow_cocreate_merge": false,
    "clustering": 0.0,
    "domain_match": true,
    "enabled": true,
    "hubshare": 0.00411522633744856,
    "max_indegree": 3,
    "p_reuse_policy": "from_n",
    "p_reuse_value_last": 0.2
  },
  "steps_total": 5000,
  "variant": "full"
}