{
  "L": 0.652120238626314,
  "L_inst": 0.7517777777777778,
  "N": 8,
  "Q_clock": 1.8444745715266246,
  "S_junc_w": 1.3253297159030915,
  "S_perc": 0.8562874251497006,
  "anomaly_flags": {
    "runaway_hubbing": false,
    "star_collapse": false,
    "tierB_evaluated": false
  },
  "burn_in_epochs": 500,
  "clustering": 0.003457814661134163,
  "elapsed_seconds": 1.2450811862945557,
  "ell_lock": 78.52707626281895,
  "engine_mode": "v_glue",
  "geometry": {
    "P0_downsample": [
      [
        0,
        1.0
      ],
      [
        3,
        0.0
      ],
      [
        6,
        0.15666666666666668
      ],
      [
        9,
        0.0
      ],
      [
        12,
        0.05333333333333334
      ],
      [
        15,
        0.006666666666666667
      ],
      [
        18,
        0.02666666666666667
      ],
      [
        21,
        0.0
      ],
      [
        24,
        0.01
      ],
      [
        27,
        0.0
      ],
      [
        30,
        0.013333333333333334
      ],
      [
        33,
        0.0
      ],
      [
        36,
        0.013333333333333334
      ],
      [
        39,
        0.0033333333333333335
      ],
      [
        42,
        0.013333333333333334
      ],
      [
        45,
        0.006666666666666667
      ],
      [
        48,
        0.01
      ],
      [
        51,
        0.0033333333333333335
      ],
      [
        54,
        0.016666666666666666
      ],
      [
        57,
        0.0
      ],
      [
        60,
        0.01
      ],
      [
        63,
        0.01
      ],
      [
        66,
        0.01
      ],
      [
        69,
        0.0
      ],
      [
        72,
        0.006666666666666667
      ],
      [
        75,
        0.0033333333333333335
      ],
      [
        78,
        0.006666666666666667
      ],
      [
        81,
        0.0
      ],
      [
        84,
        0.0033333333333333335
      ],
      [
        87,
        0.006666666666666667
      ],
      [
        90,
        0.0033333333333333335
      ],
      [
        93,
        0.006666666666666667
      ],
      [
        96,
        0.01
      ],
      [
        99,
        0.0
      ],
      [
        102,
        0.006666666666666667
      ],
      [
        105,
        0.0
      ],
      [
        108,
        0.0033333333333333335
      ],
      [
        111,
        0.01
      ],
      [
        114,
        0.0
      ],
      [
        117,
        0.006666666666666667
      ],
      [
        120,
        0.0033333333333333335
      ],
      [
        123,
        0.006666666666666667
      ],
      [
        126,
        0.0
      ],
      [
        129,
        0.0033333333333333335
      ],
      [
        132,
        0.0033333333333333335
      ],
      [
        135,
        0.01
      ],
      [
        138,
        0.0
      ],
      [
        141,
        0.006666666666666667
      ]
    ],
    "comp_size": 286,
    "ds_est": 0.8086015890369933,
    "ds_valid": false,
    "fit_t_max": 143,
    "fit_t_min": 30,
    "notes": "fit_invalid",
    "r2": 0.0991262396978344,
    "slope": -0.40430079451849665
  },
  "glue_state": {
    "cadence": {
      "field": "T",
      "mean": 0.9853819892148048,
      "var": 8.782240546405795e-32
    },
    "domains": {
      "counts": {
        "0": 8
      },
      "entropy": -1.000088900581841e-12
    },
    "phase": {
      "R": 1.0
    }
  },
  "hubshare": 0.01060070671378092,
  "islands": {
    "F_max": 0.125,
    "F_max_by_wstar": {
      "0.10": 0.25,
      "0.20": 0.125,
      "0.30": 0.125
    },
    "bundle_hist": {
      "1": 8
    },
    "bundle_hist_by_wstar": {
      "0.10": {
        "1": 4,
        "2": 2
      },
      "0.20": {
        "1": 8
      },
      "0.30": {
        "1": 8
      }
    },
    "bundle_sizes": [
      1,
      1,
      1,
      1,
      1,
      1,
      1,
      1
    ],
    "w_star": 0.3
  },
  "max_indegree": 6,
  "measure_epochs": 4500,
  "n": 0.6,
  "run_id": "geometry_scan_C5_W100_N8_n0p2_0p6_0p8_s56791_56798_v2__full__N8__n0.600__seed56791",
  "seed": 56791,
  "space_state": {
    "S_junc_w": 1.3253297159030915,
    "S_perc": 0.8562874251497006,
    "V_active_size": 334,
    "allow_cocreate_merge": false,
    "clustering": 0.003457814661134163,
    "domain_match": true,
    "enabled": true,
    "hubshare": 0.01060070671378092,
    "max_indegree": 6,
    "p_reuse_policy": "from_n",
    "p_reuse_value_last": 0.6
  },
  "steps_total": 5000,
  "variant": "full"
}