{
  "L": 0.2486490076574685,
  "L_inst": 0.7316111111111111,
  "N": 8,
  "Q_clock": 0.7032855977996071,
  "S_junc_w": 4.565725489007421,
  "S_perc": 0.9776536312849162,
  "anomaly_flags": {
    "runaway_hubbing": false,
    "star_collapse": false,
    "tierB_evaluated": false
  },
  "burn_in_epochs": 500,
  "clustering": 0.016739126987574193,
  "elapsed_seconds": 0.8619961738586426,
  "ell_lock": 204.16682609597643,
  "engine_mode": "v_glue",
  "geometry": {
    "P0_downsample": [
      [
        0,
        1.0
      ],
      [
        2,
        0.3
      ],
      [
        4,
        0.14666666666666667
      ],
      [
        6,
        0.04
      ],
      [
        8,
        0.04666666666666667
      ],
      [
        10,
        0.043333333333333335
      ],
      [
        12,
        0.03333333333333333
      ],
      [
        14,
        0.023333333333333334
      ],
      [
        16,
        0.016666666666666666
      ],
      [
        18,
        0.02666666666666667
      ],
      [
        20,
        0.013333333333333334
      ],
      [
        22,
        0.01
      ],
      [
        24,
        0.0033333333333333335
      ],
      [
        26,
        0.006666666666666667
      ],
      [
        28,
        0.006666666666666667
      ],
      [
        30,
        0.006666666666666667
      ],
      [
        32,
        0.006666666666666667
      ],
      [
        34,
        0.0033333333333333335
      ],
      [
        36,
        0.013333333333333334
      ],
      [
        38,
        0.0
      ],
      [
        40,
        0.01
      ],
      [
        42,
        0.01
      ],
      [
        44,
        0.006666666666666667
      ],
      [
        46,
        0.01
      ],
      [
        48,
        0.013333333333333334
      ],
      [
        50,
        0.006666666666666667
      ],
      [
        52,
        0.01
      ],
      [
        54,
        0.01
      ],
      [
        56,
        0.006666666666666667
      ],
      [
        58,
        0.006666666666666667
      ],
      [
        60,
        0.0033333333333333335
      ],
      [
        62,
        0.006666666666666667
      ],
      [
        64,
        0.006666666666666667
      ],
      [
        66,
        0.006666666666666667
      ],
      [
        68,
        0.006666666666666667
      ],
      [
        70,
        0.0033333333333333335
      ],
      [
        72,
        0.0
      ],
      [
        74,
        0.0033333333333333335
      ],
      [
        76,
        0.0033333333333333335
      ],
      [
        78,
        0.0033333333333333335
      ],
      [
        80,
        0.0033333333333333335
      ],
      [
        82,
        0.013333333333333334
      ],
      [
        84,
        0.01
      ],
      [
        86,
        0.013333333333333334
      ]
    ],
    "comp_size": 175,
    "ds_est": 0.5676487764761874,
    "ds_valid": false,
    "fit_t_max": 87,
    "fit_t_min": 29,
    "notes": "fit_invalid",
    "r2": 0.03123190461687486,
    "slope": -0.2838243882380937
  },
  "glue_state": {
    "cadence": {
      "field": "T",
      "mean": 1.0376106512929204,
      "var": 4.437342591868191e-31
    },
    "domains": {
      "counts": {
        "0": 8
      },
      "entropy": -1.000088900581841e-12
    },
    "phase": {
      "R": 1.0000000000000002
    }
  },
  "hubshare": 0.01818181818181818,
  "islands": {
    "F_max": 0.125,
    "F_max_by_wstar": {
      "0.10": 1.0,
      "0.20": 0.5,
      "0.30": 0.125
    },
    "bundle_hist": {
      "1": 8
    },
    "bundle_hist_by_wstar": {
      "0.10": {
        "8": 1
      },
      "0.20": {
        "1": 2,
        "2": 1,
        "4": 1
      },
      "0.30": {
        "1": 8
      }
    },
    "bundle_sizes": [
      1,
      1,
      1,
      1,
      1,
      1,
      1,
      1
    ],
    "w_star": 0.3
  },
  "max_indegree": 9,
  "measure_epochs": 4500,
  "n": 0.8,
  "run_id": "geometry_scan_C5_W100_N8_n0p2_0p6_0p8_s56791_56798_v2__full__N8__n0.800__seed56798",
  "seed": 56798,
  "space_state": {
    "S_junc_w": 4.565725489007421,
    "S_perc": 0.9776536312849162,
    "V_active_size": 179,
    "allow_cocreate_merge": false,
    "clustering": 0.016739126987574193,
    "domain_match": true,
    "enabled": true,
    "hubshare": 0.01818181818181818,
    "max_indegree": 9,
    "p_reuse_policy": "from_n",
    "p_reuse_value_last": 0.8
  },
  "steps_total": 5000,
  "variant": "full"
}