{
  "L": 0.5756858441976774,
  "L_inst": 0.7627222222222222,
  "N": 8,
  "Q_clock": 1.62828545706112,
  "S_junc_w": 1.6326327636759121,
  "S_perc": 0.9024390243902439,
  "anomaly_flags": {
    "runaway_hubbing": false,
    "star_collapse": false,
    "tierB_evaluated": false
  },
  "burn_in_epochs": 500,
  "clustering": 0.009408787669657234,
  "elapsed_seconds": 1.2455570697784424,
  "ell_lock": 100.49390873063979,
  "engine_mode": "v_glue",
  "geometry": {
    "P0_downsample": [
      [
        0,
        1.0
      ],
      [
        3,
        0.0
      ],
      [
        6,
        0.16666666666666666
      ],
      [
        9,
        0.006666666666666667
      ],
      [
        12,
        0.10666666666666667
      ],
      [
        15,
        0.01
      ],
      [
        18,
        0.06
      ],
      [
        21,
        0.0
      ],
      [
        24,
        0.03666666666666667
      ],
      [
        27,
        0.0033333333333333335
      ],
      [
        30,
        0.023333333333333334
      ],
      [
        33,
        0.0033333333333333335
      ],
      [
        36,
        0.006666666666666667
      ],
      [
        39,
        0.0
      ],
      [
        42,
        0.016666666666666666
      ],
      [
        45,
        0.0
      ],
      [
        48,
        0.013333333333333334
      ],
      [
        51,
        0.013333333333333334
      ],
      [
        54,
        0.01
      ],
      [
        57,
        0.01
      ],
      [
        60,
        0.01
      ],
      [
        63,
        0.01
      ],
      [
        66,
        0.01
      ],
      [
        69,
        0.0033333333333333335
      ],
      [
        72,
        0.01
      ],
      [
        75,
        0.0
      ],
      [
        78,
        0.006666666666666667
      ],
      [
        81,
        0.0033333333333333335
      ],
      [
        84,
        0.0033333333333333335
      ],
      [
        87,
        0.0
      ],
      [
        90,
        0.006666666666666667
      ],
      [
        93,
        0.0
      ],
      [
        96,
        0.006666666666666667
      ],
      [
        99,
        0.0
      ],
      [
        102,
        0.013333333333333334
      ],
      [
        105,
        0.01
      ],
      [
        108,
        0.0033333333333333335
      ],
      [
        111,
        0.006666666666666667
      ],
      [
        114,
        0.006666666666666667
      ],
      [
        117,
        0.0
      ],
      [
        120,
        0.006666666666666667
      ],
      [
        123,
        0.0033333333333333335
      ],
      [
        126,
        0.006666666666666667
      ],
      [
        129,
        0.006666666666666667
      ]
    ],
    "comp_size": 259,
    "ds_est": 0.7321804210218883,
    "ds_valid": false,
    "fit_t_max": 129,
    "fit_t_min": 30,
    "notes": "fit_invalid",
    "r2": 0.06988120702165401,
    "slope": -0.36609021051094415
  },
  "glue_state": {
    "cadence": {
      "field": "T",
      "mean": 1.1169956016306322,
      "var": 2.157041537713704e-31
    },
    "domains": {
      "counts": {
        "0": 8
      },
      "entropy": -1.000088900581841e-12
    },
    "phase": {
      "R": 1.0
    }
  },
  "hubshare": 0.011560693641618497,
  "islands": {
    "F_max": 0.125,
    "F_max_by_wstar": {
      "0.10": 0.5,
      "0.20": 0.125,
      "0.30": 0.125
    },
    "bundle_hist": {
      "1": 8
    },
    "bundle_hist_by_wstar": {
      "0.10": {
        "1": 2,
        "2": 1,
        "4": 1
      },
      "0.20": {
        "1": 8
      },
      "0.30": {
        "1": 8
      }
    },
    "bundle_sizes": [
      1,
      1,
      1,
      1,
      1,
      1,
      1,
      1
    ],
    "w_star": 0.3
  },
  "max_indegree": 6,
  "measure_epochs": 4500,
  "n": 0.6,
  "run_id": "geometry_scan_C5_W100_N8_n0p2_0p6_0p8_s56791_56798_v2__full__N8__n0.600__seed56792",
  "seed": 56792,
  "space_state": {
    "S_junc_w": 1.6326327636759121,
    "S_perc": 0.9024390243902439,
    "V_active_size": 287,
    "allow_cocreate_merge": false,
    "clustering": 0.009408787669657234,
    "domain_match": true,
    "enabled": true,
    "hubshare": 0.011560693641618497,
    "max_indegree": 6,
    "p_reuse_policy": "from_n",
    "p_reuse_value_last": 0.6
  },
  "steps_total": 5000,
  "variant": "full"
}