{
  "L": 0.7000607733111852,
  "L_inst": 0.7505,
  "N": 8,
  "Q_clock": 1.9800708802041502,
  "S_junc_w": 1.5652020229988548,
  "S_perc": 0.9404388714733543,
  "anomaly_flags": {
    "runaway_hubbing": false,
    "star_collapse": false,
    "tierB_evaluated": false
  },
  "burn_in_epochs": 500,
  "clustering": 0.013945131858517685,
  "elapsed_seconds": 1.2387869358062744,
  "ell_lock": 75.01224168513889,
  "engine_mode": "v_glue",
  "geometry": {
    "P0_downsample": [
      [
        0,
        1.0
      ],
      [
        3,
        0.0033333333333333335
      ],
      [
        6,
        0.12666666666666668
      ],
      [
        9,
        0.0033333333333333335
      ],
      [
        12,
        0.05
      ],
      [
        15,
        0.006666666666666667
      ],
      [
        18,
        0.05
      ],
      [
        21,
        0.0
      ],
      [
        24,
        0.02
      ],
      [
        27,
        0.0
      ],
      [
        30,
        0.013333333333333334
      ],
      [
        33,
        0.0
      ],
      [
        36,
        0.006666666666666667
      ],
      [
        39,
        0.006666666666666667
      ],
      [
        42,
        0.006666666666666667
      ],
      [
        45,
        0.0
      ],
      [
        48,
        0.013333333333333334
      ],
      [
        51,
        0.0033333333333333335
      ],
      [
        54,
        0.01
      ],
      [
        57,
        0.0033333333333333335
      ],
      [
        60,
        0.0
      ],
      [
        63,
        0.0
      ],
      [
        66,
        0.0033333333333333335
      ],
      [
        69,
        0.0
      ],
      [
        72,
        0.006666666666666667
      ],
      [
        75,
        0.0
      ],
      [
        78,
        0.0033333333333333335
      ],
      [
        81,
        0.0
      ],
      [
        84,
        0.0033333333333333335
      ],
      [
        87,
        0.01
      ],
      [
        90,
        0.0
      ],
      [
        93,
        0.0
      ],
      [
        96,
        0.006666666666666667
      ],
      [
        99,
        0.0033333333333333335
      ],
      [
        102,
        0.0
      ],
      [
        105,
        0.006666666666666667
      ],
      [
        108,
        0.0033333333333333335
      ],
      [
        111,
        0.0033333333333333335
      ],
      [
        114,
        0.0
      ],
      [
        117,
        0.006666666666666667
      ],
      [
        120,
        0.006666666666666667
      ],
      [
        123,
        0.006666666666666667
      ],
      [
        126,
        0.0033333333333333335
      ],
      [
        129,
        0.01
      ],
      [
        132,
        0.0033333333333333335
      ],
      [
        135,
        0.01
      ],
      [
        138,
        0.0
      ],
      [
        141,
        0.0033333333333333335
      ],
      [
        144,
        0.0033333333333333335
      ],
      [
        147,
        0.0033333333333333335
      ],
      [
        150,
        0.0
      ]
    ],
    "comp_size": 300,
    "ds_est": 0.49809392707423095,
    "ds_valid": false,
    "fit_t_max": 150,
    "fit_t_min": 30,
    "notes": "fit_invalid",
    "r2": 0.048464223889810976,
    "slope": -0.24904696353711547
  },
  "glue_state": {
    "cadence": {
      "field": "T",
      "mean": 1.0376106512929204,
      "var": 4.437342591868191e-31
    },
    "domains": {
      "counts": {
        "0": 8
      },
      "entropy": -1.000088900581841e-12
    },
    "phase": {
      "R": 1.0000000000000002
    }
  },
  "hubshare": 0.01048951048951049,
  "islands": {
    "F_max": 0.125,
    "F_max_by_wstar": {
      "0.10": 0.375,
      "0.20": 0.125,
      "0.30": 0.125
    },
    "bundle_hist": {
      "1": 8
    },
    "bundle_hist_by_wstar": {
      "0.10": {
        "1": 2,
        "3": 2
      },
      "0.20": {
        "1": 8
      },
      "0.30": {
        "1": 8
      }
    },
    "bundle_sizes": [
      1,
      1,
      1,
      1,
      1,
      1,
      1,
      1
    ],
    "w_star": 0.3
  },
  "max_indegree": 6,
  "measure_epochs": 4500,
  "n": 0.6,
  "run_id": "geometry_scan_C5_W100_N8_n0p2_0p6_0p8_s56791_56798_v2__full__N8__n0.600__seed56798",
  "seed": 56798,
  "space_state": {
    "S_junc_w": 1.5652020229988548,
    "S_perc": 0.9404388714733543,
    "V_active_size": 319,
    "allow_cocreate_merge": false,
    "clustering": 0.013945131858517685,
    "domain_match": true,
    "enabled": true,
    "hubshare": 0.01048951048951049,
    "max_indegree": 6,
    "p_reuse_policy": "from_n",
    "p_reuse_value_last": 0.6
  },
  "steps_total": 5000,
  "variant": "full"
}