{
  "L": 0.34259648912354956,
  "L_inst": 0.7729444444444444,
  "N": 8,
  "Q_clock": 0.9690092026798608,
  "S_junc_w": 5.3501256198380815,
  "S_perc": 0.9605263157894737,
  "anomaly_flags": {
    "runaway_hubbing": false,
    "star_collapse": false,
    "tierB_evaluated": false
  },
  "burn_in_epochs": 500,
  "clustering": 0.021968253968253967,
  "elapsed_seconds": 0.8623001575469971,
  "ell_lock": 204.65868033284315,
  "engine_mode": "v_glue",
  "geometry": {
    "P0_downsample": [
      [
        0,
        1.0
      ],
      [
        1,
        0.0
      ],
      [
        2,
        0.25666666666666665
      ],
      [
        3,
        0.0033333333333333335
      ],
      [
        4,
        0.13666666666666666
      ],
      [
        5,
        0.01
      ],
      [
        6,
        0.08333333333333333
      ],
      [
        7,
        0.0033333333333333335
      ],
      [
        8,
        0.06
      ],
      [
        9,
        0.0033333333333333335
      ],
      [
        10,
        0.03666666666666667
      ],
      [
        11,
        0.013333333333333334
      ],
      [
        12,
        0.02666666666666667
      ],
      [
        13,
        0.006666666666666667
      ],
      [
        14,
        0.02
      ],
      [
        15,
        0.006666666666666667
      ],
      [
        16,
        0.023333333333333334
      ],
      [
        17,
        0.02
      ],
      [
        18,
        0.01
      ],
      [
        19,
        0.02
      ],
      [
        20,
        0.013333333333333334
      ],
      [
        21,
        0.013333333333333334
      ],
      [
        22,
        0.016666666666666666
      ],
      [
        23,
        0.01
      ],
      [
        24,
        0.0
      ],
      [
        25,
        0.006666666666666667
      ],
      [
        26,
        0.013333333333333334
      ],
      [
        27,
        0.0
      ],
      [
        28,
        0.006666666666666667
      ],
      [
        29,
        0.006666666666666667
      ],
      [
        30,
        0.0
      ],
      [
        31,
        0.006666666666666667
      ],
      [
        32,
        0.006666666666666667
      ],
      [
        33,
        0.01
      ],
      [
        34,
        0.0
      ],
      [
        35,
        0.01
      ],
      [
        36,
        0.01
      ],
      [
        37,
        0.0
      ],
      [
        38,
        0.013333333333333334
      ],
      [
        39,
        0.0033333333333333335
      ],
      [
        40,
        0.006666666666666667
      ],
      [
        41,
        0.006666666666666667
      ],
      [
        42,
        0.013333333333333334
      ],
      [
        43,
        0.0033333333333333335
      ],
      [
        44,
        0.006666666666666667
      ],
      [
        45,
        0.01
      ],
      [
        46,
        0.01
      ],
      [
        47,
        0.006666666666666667
      ],
      [
        48,
        0.01
      ],
      [
        49,
        0.006666666666666667
      ],
      [
        50,
        0.016666666666666666
      ],
      [
        51,
        0.006666666666666667
      ],
      [
        52,
        0.02
      ],
      [
        53,
        0.0033333333333333335
      ],
      [
        54,
        0.0
      ],
      [
        55,
        0.006666666666666667
      ],
      [
        56,
        0.013333333333333334
      ],
      [
        57,
        0.0033333333333333335
      ],
      [
        58,
        0.01
      ],
      [
        59,
        0.0
      ],
      [
        60,
        0.006666666666666667
      ],
      [
        61,
        0.0033333333333333335
      ],
      [
        62,
        0.013333333333333334
      ],
      [
        63,
        0.0033333333333333335
      ],
      [
        64,
        0.0033333333333333335
      ],
      [
        65,
        0.0033333333333333335
      ],
      [
        66,
        0.013333333333333334
      ],
      [
        67,
        0.0033333333333333335
      ],
      [
        68,
        0.01
      ],
      [
        69,
        0.0033333333333333335
      ],
      [
        70,
        0.0033333333333333335
      ],
      [
        71,
        0.013333333333333334
      ],
      [
        72,
        0.0
      ],
      [
        73,
        0.006666666666666667
      ]
    ],
    "comp_size": 146,
    "ds_est": 0.7865548855332846,
    "ds_valid": false,
    "fit_t_max": 73,
    "fit_t_min": 24,
    "notes": "fit_invalid",
    "r2": 0.048373160379667324,
    "slope": -0.3932774427666423
  },
  "glue_state": {
    "cadence": {
      "field": "T",
      "mean": 1.0755140773955452,
      "var": 4.437342591868191e-31
    },
    "domains": {
      "counts": {
        "0": 8
      },
      "entropy": -1.000088900581841e-12
    },
    "phase": {
      "R": 1.0
    }
  },
  "hubshare": 0.02178649237472767,
  "islands": {
    "F_max": 0.125,
    "F_max_by_wstar": {
      "0.10": 1.0,
      "0.20": 0.625,
      "0.30": 0.125
    },
    "bundle_hist": {
      "1": 8
    },
    "bundle_hist_by_wstar": {
      "0.10": {
        "8": 1
      },
      "0.20": {
        "1": 1,
        "2": 1,
        "5": 1
      },
      "0.30": {
        "1": 8
      }
    },
    "bundle_sizes": [
      1,
      1,
      1,
      1,
      1,
      1,
      1,
      1
    ],
    "w_star": 0.3
  },
  "max_indegree": 10,
  "measure_epochs": 4500,
  "n": 0.8,
  "run_id": "geometry_scan_C5_W100_N8_n0p2_0p6_0p8_s56791_56798_v2__full__N8__n0.800__seed56796",
  "seed": 56796,
  "space_state": {
    "S_junc_w": 5.3501256198380815,
    "S_perc": 0.9605263157894737,
    "V_active_size": 152,
    "allow_cocreate_merge": false,
    "clustering": 0.021968253968253967,
    "domain_match": true,
    "enabled": true,
    "hubshare": 0.02178649237472767,
    "max_indegree": 10,
    "p_reuse_policy": "from_n",
    "p_reuse_value_last": 0.8
  },
  "steps_total": 5000,
  "variant": "full"
}