{
  "L": 0.3928500494346908,
  "L_inst": 0.7618333333333334,
  "N": 8,
  "Q_clock": 1.1111477357789612,
  "S_junc_w": 1.282382112887423,
  "S_perc": 0.8814589665653495,
  "anomaly_flags": {
    "runaway_hubbing": false,
    "star_collapse": false,
    "tierB_evaluated": false
  },
  "burn_in_epochs": 500,
  "clustering": 0.0,
  "elapsed_seconds": 1.2371978759765625,
  "ell_lock": 174.71188688787836,
  "engine_mode": "v_glue",
  "geometry": {
    "P0_downsample": [
      [
        0,
        1.0
      ],
      [
        3,
        0.0
      ],
      [
        6,
        0.15
      ],
      [
        9,
        0.0
      ],
      [
        12,
        0.09333333333333334
      ],
      [
        15,
        0.0
      ],
      [
        18,
        0.043333333333333335
      ],
      [
        21,
        0.0
      ],
      [
        24,
        0.01
      ],
      [
        27,
        0.0033333333333333335
      ],
      [
        30,
        0.02666666666666667
      ],
      [
        33,
        0.0033333333333333335
      ],
      [
        36,
        0.0033333333333333335
      ],
      [
        39,
        0.0
      ],
      [
        42,
        0.0
      ],
      [
        45,
        0.0
      ],
      [
        48,
        0.0033333333333333335
      ],
      [
        51,
        0.0
      ],
      [
        54,
        0.0
      ],
      [
        57,
        0.0
      ],
      [
        60,
        0.01
      ],
      [
        63,
        0.0
      ],
      [
        66,
        0.0
      ],
      [
        69,
        0.0033333333333333335
      ],
      [
        72,
        0.0
      ],
      [
        75,
        0.0
      ],
      [
        78,
        0.006666666666666667
      ],
      [
        81,
        0.0033333333333333335
      ],
      [
        84,
        0.0
      ],
      [
        87,
        0.0033333333333333335
      ],
      [
        90,
        0.006666666666666667
      ],
      [
        93,
        0.0033333333333333335
      ],
      [
        96,
        0.006666666666666667
      ],
      [
        99,
        0.0033333333333333335
      ],
      [
        102,
        0.0033333333333333335
      ],
      [
        105,
        0.0
      ],
      [
        108,
        0.0033333333333333335
      ],
      [
        111,
        0.0033333333333333335
      ],
      [
        114,
        0.006666666666666667
      ],
      [
        117,
        0.0
      ],
      [
        120,
        0.0
      ],
      [
        123,
        0.006666666666666667
      ],
      [
        126,
        0.006666666666666667
      ],
      [
        129,
        0.006666666666666667
      ],
      [
        132,
        0.0033333333333333335
      ],
      [
        135,
        0.0
      ],
      [
        138,
        0.0
      ],
      [
        141,
        0.0033333333333333335
      ],
      [
        144,
        0.006666666666666667
      ]
    ],
    "comp_size": 290,
    "ds_est": 0.19970925767816156,
    "ds_valid": false,
    "fit_t_max": 145,
    "fit_t_min": 30,
    "notes": "fit_invalid",
    "r2": 0.01066644348536383,
    "slope": -0.09985462883908078
  },
  "glue_state": {
    "cadence": {
      "field": "T",
      "mean": 1.1309628176353992,
      "var": 2.6500796034768365e-31
    },
    "domains": {
      "counts": {
        "0": 8
      },
      "entropy": -1.000088900581841e-12
    },
    "phase": {
      "R": 1.0
    }
  },
  "hubshare": 0.011029411764705883,
  "islands": {
    "F_max": 0.125,
    "F_max_by_wstar": {
      "0.10": 0.25,
      "0.20": 0.125,
      "0.30": 0.125
    },
    "bundle_hist": {
      "1": 8
    },
    "bundle_hist_by_wstar": {
      "0.10": {
        "1": 6,
        "2": 1
      },
      "0.20": {
        "1": 8
      },
      "0.30": {
        "1": 8
      }
    },
    "bundle_sizes": [
      1,
      1,
      1,
      1,
      1,
      1,
      1,
      1
    ],
    "w_star": 0.3
  },
  "max_indegree": 6,
  "measure_epochs": 4500,
  "n": 0.6,
  "run_id": "geometry_scan_C5_W100_N8_n0p2_0p6_0p8_s56791_56798_v2__full__N8__n0.600__seed56793",
  "seed": 56793,
  "space_state": {
    "S_junc_w": 1.282382112887423,
    "S_perc": 0.8814589665653495,
    "V_active_size": 329,
    "allow_cocreate_merge": false,
    "clustering": 0.0,
    "domain_match": true,
    "enabled": true,
    "hubshare": 0.011029411764705883,
    "max_indegree": 6,
    "p_reuse_policy": "from_n",
    "p_reuse_value_last": 0.6
  },
  "steps_total": 5000,
  "variant": "full"
}