{
  "L": 1.0089788464788727,
  "L_inst": 0.7543333333333333,
  "N": 8,
  "Q_clock": 2.853823137675966,
  "S_junc_w": 1.6875678007322261,
  "S_perc": 0.9667774086378738,
  "anomaly_flags": {
    "runaway_hubbing": false,
    "star_collapse": false,
    "tierB_evaluated": false
  },
  "burn_in_epochs": 500,
  "clustering": 0.012601372426699937,
  "elapsed_seconds": 1.2426528930664062,
  "ell_lock": 50.45933987616416,
  "engine_mode": "v_glue",
  "geometry": {
    "P0_downsample": [
      [
        0,
        1.0
      ],
      [
        3,
        0.0033333333333333335
      ],
      [
        6,
        0.19666666666666666
      ],
      [
        9,
        0.0
      ],
      [
        12,
        0.09
      ],
      [
        15,
        0.0
      ],
      [
        18,
        0.06333333333333334
      ],
      [
        21,
        0.0
      ],
      [
        24,
        0.04
      ],
      [
        27,
        0.0033333333333333335
      ],
      [
        30,
        0.04
      ],
      [
        33,
        0.0033333333333333335
      ],
      [
        36,
        0.02666666666666667
      ],
      [
        39,
        0.006666666666666667
      ],
      [
        42,
        0.02
      ],
      [
        45,
        0.01
      ],
      [
        48,
        0.0033333333333333335
      ],
      [
        51,
        0.006666666666666667
      ],
      [
        54,
        0.03
      ],
      [
        57,
        0.006666666666666667
      ],
      [
        60,
        0.01
      ],
      [
        63,
        0.0033333333333333335
      ],
      [
        66,
        0.01
      ],
      [
        69,
        0.0033333333333333335
      ],
      [
        72,
        0.013333333333333334
      ],
      [
        75,
        0.0
      ],
      [
        78,
        0.01
      ],
      [
        81,
        0.0
      ],
      [
        84,
        0.01
      ],
      [
        87,
        0.0033333333333333335
      ],
      [
        90,
        0.0033333333333333335
      ],
      [
        93,
        0.0
      ],
      [
        96,
        0.013333333333333334
      ],
      [
        99,
        0.0033333333333333335
      ],
      [
        102,
        0.013333333333333334
      ],
      [
        105,
        0.0
      ],
      [
        108,
        0.013333333333333334
      ],
      [
        111,
        0.0
      ],
      [
        114,
        0.01
      ],
      [
        117,
        0.0
      ],
      [
        120,
        0.006666666666666667
      ],
      [
        123,
        0.0
      ],
      [
        126,
        0.0033333333333333335
      ],
      [
        129,
        0.0
      ],
      [
        132,
        0.01
      ],
      [
        135,
        0.0
      ],
      [
        138,
        0.006666666666666667
      ],
      [
        141,
        0.0
      ],
      [
        144,
        0.01
      ]
    ],
    "comp_size": 291,
    "ds_est": 0.9080410396959095,
    "ds_valid": false,
    "fit_t_max": 145,
    "fit_t_min": 30,
    "notes": "fit_invalid",
    "r2": 0.08633236499340491,
    "slope": -0.4540205198479548
  },
  "glue_state": {
    "cadence": {
      "field": "T",
      "mean": 0.9717293545333601,
      "var": 5.39260384428426e-32
    },
    "domains": {
      "counts": {
        "0": 8
      },
      "entropy": -1.000088900581841e-12
    },
    "phase": {
      "R": 1.0
    }
  },
  "hubshare": 0.01098901098901099,
  "islands": {
    "F_max": 0.125,
    "F_max_by_wstar": {
      "0.10": 0.375,
      "0.20": 0.125,
      "0.30": 0.125
    },
    "bundle_hist": {
      "1": 8
    },
    "bundle_hist_by_wstar": {
      "0.10": {
        "1": 5,
        "3": 1
      },
      "0.20": {
        "1": 8
      },
      "0.30": {
        "1": 8
      }
    },
    "bundle_sizes": [
      1,
      1,
      1,
      1,
      1,
      1,
      1,
      1
    ],
    "w_star": 0.3
  },
  "max_indegree": 6,
  "measure_epochs": 4500,
  "n": 0.6,
  "run_id": "geometry_scan_C5_W100_N8_n0p2_0p6_0p8_s56791_56798_v2__full__N8__n0.600__seed56795",
  "seed": 56795,
  "space_state": {
    "S_junc_w": 1.6875678007322261,
    "S_perc": 0.9667774086378738,
    "V_active_size": 301,
    "allow_cocreate_merge": false,
    "clustering": 0.012601372426699937,
    "domain_match": true,
    "enabled": true,
    "hubshare": 0.01098901098901099,
    "max_indegree": 6,
    "p_reuse_policy": "from_n",
    "p_reuse_value_last": 0.6
  },
  "steps_total": 5000,
  "variant": "full"
}