{
  "L": 0.8758090547364724,
  "L_inst": 0.7298888888888889,
  "N": 8,
  "Q_clock": 2.4771620865149595,
  "S_junc_w": 1.5627754244244099,
  "S_perc": 0.9212121212121213,
  "anomaly_flags": {
    "runaway_hubbing": false,
    "star_collapse": false,
    "tierB_evaluated": false
  },
  "burn_in_epochs": 500,
  "clustering": 0.012829094154395359,
  "elapsed_seconds": 1.2437381744384766,
  "ell_lock": 58.57173429483398,
  "engine_mode": "v_glue",
  "geometry": {
    "P0_downsample": [
      [
        0,
        1.0
      ],
      [
        3,
        0.006666666666666667
      ],
      [
        6,
        0.12666666666666668
      ],
      [
        9,
        0.0033333333333333335
      ],
      [
        12,
        0.05
      ],
      [
        15,
        0.0
      ],
      [
        18,
        0.03333333333333333
      ],
      [
        21,
        0.0
      ],
      [
        24,
        0.04
      ],
      [
        27,
        0.0
      ],
      [
        30,
        0.023333333333333334
      ],
      [
        33,
        0.0033333333333333335
      ],
      [
        36,
        0.01
      ],
      [
        39,
        0.006666666666666667
      ],
      [
        42,
        0.01
      ],
      [
        45,
        0.0
      ],
      [
        48,
        0.013333333333333334
      ],
      [
        51,
        0.0
      ],
      [
        54,
        0.01
      ],
      [
        57,
        0.0033333333333333335
      ],
      [
        60,
        0.0
      ],
      [
        63,
        0.0033333333333333335
      ],
      [
        66,
        0.0
      ],
      [
        69,
        0.0
      ],
      [
        72,
        0.01
      ],
      [
        75,
        0.0033333333333333335
      ],
      [
        78,
        0.01
      ],
      [
        81,
        0.0033333333333333335
      ],
      [
        84,
        0.01
      ],
      [
        87,
        0.01
      ],
      [
        90,
        0.0
      ],
      [
        93,
        0.01
      ],
      [
        96,
        0.006666666666666667
      ],
      [
        99,
        0.0
      ],
      [
        102,
        0.0
      ],
      [
        105,
        0.0
      ],
      [
        108,
        0.0033333333333333335
      ],
      [
        111,
        0.0033333333333333335
      ],
      [
        114,
        0.006666666666666667
      ],
      [
        117,
        0.0
      ],
      [
        120,
        0.01
      ],
      [
        123,
        0.006666666666666667
      ],
      [
        126,
        0.006666666666666667
      ],
      [
        129,
        0.0033333333333333335
      ],
      [
        132,
        0.0033333333333333335
      ],
      [
        135,
        0.0033333333333333335
      ],
      [
        138,
        0.0
      ],
      [
        141,
        0.0
      ],
      [
        144,
        0.0
      ],
      [
        147,
        0.0
      ],
      [
        150,
        0.013333333333333334
      ]
    ],
    "comp_size": 304,
    "ds_est": 1.186118371871724,
    "ds_valid": false,
    "fit_t_max": 152,
    "fit_t_min": 30,
    "notes": "fit_invalid",
    "r2": 0.20628682443051716,
    "slope": -0.593059185935862
  },
  "glue_state": {
    "cadence": {
      "field": "T",
      "mean": 1.0755140773955452,
      "var": 4.437342591868191e-31
    },
    "domains": {
      "counts": {
        "0": 8
      },
      "entropy": -1.000088900581841e-12
    },
    "phase": {
      "R": 1.0
    }
  },
  "hubshare": 0.010416666666666666,
  "islands": {
    "F_max": 0.125,
    "F_max_by_wstar": {
      "0.10": 0.375,
      "0.20": 0.125,
      "0.30": 0.125
    },
    "bundle_hist": {
      "1": 8
    },
    "bundle_hist_by_wstar": {
      "0.10": {
        "1": 3,
        "2": 1,
        "3": 1
      },
      "0.20": {
        "1": 8
      },
      "0.30": {
        "1": 8
      }
    },
    "bundle_sizes": [
      1,
      1,
      1,
      1,
      1,
      1,
      1,
      1
    ],
    "w_star": 0.3
  },
  "max_indegree": 6,
  "measure_epochs": 4500,
  "n": 0.6,
  "run_id": "geometry_scan_C5_W100_N8_n0p2_0p6_0p8_s56791_56798_v2__full__N8__n0.600__seed56796",
  "seed": 56796,
  "space_state": {
    "S_junc_w": 1.5627754244244099,
    "S_perc": 0.9212121212121213,
    "V_active_size": 330,
    "allow_cocreate_merge": false,
    "clustering": 0.012829094154395359,
    "domain_match": true,
    "enabled": true,
    "hubshare": 0.010416666666666666,
    "max_indegree": 6,
    "p_reuse_policy": "from_n",
    "p_reuse_value_last": 0.6
  },
  "steps_total": 5000,
  "variant": "full"
}