{
  "L": 0.2573662087862002,
  "L_inst": 0.7499444444444444,
  "N": 8,
  "Q_clock": 0.72794156592398,
  "S_junc_w": 0.13361432220825956,
  "S_perc": 0.8660578386605784,
  "anomaly_flags": {
    "runaway_hubbing": false,
    "star_collapse": false,
    "tierB_evaluated": false
  },
  "burn_in_epochs": 500,
  "clustering": 0.0,
  "elapsed_seconds": 1.6748030185699463,
  "ell_lock": 285.89927021147406,
  "engine_mode": "v_glue",
  "geometry": {
    "P0_downsample": [
      [
        0,
        1.0
      ],
      [
        7,
        0.0
      ],
      [
        14,
        0.21
      ],
      [
        21,
        0.0
      ],
      [
        28,
        0.08666666666666667
      ],
      [
        35,
        0.0033333333333333335
      ],
      [
        42,
        0.09333333333333334
      ],
      [
        49,
        0.0
      ],
      [
        56,
        0.05333333333333334
      ],
      [
        63,
        0.0033333333333333335
      ],
      [
        70,
        0.03
      ],
      [
        77,
        0.0
      ],
      [
        84,
        0.04666666666666667
      ],
      [
        91,
        0.0033333333333333335
      ],
      [
        98,
        0.03333333333333333
      ],
      [
        105,
        0.0
      ],
      [
        112,
        0.03
      ],
      [
        119,
        0.0
      ],
      [
        126,
        0.03
      ],
      [
        133,
        0.0
      ],
      [
        140,
        0.03
      ],
      [
        147,
        0.0
      ],
      [
        154,
        0.02666666666666667
      ],
      [
        161,
        0.0
      ],
      [
        168,
        0.02666666666666667
      ],
      [
        175,
        0.0
      ],
      [
        182,
        0.023333333333333334
      ],
      [
        189,
        0.0
      ],
      [
        196,
        0.016666666666666666
      ],
      [
        203,
        0.0
      ],
      [
        210,
        0.02
      ],
      [
        217,
        0.0
      ],
      [
        224,
        0.02
      ],
      [
        231,
        0.0
      ],
      [
        238,
        0.02
      ],
      [
        245,
        0.0
      ],
      [
        252,
        0.01
      ],
      [
        259,
        0.0033333333333333335
      ],
      [
        266,
        0.006666666666666667
      ],
      [
        273,
        0.0
      ],
      [
        280,
        0.006666666666666667
      ]
    ],
    "comp_size": 569,
    "ds_est": 0.9740721601304129,
    "ds_valid": false,
    "fit_t_max": 284,
    "fit_t_min": 30,
    "notes": "fit_invalid",
    "r2": 0.12765933569427468,
    "slope": -0.48703608006520643
  },
  "glue_state": {
    "cadence": {
      "field": "T",
      "mean": 1.0131209169347295,
      "var": 2.8965986363584027e-31
    },
    "domains": {
      "counts": {
        "0": 8
      },
      "entropy": -1.000088900581841e-12
    },
    "phase": {
      "R": 1.0
    }
  },
  "hubshare": 0.004098360655737705,
  "islands": {
    "F_max": 0.125,
    "F_max_by_wstar": {
      "0.10": 0.125,
      "0.20": 0.125,
      "0.30": 0.125
    },
    "bundle_hist": {
      "1": 8
    },
    "bundle_hist_by_wstar": {
      "0.10": {
        "1": 8
      },
      "0.20": {
        "1": 8
      },
      "0.30": {
        "1": 8
      }
    },
    "bundle_sizes": [
      1,
      1,
      1,
      1,
      1,
      1,
      1,
      1
    ],
    "w_star": 0.3
  },
  "max_indegree": 3,
  "measure_epochs": 4500,
  "n": 0.2,
  "run_id": "geometry_scan_C5_W100_N8_n0p2_0p6_0p8_s56791_56798_v2__full__N8__n0.200__seed56797",
  "seed": 56797,
  "space_state": {
    "S_junc_w": 0.13361432220825956,
    "S_perc": 0.8660578386605784,
    "V_active_size": 657,
    "allow_cocreate_merge": false,
    "clustering": 0.0,
    "domain_match": true,
    "enabled": true,
    "hubshare": 0.004098360655737705,
    "max_indegree": 3,
    "p_reuse_policy": "from_n",
    "p_reuse_value_last": 0.2
  },
  "steps_total": 5000,
  "variant": "full"
}