{
  "L": 0.4296342872049582,
  "L_inst": 0.7545555555555555,
  "N": 8,
  "Q_clock": 1.215189271651499,
  "S_junc_w": 0.1580627935152086,
  "S_perc": 0.9418960244648318,
  "anomaly_flags": {
    "runaway_hubbing": false,
    "star_collapse": false,
    "tierB_evaluated": false
  },
  "burn_in_epochs": 500,
  "clustering": 0.0,
  "elapsed_seconds": 1.6551058292388916,
  "ell_lock": 139.4061877990167,
  "engine_mode": "v_glue",
  "geometry": {
    "P0_downsample": [
      [
        0,
        1.0
      ],
      [
        7,
        0.0
      ],
      [
        14,
        0.14333333333333334
      ],
      [
        21,
        0.0
      ],
      [
        28,
        0.10666666666666667
      ],
      [
        35,
        0.0
      ],
      [
        42,
        0.08333333333333333
      ],
      [
        49,
        0.0
      ],
      [
        56,
        0.043333333333333335
      ],
      [
        63,
        0.0
      ],
      [
        70,
        0.05333333333333334
      ],
      [
        77,
        0.0
      ],
      [
        84,
        0.03
      ],
      [
        91,
        0.0
      ],
      [
        98,
        0.023333333333333334
      ],
      [
        105,
        0.0
      ],
      [
        112,
        0.016666666666666666
      ],
      [
        119,
        0.0
      ],
      [
        126,
        0.03333333333333333
      ],
      [
        133,
        0.0
      ],
      [
        140,
        0.056666666666666664
      ],
      [
        147,
        0.0
      ],
      [
        154,
        0.023333333333333334
      ],
      [
        161,
        0.0
      ],
      [
        168,
        0.016666666666666666
      ],
      [
        175,
        0.0
      ],
      [
        182,
        0.03666666666666667
      ],
      [
        189,
        0.0
      ],
      [
        196,
        0.023333333333333334
      ],
      [
        203,
        0.0
      ],
      [
        210,
        0.013333333333333334
      ],
      [
        217,
        0.0
      ],
      [
        224,
        0.02
      ],
      [
        231,
        0.006666666666666667
      ],
      [
        238,
        0.016666666666666666
      ],
      [
        245,
        0.006666666666666667
      ],
      [
        252,
        0.013333333333333334
      ],
      [
        259,
        0.006666666666666667
      ],
      [
        266,
        0.01
      ],
      [
        273,
        0.0
      ],
      [
        280,
        0.02
      ],
      [
        287,
        0.0033333333333333335
      ],
      [
        294,
        0.02666666666666667
      ],
      [
        301,
        0.0
      ],
      [
        308,
        0.01
      ]
    ],
    "comp_size": 616,
    "ds_est": 2.4354283375869503,
    "ds_valid": false,
    "fit_t_max": 308,
    "fit_t_min": 30,
    "notes": "fit_invalid",
    "r2": 0.5066976045811279,
    "slope": -1.2177141687934752
  },
  "glue_state": {
    "cadence": {
      "field": "T",
      "mean": 1.0376106512929204,
      "var": 4.437342591868191e-31
    },
    "domains": {
      "counts": {
        "0": 8
      },
      "entropy": -1.000088900581841e-12
    },
    "phase": {
      "R": 1.0000000000000002
    }
  },
  "hubshare": 0.004081632653061225,
  "islands": {
    "F_max": 0.125,
    "F_max_by_wstar": {
      "0.10": 0.125,
      "0.20": 0.125,
      "0.30": 0.125
    },
    "bundle_hist": {
      "1": 8
    },
    "bundle_hist_by_wstar": {
      "0.10": {
        "1": 8
      },
      "0.20": {
        "1": 8
      },
      "0.30": {
        "1": 8
      }
    },
    "bundle_sizes": [
      1,
      1,
      1,
      1,
      1,
      1,
      1,
      1
    ],
    "w_star": 0.3
  },
  "max_indegree": 3,
  "measure_epochs": 4500,
  "n": 0.2,
  "run_id": "geometry_scan_C5_W100_N8_n0p2_0p6_0p8_s56791_56798_v2__full__N8__n0.200__seed56798",
  "seed": 56798,
  "space_state": {
    "S_junc_w": 0.1580627935152086,
    "S_perc": 0.9418960244648318,
    "V_active_size": 654,
    "allow_cocreate_merge": false,
    "clustering": 0.0,
    "domain_match": true,
    "enabled": true,
    "hubshare": 0.004081632653061225,
    "max_indegree": 3,
    "p_reuse_policy": "from_n",
    "p_reuse_value_last": 0.2
  },
  "steps_total": 5000,
  "variant": "full"
}