{
  "L": 0.46175027355008985,
  "L_inst": 0.7581666666666667,
  "N": 8,
  "Q_clock": 1.3060269985680475,
  "S_junc_w": 0.2034093442067292,
  "S_perc": 0.8801261829652997,
  "anomaly_flags": {
    "runaway_hubbing": false,
    "star_collapse": false,
    "tierB_evaluated": false
  },
  "burn_in_epochs": 500,
  "clustering": 0.0,
  "elapsed_seconds": 1.6584320068359375,
  "ell_lock": 152.0198916930768,
  "engine_mode": "v_glue",
  "geometry": {
    "P0_downsample": [
      [
        0,
        1.0
      ],
      [
        6,
        0.2633333333333333
      ],
      [
        12,
        0.16
      ],
      [
        18,
        0.12
      ],
      [
        24,
        0.12
      ],
      [
        30,
        0.09666666666666666
      ],
      [
        36,
        0.09666666666666666
      ],
      [
        42,
        0.10666666666666667
      ],
      [
        48,
        0.056666666666666664
      ],
      [
        54,
        0.06333333333333334
      ],
      [
        60,
        0.056666666666666664
      ],
      [
        66,
        0.03333333333333333
      ],
      [
        72,
        0.05333333333333334
      ],
      [
        78,
        0.03333333333333333
      ],
      [
        84,
        0.03
      ],
      [
        90,
        0.02666666666666667
      ],
      [
        96,
        0.03
      ],
      [
        102,
        0.03333333333333333
      ],
      [
        108,
        0.016666666666666666
      ],
      [
        114,
        0.02
      ],
      [
        120,
        0.023333333333333334
      ],
      [
        126,
        0.023333333333333334
      ],
      [
        132,
        0.02
      ],
      [
        138,
        0.016666666666666666
      ],
      [
        144,
        0.02666666666666667
      ],
      [
        150,
        0.016666666666666666
      ],
      [
        156,
        0.016666666666666666
      ],
      [
        162,
        0.006666666666666667
      ],
      [
        168,
        0.01
      ],
      [
        174,
        0.01
      ],
      [
        180,
        0.013333333333333334
      ],
      [
        186,
        0.016666666666666666
      ],
      [
        192,
        0.01
      ],
      [
        198,
        0.01
      ],
      [
        204,
        0.0033333333333333335
      ],
      [
        210,
        0.01
      ],
      [
        216,
        0.023333333333333334
      ],
      [
        222,
        0.02
      ],
      [
        228,
        0.006666666666666667
      ],
      [
        234,
        0.01
      ],
      [
        240,
        0.013333333333333334
      ],
      [
        246,
        0.0033333333333333335
      ],
      [
        252,
        0.006666666666666667
      ],
      [
        258,
        0.01
      ],
      [
        264,
        0.006666666666666667
      ],
      [
        270,
        0.0033333333333333335
      ],
      [
        276,
        0.0
      ]
    ],
    "comp_size": 558,
    "ds_est": 2.699011966798159,
    "ds_valid": false,
    "fit_t_max": 279,
    "fit_t_min": 30,
    "notes": "fit_invalid",
    "r2": 0.5534865976030837,
    "slope": -1.3495059833990795
  },
  "glue_state": {
    "cadence": {
      "field": "T",
      "mean": 1.0755140773955452,
      "var": 4.437342591868191e-31
    },
    "domains": {
      "counts": {
        "0": 8
      },
      "entropy": -1.000088900581841e-12
    },
    "phase": {
      "R": 1.0
    }
  },
  "hubshare": 0.005509641873278237,
  "islands": {
    "F_max": 0.125,
    "F_max_by_wstar": {
      "0.10": 0.125,
      "0.20": 0.125,
      "0.30": 0.125
    },
    "bundle_hist": {
      "1": 8
    },
    "bundle_hist_by_wstar": {
      "0.10": {
        "1": 8
      },
      "0.20": {
        "1": 8
      },
      "0.30": {
        "1": 8
      }
    },
    "bundle_sizes": [
      1,
      1,
      1,
      1,
      1,
      1,
      1,
      1
    ],
    "w_star": 0.3
  },
  "max_indegree": 4,
  "measure_epochs": 4500,
  "n": 0.2,
  "run_id": "geometry_scan_C5_W100_N8_n0p2_0p6_0p8_s56791_56798_v2__full__N8__n0.200__seed56796",
  "seed": 56796,
  "space_state": {
    "S_junc_w": 0.2034093442067292,
    "S_perc": 0.8801261829652997,
    "V_active_size": 634,
    "allow_cocreate_merge": false,
    "clustering": 0.0,
    "domain_match": true,
    "enabled": true,
    "hubshare": 0.005509641873278237,
    "max_indegree": 4,
    "p_reuse_policy": "from_n",
    "p_reuse_value_last": 0.2
  },
  "steps_total": 5000,
  "variant": "full"
}