{
  "L": 0.5944983266170228,
  "L_inst": 0.7392777777777778,
  "N": 8,
  "Q_clock": 1.6814951926198074,
  "S_junc_w": 4.267291312716392,
  "S_perc": 0.96,
  "anomaly_flags": {
    "runaway_hubbing": false,
    "star_collapse": false,
    "tierB_evaluated": false
  },
  "burn_in_epochs": 500,
  "clustering": 0.04852577052577053,
  "elapsed_seconds": 0.8634786605834961,
  "ell_lock": 83.80807534383763,
  "engine_mode": "v_glue",
  "geometry": {
    "P0_downsample": [
      [
        0,
        1.0
      ],
      [
        2,
        0.2733333333333333
      ],
      [
        4,
        0.12666666666666668
      ],
      [
        6,
        0.05
      ],
      [
        8,
        0.03666666666666667
      ],
      [
        10,
        0.03
      ],
      [
        12,
        0.03
      ],
      [
        14,
        0.02
      ],
      [
        16,
        0.013333333333333334
      ],
      [
        18,
        0.0
      ],
      [
        20,
        0.0033333333333333335
      ],
      [
        22,
        0.0033333333333333335
      ],
      [
        24,
        0.0
      ],
      [
        26,
        0.0033333333333333335
      ],
      [
        28,
        0.0033333333333333335
      ],
      [
        30,
        0.0033333333333333335
      ],
      [
        32,
        0.0
      ],
      [
        34,
        0.006666666666666667
      ],
      [
        36,
        0.0033333333333333335
      ],
      [
        38,
        0.01
      ],
      [
        40,
        0.013333333333333334
      ],
      [
        42,
        0.0
      ],
      [
        44,
        0.006666666666666667
      ],
      [
        46,
        0.01
      ],
      [
        48,
        0.006666666666666667
      ],
      [
        50,
        0.0033333333333333335
      ],
      [
        52,
        0.0033333333333333335
      ],
      [
        54,
        0.0033333333333333335
      ],
      [
        56,
        0.0
      ],
      [
        58,
        0.0033333333333333335
      ],
      [
        60,
        0.006666666666666667
      ],
      [
        62,
        0.0033333333333333335
      ],
      [
        64,
        0.01
      ],
      [
        66,
        0.006666666666666667
      ],
      [
        68,
        0.0033333333333333335
      ],
      [
        70,
        0.0033333333333333335
      ],
      [
        72,
        0.0033333333333333335
      ],
      [
        74,
        0.0
      ],
      [
        76,
        0.0033333333333333335
      ],
      [
        78,
        0.0
      ],
      [
        80,
        0.006666666666666667
      ],
      [
        82,
        0.02
      ],
      [
        84,
        0.0
      ]
    ],
    "comp_size": 168,
    "ds_est": 0.2995589715041999,
    "ds_valid": false,
    "fit_t_max": 84,
    "fit_t_min": 28,
    "notes": "fit_invalid",
    "r2": 0.006241451805353404,
    "slope": -0.14977948575209996
  },
  "glue_state": {
    "cadence": {
      "field": "T",
      "mean": 0.9717293545333601,
      "var": 5.39260384428426e-32
    },
    "domains": {
      "counts": {
        "0": 8
      },
      "entropy": -1.000088900581841e-12
    },
    "phase": {
      "R": 1.0
    }
  },
  "hubshare": 0.019067796610169493,
  "islands": {
    "F_max": 0.125,
    "F_max_by_wstar": {
      "0.10": 1.0,
      "0.20": 0.125,
      "0.30": 0.125
    },
    "bundle_hist": {
      "1": 8
    },
    "bundle_hist_by_wstar": {
      "0.10": {
        "8": 1
      },
      "0.20": {
        "1": 8
      },
      "0.30": {
        "1": 8
      }
    },
    "bundle_sizes": [
      1,
      1,
      1,
      1,
      1,
      1,
      1,
      1
    ],
    "w_star": 0.3
  },
  "max_indegree": 9,
  "measure_epochs": 4500,
  "n": 0.8,
  "run_id": "geometry_scan_C5_W100_N8_n0p2_0p6_0p8_s56791_56798_v2__full__N8__n0.800__seed56795",
  "seed": 56795,
  "space_state": {
    "S_junc_w": 4.267291312716392,
    "S_perc": 0.96,
    "V_active_size": 175,
    "allow_cocreate_merge": false,
    "clustering": 0.04852577052577053,
    "domain_match": true,
    "enabled": true,
    "hubshare": 0.019067796610169493,
    "max_indegree": 9,
    "p_reuse_policy": "from_n",
    "p_reuse_value_last": 0.8
  },
  "steps_total": 5000,
  "variant": "full"
}