{
  "L": 0.2875469758470825,
  "L_inst": 0.734,
  "N": 8,
  "Q_clock": 0.8133056661246257,
  "S_junc_w": 0.1283072123902397,
  "S_perc": 0.8346094946401225,
  "anomaly_flags": {
    "runaway_hubbing": false,
    "star_collapse": false,
    "tierB_evaluated": false
  },
  "burn_in_epochs": 500,
  "clustering": 0.0,
  "elapsed_seconds": 1.6525120735168457,
  "ell_lock": 216.43058012717444,
  "engine_mode": "v_glue",
  "geometry": {
    "P0_downsample": [
      [
        0,
        1.0
      ],
      [
        6,
        0.32
      ],
      [
        12,
        0.20666666666666667
      ],
      [
        18,
        0.13
      ],
      [
        24,
        0.12333333333333334
      ],
      [
        30,
        0.11666666666666667
      ],
      [
        36,
        0.09666666666666666
      ],
      [
        42,
        0.09666666666666666
      ],
      [
        48,
        0.07333333333333333
      ],
      [
        54,
        0.09666666666666666
      ],
      [
        60,
        0.056666666666666664
      ],
      [
        66,
        0.06
      ],
      [
        72,
        0.08333333333333333
      ],
      [
        78,
        0.07666666666666666
      ],
      [
        84,
        0.06333333333333334
      ],
      [
        90,
        0.043333333333333335
      ],
      [
        96,
        0.04
      ],
      [
        102,
        0.05
      ],
      [
        108,
        0.04
      ],
      [
        114,
        0.03666666666666667
      ],
      [
        120,
        0.043333333333333335
      ],
      [
        126,
        0.02
      ],
      [
        132,
        0.02
      ],
      [
        138,
        0.023333333333333334
      ],
      [
        144,
        0.03
      ],
      [
        150,
        0.02
      ],
      [
        156,
        0.03
      ],
      [
        162,
        0.016666666666666666
      ],
      [
        168,
        0.04
      ],
      [
        174,
        0.03
      ],
      [
        180,
        0.03333333333333333
      ],
      [
        186,
        0.023333333333333334
      ],
      [
        192,
        0.01
      ],
      [
        198,
        0.016666666666666666
      ],
      [
        204,
        0.02666666666666667
      ],
      [
        210,
        0.013333333333333334
      ],
      [
        216,
        0.02666666666666667
      ],
      [
        222,
        0.02666666666666667
      ],
      [
        228,
        0.016666666666666666
      ],
      [
        234,
        0.023333333333333334
      ],
      [
        240,
        0.02666666666666667
      ],
      [
        246,
        0.023333333333333334
      ],
      [
        252,
        0.013333333333333334
      ],
      [
        258,
        0.006666666666666667
      ],
      [
        264,
        0.0033333333333333335
      ],
      [
        270,
        0.016666666666666666
      ]
    ],
    "comp_size": 545,
    "ds_est": 2.088756247364499,
    "ds_valid": false,
    "fit_t_max": 272,
    "fit_t_min": 30,
    "notes": "fit_invalid",
    "r2": 0.2603880959642918,
    "slope": -1.0443781236822496
  },
  "glue_state": {
    "cadence": {
      "field": "T",
      "mean": 0.9717293545333601,
      "var": 5.39260384428426e-32
    },
    "domains": {
      "counts": {
        "0": 8
      },
      "entropy": -1.000088900581841e-12
    },
    "phase": {
      "R": 1.0
    }
  },
  "hubshare": 0.004143646408839779,
  "islands": {
    "F_max": 0.125,
    "F_max_by_wstar": {
      "0.10": 0.125,
      "0.20": 0.125,
      "0.30": 0.125
    },
    "bundle_hist": {
      "1": 8
    },
    "bundle_hist_by_wstar": {
      "0.10": {
        "1": 8
      },
      "0.20": {
        "1": 8
      },
      "0.30": {
        "1": 8
      }
    },
    "bundle_sizes": [
      1,
      1,
      1,
      1,
      1,
      1,
      1,
      1
    ],
    "w_star": 0.3
  },
  "max_indegree": 3,
  "measure_epochs": 4500,
  "n": 0.2,
  "run_id": "geometry_scan_C5_W100_N8_n0p2_0p6_0p8_s56791_56798_v2__full__N8__n0.200__seed56795",
  "seed": 56795,
  "space_state": {
    "S_junc_w": 0.1283072123902397,
    "S_perc": 0.8346094946401225,
    "V_active_size": 653,
    "allow_cocreate_merge": false,
    "clustering": 0.0,
    "domain_match": true,
    "enabled": true,
    "hubshare": 0.004143646408839779,
    "max_indegree": 3,
    "p_reuse_policy": "from_n",
    "p_reuse_value_last": 0.2
  },
  "steps_total": 5000,
  "variant": "full"
}