{
  "L": 1.0241879118771262,
  "L_inst": 0.7627222222222222,
  "N": 8,
  "Q_clock": 2.8968408707904243,
  "S_junc_w": 5.787840935959384,
  "S_perc": 0.9629629629629629,
  "anomaly_flags": {
    "runaway_hubbing": false,
    "star_collapse": false,
    "tierB_evaluated": false
  },
  "burn_in_epochs": 500,
  "clustering": 0.03969034073929179,
  "elapsed_seconds": 0.8681249618530273,
  "ell_lock": 54.49298296962382,
  "engine_mode": "v_glue",
  "geometry": {
    "P0_downsample": [
      [
        0,
        1.0
      ],
      [
        1,
        0.0
      ],
      [
        2,
        0.23666666666666666
      ],
      [
        3,
        0.0033333333333333335
      ],
      [
        4,
        0.06
      ],
      [
        5,
        0.0033333333333333335
      ],
      [
        6,
        0.02666666666666667
      ],
      [
        7,
        0.006666666666666667
      ],
      [
        8,
        0.02666666666666667
      ],
      [
        9,
        0.01
      ],
      [
        10,
        0.016666666666666666
      ],
      [
        11,
        0.006666666666666667
      ],
      [
        12,
        0.013333333333333334
      ],
      [
        13,
        0.01
      ],
      [
        14,
        0.016666666666666666
      ],
      [
        15,
        0.013333333333333334
      ],
      [
        16,
        0.013333333333333334
      ],
      [
        17,
        0.006666666666666667
      ],
      [
        18,
        0.013333333333333334
      ],
      [
        19,
        0.0
      ],
      [
        20,
        0.01
      ],
      [
        21,
        0.0033333333333333335
      ],
      [
        22,
        0.006666666666666667
      ],
      [
        23,
        0.01
      ],
      [
        24,
        0.013333333333333334
      ],
      [
        25,
        0.01
      ],
      [
        26,
        0.01
      ],
      [
        27,
        0.0033333333333333335
      ],
      [
        28,
        0.0033333333333333335
      ],
      [
        29,
        0.006666666666666667
      ],
      [
        30,
        0.0033333333333333335
      ],
      [
        31,
        0.013333333333333334
      ],
      [
        32,
        0.01
      ],
      [
        33,
        0.013333333333333334
      ],
      [
        34,
        0.0033333333333333335
      ],
      [
        35,
        0.0033333333333333335
      ],
      [
        36,
        0.013333333333333334
      ],
      [
        37,
        0.0033333333333333335
      ],
      [
        38,
        0.01
      ],
      [
        39,
        0.0033333333333333335
      ],
      [
        40,
        0.01
      ],
      [
        41,
        0.0
      ],
      [
        42,
        0.0033333333333333335
      ],
      [
        43,
        0.0
      ],
      [
        44,
        0.0
      ],
      [
        45,
        0.01
      ],
      [
        46,
        0.0033333333333333335
      ],
      [
        47,
        0.02
      ],
      [
        48,
        0.0
      ],
      [
        49,
        0.013333333333333334
      ],
      [
        50,
        0.0033333333333333335
      ],
      [
        51,
        0.013333333333333334
      ],
      [
        52,
        0.0033333333333333335
      ],
      [
        53,
        0.01
      ],
      [
        54,
        0.016666666666666666
      ],
      [
        55,
        0.006666666666666667
      ],
      [
        56,
        0.013333333333333334
      ],
      [
        57,
        0.0
      ],
      [
        58,
        0.01
      ],
      [
        59,
        0.006666666666666667
      ],
      [
        60,
        0.006666666666666667
      ],
      [
        61,
        0.013333333333333334
      ],
      [
        62,
        0.016666666666666666
      ],
      [
        63,
        0.01
      ],
      [
        64,
        0.013333333333333334
      ],
      [
        65,
        0.01
      ],
      [
        66,
        0.0033333333333333335
      ],
      [
        67,
        0.0033333333333333335
      ],
      [
        68,
        0.01
      ],
      [
        69,
        0.016666666666666666
      ],
      [
        70,
        0.02
      ],
      [
        71,
        0.0033333333333333335
      ],
      [
        72,
        0.01
      ],
      [
        73,
        0.006666666666666667
      ],
      [
        74,
        0.013333333333333334
      ],
      [
        75,
        0.01
      ],
      [
        76,
        0.006666666666666667
      ],
      [
        77,
        0.01
      ],
      [
        78,
        0.01
      ]
    ],
    "comp_size": 156,
    "ds_est": -1.0321246042884296,
    "ds_valid": false,
    "fit_t_max": 78,
    "fit_t_min": 26,
    "notes": "fit_invalid",
    "r2": 0.07968078049348892,
    "slope": 0.5160623021442148
  },
  "glue_state": {
    "cadence": {
      "field": "T",
      "mean": 1.1169956016306322,
      "var": 2.157041537713704e-31
    },
    "domains": {
      "counts": {
        "0": 8
      },
      "entropy": -1.000088900581841e-12
    },
    "phase": {
      "R": 1.0
    }
  },
  "hubshare": 0.017543859649122806,
  "islands": {
    "F_max": 0.125,
    "F_max_by_wstar": {
      "0.10": 1.0,
      "0.20": 0.75,
      "0.30": 0.125
    },
    "bundle_hist": {
      "1": 8
    },
    "bundle_hist_by_wstar": {
      "0.10": {
        "8": 1
      },
      "0.20": {
        "2": 1,
        "6": 1
      },
      "0.30": {
        "1": 8
      }
    },
    "bundle_sizes": [
      1,
      1,
      1,
      1,
      1,
      1,
      1,
      1
    ],
    "w_star": 0.3
  },
  "max_indegree": 9,
  "measure_epochs": 4500,
  "n": 0.8,
  "run_id": "geometry_scan_C5_W100_N8_n0p2_0p6_0p8_s56791_56798_v2__full__N8__n0.800__seed56792",
  "seed": 56792,
  "space_state": {
    "S_junc_w": 5.787840935959384,
    "S_perc": 0.9629629629629629,
    "V_active_size": 162,
    "allow_cocreate_merge": false,
    "clustering": 0.03969034073929179,
    "domain_match": true,
    "enabled": true,
    "hubshare": 0.017543859649122806,
    "max_indegree": 9,
    "p_reuse_policy": "from_n",
    "p_reuse_value_last": 0.8
  },
  "steps_total": 5000,
  "variant": "full"
}