{
  "L": 0.46292018287922193,
  "L_inst": 0.7507222222222222,
  "N": 8,
  "Q_clock": 1.3093360018480582,
  "S_junc_w": 0.14165589265775042,
  "S_perc": 0.8931297709923665,
  "anomaly_flags": {
    "runaway_hubbing": false,
    "star_collapse": false,
    "tierB_evaluated": false
  },
  "burn_in_epochs": 500,
  "clustering": 0.0,
  "elapsed_seconds": 1.6640980243682861,
  "ell_lock": 150.02955961915998,
  "engine_mode": "v_glue",
  "geometry": {
    "P0_downsample": [
      [
        0,
        1.0
      ],
      [
        7,
        0.0
      ],
      [
        14,
        0.15333333333333332
      ],
      [
        21,
        0.0
      ],
      [
        28,
        0.12666666666666668
      ],
      [
        35,
        0.0
      ],
      [
        42,
        0.06333333333333334
      ],
      [
        49,
        0.0033333333333333335
      ],
      [
        56,
        0.06333333333333334
      ],
      [
        63,
        0.0
      ],
      [
        70,
        0.06
      ],
      [
        77,
        0.0
      ],
      [
        84,
        0.04
      ],
      [
        91,
        0.0033333333333333335
      ],
      [
        98,
        0.04666666666666667
      ],
      [
        105,
        0.0
      ],
      [
        112,
        0.02666666666666667
      ],
      [
        119,
        0.0033333333333333335
      ],
      [
        126,
        0.03333333333333333
      ],
      [
        133,
        0.0
      ],
      [
        140,
        0.02666666666666667
      ],
      [
        147,
        0.0
      ],
      [
        154,
        0.03666666666666667
      ],
      [
        161,
        0.0
      ],
      [
        168,
        0.03333333333333333
      ],
      [
        175,
        0.0033333333333333335
      ],
      [
        182,
        0.02666666666666667
      ],
      [
        189,
        0.0
      ],
      [
        196,
        0.02666666666666667
      ],
      [
        203,
        0.0
      ],
      [
        210,
        0.006666666666666667
      ],
      [
        217,
        0.0
      ],
      [
        224,
        0.013333333333333334
      ],
      [
        231,
        0.0
      ],
      [
        238,
        0.013333333333333334
      ],
      [
        245,
        0.0
      ],
      [
        252,
        0.02
      ],
      [
        259,
        0.0
      ],
      [
        266,
        0.016666666666666666
      ],
      [
        273,
        0.0
      ],
      [
        280,
        0.013333333333333334
      ],
      [
        287,
        0.0
      ]
    ],
    "comp_size": 585,
    "ds_est": 1.0133169449002488,
    "ds_valid": false,
    "fit_t_max": 292,
    "fit_t_min": 30,
    "notes": "fit_invalid",
    "r2": 0.10476243372794214,
    "slope": -0.5066584724501244
  },
  "glue_state": {
    "cadence": {
      "field": "T",
      "mean": 0.9677371514532194,
      "var": 1.1093356479670479e-31
    },
    "domains": {
      "counts": {
        "0": 8
      },
      "entropy": -1.000088900581841e-12
    },
    "phase": {
      "R": 1.0
    }
  },
  "hubshare": 0.004081632653061225,
  "islands": {
    "F_max": 0.125,
    "F_max_by_wstar": {
      "0.10": 0.125,
      "0.20": 0.125,
      "0.30": 0.125
    },
    "bundle_hist": {
      "1": 8
    },
    "bundle_hist_by_wstar": {
      "0.10": {
        "1": 8
      },
      "0.20": {
        "1": 8
      },
      "0.30": {
        "1": 8
      }
    },
    "bundle_sizes": [
      1,
      1,
      1,
      1,
      1,
      1,
      1,
      1
    ],
    "w_star": 0.3
  },
  "max_indegree": 3,
  "measure_epochs": 4500,
  "n": 0.2,
  "run_id": "geometry_scan_C5_W100_N8_n0p2_0p6_0p8_s56791_56798_v2__full__N8__n0.200__seed56794",
  "seed": 56794,
  "space_state": {
    "S_junc_w": 0.14165589265775042,
    "S_perc": 0.8931297709923665,
    "V_active_size": 655,
    "allow_cocreate_merge": false,
    "clustering": 0.0,
    "domain_match": true,
    "enabled": true,
    "hubshare": 0.004081632653061225,
    "max_indegree": 3,
    "p_reuse_policy": "from_n",
    "p_reuse_value_last": 0.2
  },
  "steps_total": 5000,
  "variant": "full"
}