{
  "L": 0.10961499410673223,
  "L_inst": 0.7760555555555556,
  "N": 8,
  "Q_clock": 0.3100380226103752,
  "S_junc_w": 0.14736093798588695,
  "S_perc": 0.8784615384615385,
  "anomaly_flags": {
    "runaway_hubbing": false,
    "star_collapse": false,
    "tierB_evaluated": false
  },
  "burn_in_epochs": 500,
  "clustering": 0.0,
  "elapsed_seconds": 1.6523478031158447,
  "ell_lock": 236.7166610940336,
  "engine_mode": "v_glue",
  "geometry": {
    "P0_downsample": [
      [
        0,
        1.0
      ],
      [
        7,
        0.0
      ],
      [
        14,
        0.20666666666666667
      ],
      [
        21,
        0.0
      ],
      [
        28,
        0.12333333333333334
      ],
      [
        35,
        0.0
      ],
      [
        42,
        0.08
      ],
      [
        49,
        0.0
      ],
      [
        56,
        0.04666666666666667
      ],
      [
        63,
        0.0
      ],
      [
        70,
        0.043333333333333335
      ],
      [
        77,
        0.0
      ],
      [
        84,
        0.06333333333333334
      ],
      [
        91,
        0.0
      ],
      [
        98,
        0.03
      ],
      [
        105,
        0.0
      ],
      [
        112,
        0.03
      ],
      [
        119,
        0.0
      ],
      [
        126,
        0.02666666666666667
      ],
      [
        133,
        0.0
      ],
      [
        140,
        0.043333333333333335
      ],
      [
        147,
        0.0
      ],
      [
        154,
        0.03333333333333333
      ],
      [
        161,
        0.0
      ],
      [
        168,
        0.016666666666666666
      ],
      [
        175,
        0.0
      ],
      [
        182,
        0.03
      ],
      [
        189,
        0.0
      ],
      [
        196,
        0.02
      ],
      [
        203,
        0.0
      ],
      [
        210,
        0.016666666666666666
      ],
      [
        217,
        0.0
      ],
      [
        224,
        0.02
      ],
      [
        231,
        0.0
      ],
      [
        238,
        0.02
      ],
      [
        245,
        0.0033333333333333335
      ],
      [
        252,
        0.006666666666666667
      ],
      [
        259,
        0.0033333333333333335
      ],
      [
        266,
        0.016666666666666666
      ],
      [
        273,
        0.0
      ],
      [
        280,
        0.02
      ]
    ],
    "comp_size": 571,
    "ds_est": 2.1630827501877636,
    "ds_valid": false,
    "fit_t_max": 285,
    "fit_t_min": 30,
    "notes": "fit_invalid",
    "r2": 0.4647208641478635,
    "slope": -1.0815413750938818
  },
  "glue_state": {
    "cadence": {
      "field": "T",
      "mean": 1.1169956016306322,
      "var": 2.157041537713704e-31
    },
    "domains": {
      "counts": {
        "0": 8
      },
      "entropy": -1.000088900581841e-12
    },
    "phase": {
      "R": 1.0
    }
  },
  "hubshare": 0.005532503457814661,
  "islands": {
    "F_max": 0.125,
    "F_max_by_wstar": {
      "0.10": 0.125,
      "0.20": 0.125,
      "0.30": 0.125
    },
    "bundle_hist": {
      "1": 8
    },
    "bundle_hist_by_wstar": {
      "0.10": {
        "1": 8
      },
      "0.20": {
        "1": 8
      },
      "0.30": {
        "1": 8
      }
    },
    "bundle_sizes": [
      1,
      1,
      1,
      1,
      1,
      1,
      1,
      1
    ],
    "w_star": 0.3
  },
  "max_indegree": 4,
  "measure_epochs": 4500,
  "n": 0.2,
  "run_id": "geometry_scan_C5_W100_N8_n0p2_0p6_0p8_s56791_56798_v2__full__N8__n0.200__seed56792",
  "seed": 56792,
  "space_state": {
    "S_junc_w": 0.14736093798588695,
    "S_perc": 0.8784615384615385,
    "V_active_size": 650,
    "allow_cocreate_merge": false,
    "clustering": 0.0,
    "domain_match": true,
    "enabled": true,
    "hubshare": 0.005532503457814661,
    "max_indegree": 4,
    "p_reuse_policy": "from_n",
    "p_reuse_value_last": 0.2
  },
  "steps_total": 5000,
  "variant": "full"
}