{
  "L": 0.2612669535889168,
  "L_inst": 0.7527222222222222,
  "N": 8,
  "Q_clock": 0.7389745383306963,
  "S_junc_w": 1.234552738621472,
  "S_perc": 0.923728813559322,
  "anomaly_flags": {
    "runaway_hubbing": false,
    "star_collapse": false,
    "tierB_evaluated": false
  },
  "burn_in_epochs": 500,
  "clustering": 0.0036193964765393336,
  "elapsed_seconds": 1.2443780899047852,
  "ell_lock": 237.38750483614962,
  "engine_mode": "v_glue",
  "geometry": {
    "P0_downsample": [
      [
        0,
        1.0
      ],
      [
        4,
        0.23
      ],
      [
        8,
        0.12333333333333334
      ],
      [
        12,
        0.09666666666666666
      ],
      [
        16,
        0.08
      ],
      [
        20,
        0.04666666666666667
      ],
      [
        24,
        0.06
      ],
      [
        28,
        0.03666666666666667
      ],
      [
        32,
        0.02
      ],
      [
        36,
        0.016666666666666666
      ],
      [
        40,
        0.02
      ],
      [
        44,
        0.02666666666666667
      ],
      [
        48,
        0.013333333333333334
      ],
      [
        52,
        0.0033333333333333335
      ],
      [
        56,
        0.013333333333333334
      ],
      [
        60,
        0.023333333333333334
      ],
      [
        64,
        0.006666666666666667
      ],
      [
        68,
        0.0033333333333333335
      ],
      [
        72,
        0.01
      ],
      [
        76,
        0.016666666666666666
      ],
      [
        80,
        0.016666666666666666
      ],
      [
        84,
        0.016666666666666666
      ],
      [
        88,
        0.013333333333333334
      ],
      [
        92,
        0.0033333333333333335
      ],
      [
        96,
        0.0033333333333333335
      ],
      [
        100,
        0.006666666666666667
      ],
      [
        104,
        0.0
      ],
      [
        108,
        0.0033333333333333335
      ],
      [
        112,
        0.0
      ],
      [
        116,
        0.0
      ],
      [
        120,
        0.006666666666666667
      ],
      [
        124,
        0.006666666666666667
      ],
      [
        128,
        0.0033333333333333335
      ],
      [
        132,
        0.0033333333333333335
      ],
      [
        136,
        0.006666666666666667
      ],
      [
        140,
        0.0033333333333333335
      ],
      [
        144,
        0.0033333333333333335
      ],
      [
        148,
        0.0033333333333333335
      ],
      [
        152,
        0.01
      ],
      [
        156,
        0.0033333333333333335
      ],
      [
        160,
        0.0033333333333333335
      ]
    ],
    "comp_size": 327,
    "ds_est": 1.6223591795620127,
    "ds_valid": false,
    "fit_t_max": 163,
    "fit_t_min": 30,
    "notes": "fit_invalid",
    "r2": 0.29497805668638155,
    "slope": -0.8111795897810063
  },
  "glue_state": {
    "cadence": {
      "field": "T",
      "mean": 1.0131209169347295,
      "var": 2.8965986363584027e-31
    },
    "domains": {
      "counts": {
        "0": 8
      },
      "entropy": -1.000088900581841e-12
    },
    "phase": {
      "R": 1.0
    }
  },
  "hubshare": 0.011904761904761904,
  "islands": {
    "F_max": 0.125,
    "F_max_by_wstar": {
      "0.10": 0.25,
      "0.20": 0.125,
      "0.30": 0.125
    },
    "bundle_hist": {
      "1": 8
    },
    "bundle_hist_by_wstar": {
      "0.10": {
        "1": 6,
        "2": 1
      },
      "0.20": {
        "1": 8
      },
      "0.30": {
        "1": 8
      }
    },
    "bundle_sizes": [
      1,
      1,
      1,
      1,
      1,
      1,
      1,
      1
    ],
    "w_star": 0.3
  },
  "max_indegree": 7,
  "measure_epochs": 4500,
  "n": 0.6,
  "run_id": "geometry_scan_C5_W100_N8_n0p2_0p6_0p8_s56791_56798_v2__full__N8__n0.600__seed56797",
  "seed": 56797,
  "space_state": {
    "S_junc_w": 1.234552738621472,
    "S_perc": 0.923728813559322,
    "V_active_size": 354,
    "allow_cocreate_merge": false,
    "clustering": 0.0036193964765393336,
    "domain_match": true,
    "enabled": true,
    "hubshare": 0.011904761904761904,
    "max_indegree": 7,
    "p_reuse_policy": "from_n",
    "p_reuse_value_last": 0.6
  },
  "steps_total": 5000,
  "variant": "full"
}