{
  "L": 0.0,
  "N": 64,
  "Q_clock": 0.0,
  "S_junc_w": 0.11883031890568548,
  "S_perc": 0.21143214770001043,
  "anomaly_flags": {
    "runaway_hubbing": false,
    "star_collapse": false,
    "tierB_evaluated": true
  },
  "beta_junc": 1.5,
  "burn_in_epochs": 8000,
  "clustering": 0.0,
  "elapsed_seconds": 302.39028310775757,
  "ell_lock": 0,
  "hubshare": 0.0005829204313611193,
  "max_indegree": 6,
  "measure_epochs": 12000,
  "n": 0.6,
  "run_id": "timeseries_probe_v0_1__full__N64__n0.600__seed1",
  "seed": 1,
  "steps_total": 20000,
  "timeseries": {
    "L_series": [
      0.0,
      0.0,
      0.0,
      0.0,
      0.0,
      0.0,
      0.0,
      0.0,
      0.0,
      0.0,
      0.0,
      0.0,
      0.0,
      0.0,
      0.0,
      0.0,
      0.0,
      0.0,
      0.0,
      0.0,
      0.0,
      0.0,
      0.0,
      0.0,
      0.0,
      0.0,
      0.0,
      0.0,
      0.0,
      0.0,
      0.0,
      0.0,
      0.0,
      0.0,
      0.0,
      0.0,
      0.0,
      0.0,
      0.0,
      0.0,
      0.0,
      0.0,
      0.0,
      0.0,
      0.0,
      0.0,
      0.0,
      0.0,
      0.0,
      0.0,
      0.0,
      0.0,
      0.0,
      0.0,
      0.0,
      0.0,
      0.0,
      0.0,
      0.0,
      0.0,
      0.0,
      0.0,
      0.0,
      0.0,
      0.0,
      0.0,
      0.0,
      0.0,
      0.0,
      0.0,
      0.0,
      0.0,
      0.0,
      0.0,
      0.0,
      0.0,
      0.0,
      0.0,
      0.0,
      0.0,
      0.0,
      0.0,
      0.0,
      0.0,
      0.0,
      0.0,
      0.0,
      0.0,
      0.0,
      0.0,
      0.0,
      0.0,
      0.0,
      0.0,
      0.0,
      0.0,
      0.0,
      0.0,
      0.0,
      0.0,
      0.0,
      0.0,
      0.0,
      0.0,
      0.0,
      0.0,
      0.0,
      0.0,
      0.0,
      0.0,
      0.0,
      0.0,
      0.0,
      0.0,
      0.0,
      0.0,
      0.0,
      0.0,
      0.0,
      0.0,
      0.0,
      0.0
    ],
    "Sjuncw_series": [
      1.418771476775453,
      0.35513451359229004,
      0.11511580604420998,
      0.11768307825083647,
      0.12427964762230798,
      0.13118811008074147,
      0.12315872535629273,
      0.16858154143847912,
      0.701163050574536,
      1.5815236251928648,
      0.12337314284504447,
      0.1265036122831301,
      0.12348459647128467,
      0.1269689020719265,
      0.10988653553211217,
      0.11707565698575882,
      0.1940219485935394,
      0.7738091350900731,
      1.6379960459019147,
      0.13451614339774678,
      0.12522372663463138,
      0.12004944986330744,
      0.12263904101653281,
      0.11219892784084866,
      0.11314910954673638,
      0.25269638654380455,
      0.8957759215746763,
      1.7613343040214289,
      0.10669621758155076,
      0.10615643232242704,
      0.11543990457307224,
      0.11853217550328461,
      0.11867504077180457,
      0.10816913360490557,
      0.3240425384188979,
      1.055283994940812,
      1.674381331062671,
      0.1242402264920192,
      0.12604175446114474,
      0.1353391046733968,
      0.1241317392305983,
      0.13524265209213263,
      0.11809163765495373,
      0.363452127762308,
      1.1426183885811547,
      1.3946410406205427,
      0.12675047838315412,
      0.11548510893830191,
      0.12409647648089076,
      0.11496372534401542,
      0.11062872488344928,
      0.12216251021474123,
      0.5285347851540134,
      1.3410641304844844,
      0.8548979085196263,
      0.13319923387337,
      0.1268932829394856,
      0.11404580829538345,
      0.12181958630406987,
      0.11485384139282098,
      0.1377845082476661,
      0.5824511196471012,
      1.425946703527338,
      0.24286918998691306,
      0.12381474151700095,
      0.11786547631964,
      0.11908166568993911,
      0.11531776969740781,
      0.12777078777146392,
      0.16749246125142103,
      0.7147742850557873,
      1.5578684766539366,
      0.116634971174209,
      0.12135269536386512,
      0.11216151900388263,
      0.11699815383194474,
      0.11806519628607337,
      0.1332743861220903,
      0.2066739291538468,
      0.8565488379695531,
      1.6992965097317634,
      0.11454372612313198,
      0.1227669221151568,
      0.12219336316738044,
      0.12676632625488526,
      0.1248056865945617,
      0.1335610269566022,
      0.24547644523938678,
      0.944909703885659,
      1.8232143450234601,
      0.11849020364387347,
      0.13143510022047697,
      0.12474235111146272,
      0.12268899567209522,
      0.1227413920764785,
      0.12398784685831254,
      0.3226776505975885,
      1.0824223805462276,
      1.6596591515889596,
      0.12309190008103234,
      0.11159254413378943,
      0.11219497512022704,
      0.12549540737392983,
      0.1193278367978725,
      0.12146593922317732,
      0.41087827847079994,
      1.2089044342392177,
      1.2218761158281761,
      0.12051657361233978,
      0.12331148448390442,
      0.12490537586689861,
      0.11299368100321061,
      0.12087263593953226,
      0.12696172497769267,
      0.48711742052878054,
      1.3142072870885368,
      0.813597599226021,
      0.12485436435659679,
      0.1271423814244414,
      0.11435936150690665,
      0.12770593931570537,
      0.11883031890568548
    ],