{
  "L": 0.03927398897230343,
  "N": 64,
  "Q_clock": 0.3141919117784274,
  "S_junc_w": 19.267962538722976,
  "S_perc": 0.8214826021180031,
  "anomaly_flags": {
    "runaway_hubbing": false,
    "star_collapse": false,
    "tierB_evaluated": true
  },
  "beta_junc": 1.5,
  "burn_in_epochs": 8000,
  "clustering": 0.0047109487870838,
  "elapsed_seconds": 129.90329003334045,
  "ell_lock": 6,
  "hubshare": 0.004258083140877598,
  "max_indegree": 59,
  "measure_epochs": 12000,
  "n": 1.0,
  "run_id": "timeseries_probe_v0_1__full__N64__n1.000__seed1",
  "seed": 1,
  "steps_total": 20000,
  "timeseries": {
    "L_series": [
      0.0,
      0.0,
      0.0,
      0.38392857142857145,
      0.39890014689297254,
      0.39890014689297254,
      0.39890014689297254,
      0.39890014689297254,
      0.39890014689297254,
      0.038689034410907916,
      0.03559753231573769,
      0.03559753231573769,
      0.03559753231573769,
      0.03559753231573769,
      0.03559753231573769,
      0.041446538052403795,
      0.03742234363114194,
      0.03646059088611882,
      0.03646059088611882,
      0.03646059088611882,
      0.03646059088611882,
      0.03646059088611882,
      0.03842935658056073,
      0.03751386972330857,
      0.03751386972330857,
      0.03751386972330857,
      0.03751386972330857,
      0.03751386972330857,
      0.040118483764774365,
      0.038385414701759414,
      0.03832951261468974,
      0.03832951261468974,
      0.03832951261468974,
      0.03832951261468974,
      0.03832951261468974,
      0.03969021274227897,
      0.03861027932814661,
      0.03861027932814661,
      0.03861027932814661,
      0.03861027932814661,
      0.03861027932814661,
      0.040178119938747966,
      0.03877769325011702,
      0.03875029499051561,
      0.03875029499051561,
      0.03875029499051561,
      0.03875029499051561,
      0.03875029499051561,
      0.03933932526536011,
      0.03876806526175372,
      0.03876806526175372,
      0.03876806526175372,
      0.03876806526175372,
      0.03876806526175372,
      0.039733104546043826,
      0.03868896505616526,
      0.03851114365078861,
      0.03851114365078861,
      0.03851114365078861,
      0.03851114365078861,
      0.03851114365078861,
      0.03901124171980573,
      0.038563311682476474,
      0.038563311682476474,
      0.038563311682476474,
      0.038563311682476474,
      0.038563311682476474,
      0.039528782635389136,
      0.038756266167366306,
      0.038756266167366306,
      0.038756266167366306,
      0.038756266167366306,
      0.038756266167366306,
      0.0397479310570505,
      0.03898234373037125,
      0.03878051031156522,
      0.03878051031156522,
      0.03878051031156522,
      0.03878051031156522,
      0.03878051031156522,
      0.039282459597586764,
      0.038906272488703104,
      0.038906272488703104,
      0.038906272488703104,
      0.038906272488703104,
      0.038906272488703104,
      0.03968374882969769,
      0.03921894980489861,
      0.038819989103790684,
      0.038819989103790684,
      0.038819989103790684,
      0.038819989103790684,
      0.038819989103790684,
      0.03948342631552618,
      0.03925475533671697,
      0.03925475533671697,
      0.03925475533671697,
      0.03925475533671697,
      0.03925475533671697,
      0.03925475533671697,
      0.039469499247405386,
      0.03924688856552666,
      0.03924688856552666,
      0.03924688856552666,
      0.03924688856552666,
      0.03924688856552666,
      0.039533737049274514,
      0.03911751841042469,
      0.03911751841042469,
      0.03911751841042469,
      0.03911751841042469,
      0.03911751841042469,
      0.03963754386002779,
      0.039352520802688674,
      0.039191654318855754,
      0.039191654318855754,
      0.039191654318855754,
      0.039191654318855754,
      0.039191654318855754,
      0.03954269024337522,
      0.03927398897230343,
      0.03927398897230343
    ],
    "Sjuncw_series": [
      3.3523220127807916,
      3.1848628481938817,
      3.3313112897679664,
      10.623962077213715,
      18.21422734436663,
      18.141724367612046,
      5.480937437288135,
      3.270322162585859,
      3.279852036009014,
      6.717774626066355,
      16.0844370846789,
      21.17529778778445,
      12.15497445009588,
      3.1902128293633942,
      3.2219019942800555,
      3.6828695003062126,
      11.76007377678634,
      19.511647275750114,
      17.78984547222782,
      4.653262141532735,
      3.2383297735931307,
      3.064623508851463,
      7.360582647103776,
      15.775501479022518,
      20.27682983879199,
      9.792808630470876,
      3.250796535093538,
      3.3233555158693053,
      4.505060971853239,
      13.11279683426354,
      20.05073892261398,
      16.463901324747745,
      3.216756416559495,
      3.1713147105870023,
      3.188199358547913,
      8.372766195881558,
      17.314747005944927,
      20.79427754395706,
      9.550790682642917,
      3.0933804477863185,
      3.1394354508236253,
      5.108745455489078,
      14.194891632539267,
      20.518556432528136,
      14.95621575990918,
      3.2091500020979904,
      3.1395692754058677,
      3.0638193126921163,
      9.772024694537702,
      17.714197861590602,
      18.879850106495965,
      7.04946236045793,
      3.2453193584724316,
      3.2625333848095335,
      6.046230130532652,
      15.391347297666885,
      21.578853370514178,
      13.787670316309704,
      3.217559591823776,
      3.060421072764729,
      3.105744955115802,
      10.483632249351308,
      17.981992207171732,
      17.4279682030683,
      5.413281982438888,
      3.061035325949141,
      3.162613506053276,
      7.370759049781485,
      16.959367905680367,
      22.187357214340263,
      11.7344018809684,
      3.1884148907599967,
      3.225268122686112,
      3.6753012006631898,
      12.003163535853531,
      19.234627615817182,
      17.197000677823603,
      4.30058188593984,
      3.168902936028219,
      3.160024510554499,
      8.27426200439709,
      17.00280659621925,
      20.44709562821424,
      9.964502140625044,
      3.2328393545425547,
      3.3424507195746,
      4.396728643387392,
      12.383829128176606,
      19.739424616565124,
      16.67577031429064,
      3.3431420605921605,
      3.512071444152345,
      3.3834989706943612,
      7.516323878782911,
      16.314524302565044,
      21.146575750774,
      10.414703784574089,
      3.32126913270828,
      3.357913908272447,
      3.8555028001161746,
      12.119578544190315,
      18.948222568207772,
      16.725501743023838,
      3.6075286510432947,
      3.0338594853280068,
      3.181785539622041,
      8.239894539767187,
      17.494233683869698,
      20.929364083334704,
      9.949396529998822,
      3.0669659702162475,
      3.1167235649300253,
      5.0771509007747815,
      13.639846801614217,
      19.90873777780172,
      14.42539396289953,
      3.1363409114590595,
      3.1503235417171207,
      3.03223250433592,
      10.152239264277203,
      18.153403151457844,
      19.267962538722976
    ],