{
  "L": 0.0,
  "N": 64,
  "Q_clock": 0.0,
  "S_junc_w": 0.48544224950236503,
  "S_perc": 0.8481724461105904,
  "anomaly_flags": {
    "runaway_hubbing": false,
    "star_collapse": false,
    "tierB_evaluated": true
  },
  "beta_junc": 1.5,
  "burn_in_epochs": 8000,
  "clustering": 0.0,
  "elapsed_seconds": 374.99602699279785,
  "ell_lock": 0,
  "hubshare": 0.0005140727412928929,
  "max_indegree": 8,
  "measure_epochs": 12000,
  "n": 0.2,
  "run_id": "timeseries_probe_v0_1__full__N64__n0.200__seed1",
  "seed": 1,
  "steps_total": 20000,
  "timeseries": {
    "L_series": [
      0.0,
      0.0,
      0.0,
      0.0,
      0.0,
      0.0,
      0.0,
      0.0,
      0.0,
      0.0,
      0.0,
      0.0,
      0.0,
      0.0,
      0.0,
      0.0,
      0.0,
      0.0,
      0.0,
      0.0,
      0.0,
      0.0,
      0.0,
      0.0,
      0.0,
      0.0,
      0.0,
      0.0,
      0.0,
      0.0,
      0.0,
      0.0,
      0.0,
      0.0,
      0.0,
      0.0,
      0.0,
      0.0,
      0.0,
      0.0,
      0.0,
      0.0,
      0.0,
      0.0,
      0.0,
      0.0,
      0.0,
      0.0,
      0.0,
      0.0,
      0.0,
      0.0,
      0.0,
      0.0,
      0.0,
      0.0,
      0.0,
      0.0,
      0.0,
      0.0,
      0.0,
      0.0,
      0.0,
      0.0,
      0.0,
      0.0,
      0.0,
      0.0,
      0.0,
      0.0,
      0.0,
      0.0,
      0.0,
      0.0,
      0.0,
      0.0,
      0.0,
      0.0,
      0.0,
      0.0,
      0.0,
      0.0,
      0.0,
      0.0,
      0.0,
      0.0,
      0.0,
      0.0,
      0.0,
      0.0,
      0.0,
      0.0,
      0.0,
      0.0,
      0.0,
      0.0,
      0.0,
      0.0,
      0.0,
      0.0,
      0.0,
      0.0,
      0.0,
      0.0,
      0.0,
      0.0,
      0.0,
      0.0,
      0.0,
      0.0,
      0.0,
      0.0,
      0.0,
      0.0,
      0.0,
      0.0,
      0.0,
      0.0,
      0.0,
      0.0,
      0.0,
      0.0
    ],
    "Sjuncw_series": [
      0.39920825369577334,
      0.21031083713684084,
      0.030364831777039893,
      0.030371977130879423,
      0.02974639553402037,
      0.03229601766180689,
      0.1961067821246606,
      0.49682353754170216,
      0.027926065914571054,
      0.02972700892720497,
      0.030604118247765565,
      0.0320225460802675,
      0.05485863933125294,
      0.2923871328429659,
      0.6053419322717638,
      0.026085620491844156,
      0.03138100622554712,
      0.03249477836601971,
      0.02972324014409962,
      0.13579073166710606,
      0.422219782943029,
      0.2047887464439685,
      0.027472267227052385,
      0.030884921901170332,
      0.028201421388273275,
      0.030240111906585408,
      0.21170554421494117,
      0.5191657329167935,
      0.03052482646821781,
      0.026345895941743684,
      0.03230090608456889,
      0.026857379538364336,
      0.057757993522047364,
      0.30211886293704476,
      0.6143116580669508,
      0.02924590068010968,
      0.02828706535106256,
      0.03357810836238397,
      0.03270967311990777,
      0.12310818176325725,
      0.39454340023073664,
      0.16294661771960706,
      0.028952771811388098,
      0.02665144052838329,
      0.02728476337793612,
      0.028164420017463526,
      0.22595701595573817,
      0.5334249753482012,
      0.032151353318077475,
      0.02765632039495575,
      0.026775716344434725,
      0.026490385923924265,
      0.06283708208912596,
      0.31693126064142707,
      0.6203895465432966,
      0.03012543441508669,
      0.03187908990584346,
      0.027880913941810415,
      0.03402048115505935,
      0.13427412539263542,
      0.42726577488393613,
      0.15845793426140928,
      0.028640613205003333,
      0.030743632682885175,
      0.02829925433879137,
      0.024907151640746646,
      0.20923889853839783,
      0.5009092870516213,
      0.030833460511188734,
      0.028751218339925767,
      0.02659805275312315,
      0.0277456435559961,
      0.06612954653141033,
      0.3306651068302515,
      0.5930723297042158,
      0.029636040222537782,
      0.03194193511105315,
      0.032534714900768105,
      0.027500451896830792,
      0.14233288172698028,
      0.42397029177328216,
      0.12960796887301468,
      0.0274342947070951,
      0.028815673588131193,
      0.026871120384423058,
      0.030336651439815072,
      0.24249794050035184,
      0.543959066975973,
      0.030297993707160974,
      0.034273769883985214,
      0.026320155310110286,
      0.032075320122153514,
      0.07689952571631159,
      0.34740830883888324,
      0.6056865449976238,
      0.028872094186418767,
      0.030075895142051733,
      0.031281587184579615,
      0.03012422478377602,
      0.14955264202795654,
      0.4431037989326509,
      0.09950223043559114,
      0.02913191223125262,
      0.03033334237257825,
      0.03296849582708808,
      0.028627951430115827,
      0.21981739421215477,
      0.5233176781481252,
      0.029832983781243237,
      0.027694639371851668,
      0.029767828512224145,
      0.029097144701141872,
      0.06683828153894175,
      0.3270180057860285,
      0.6007849788990802,
      0.030025479757252838,
      0.030375789280046743,
      0.02498859821158187,
      0.02884207844889475,
      0.14199576216735899,
      0.4202732855834051,
      0.48544224950236503
    ],