{
  "L": 0.5889751863819751,
  "L_inst": 0.7415555555555555,
  "N": 4,
  "Q_clock": 1.1779503727639502,
  "S_junc_w": 0.0,
  "S_perc": 0.0,
  "anomaly_flags": {
    "runaway_hubbing": false,
    "star_collapse": false,
    "tierB_evaluated": false
  },
  "burn_in_epochs": 500,
  "clustering": null,
  "elapsed_seconds": 0.13716459274291992,
  "ell_lock": 83.49456367750952,
  "engine_mode": "v_glue",
  "glue_state": {
    "cadence": {
      "field": "T",
      "mean": 1.1096641319434515,
      "var": 1.8488927466117464e-31
    },
    "domains": {
      "counts": {
        "0": 4
      },
      "entropy": -1.000088900581841e-12
    },
    "phase": {
      "R": 1.0
    }
  },
  "hubshare": 0.0,
  "islands": {
    "enabled": false
  },
  "max_indegree": 0,
  "measure_epochs": 4500,
  "n": 0.0,
  "run_id": "vreg_C5_W100_N4_seed56789_A_nospace__full__N4__n0.000__seed56789",
  "seed": 56789,
  "space_state": {
    "enabled": false
  },
  "steps_total": 5000,
  "variant": "full"
}