{
  "L": 0.5228112122409874,
  "L_inst": 0.788,
  "N": 4,
  "Q_clock": 1.0456224244819747,
  "S_junc_w": 5.312996162620093,
  "S_perc": 0.975,
  "anomaly_flags": {
    "runaway_hubbing": false,
    "star_collapse": false,
    "tierB_evaluated": false
  },
  "burn_in_epochs": 500,
  "clustering": 0.08157208088714939,
  "elapsed_seconds": 0.43677806854248047,
  "ell_lock": 106.50460319120641,
  "engine_mode": "v_glue",
  "glue_state": {
    "cadence": {
      "field": "T",
      "mean": 1.1096641319434515,
      "var": 1.8488927466117464e-31
    },
    "domains": {
      "counts": {
        "0": 4
      },
      "entropy": -1.000088900581841e-12
    },
    "phase": {
      "R": 1.0
    }
  },
  "hubshare": 0.02857142857142857,
  "islands": {
    "F_max": 0.75,
    "bundle_hist": {
      "1": 1,
      "3": 1
    },
    "bundle_sizes": [
      3,
      1
    ],
    "w_star": 0.3
  },
  "max_indegree": 7,
  "measure_epochs": 4500,
  "n": 0.0,
  "run_id": "vreg_C5_W100_N4_seed56789_B_space_on_preuse_0p80__full__N4__n0.000__seed56789",
  "seed": 56789,
  "space_state": {
    "S_junc_w": 5.312996162620093,
    "S_perc": 0.975,
    "V_active_size": 80,
    "allow_cocreate_merge": false,
    "clustering": 0.08157208088714939,
    "domain_match": true,
    "enabled": true,
    "hubshare": 0.02857142857142857,
    "max_indegree": 7,
    "p_reuse_policy": "fixed",
    "p_reuse_value_last": 0.8
  },
  "steps_total": 5000,
  "variant": "full"
}