{
  "L": 0.32305642144487046,
  "L_inst": 0.7425,
  "N": 4,
  "Q_clock": 0.6461128428897409,
  "S_junc_w": 3.8367046006516254,
  "S_perc": 0.9801980198019802,
  "anomaly_flags": {
    "runaway_hubbing": false,
    "star_collapse": false,
    "tierB_evaluated": false
  },
  "burn_in_epochs": 400,
  "clustering": 0.040723446341423865,
  "elapsed_seconds": 0.14055776596069336,
  "ell_lock": 66.56269586619602,
  "engine_mode": "v_glue",
  "geometry": {
    "ball_growth": {
      "comp_size": 99,
      "mean_ball": [
        1.0,
        4.125,
        9.625,
        14.975,
        19.4,
        24.1,
        28.625,
        32.325,
        36.05,
        40.35,
        44.325,
        48.625,
        52.55,
        56.525,
        60.975,
        65.5,
        70.025,
        74.35,
        78.7,
        83.1,
        86.575,
        89.475,
        91.7,
        93.35,
        94.85,
        96.075,
        97.2,
        98.0,
        98.6,
        98.85,
        99.0
      ],
      "r_max": 30,
      "samples": 40
    },
    "comp_size": 99,
    "enabled": true,
    "mode": "ball_growth_only"
  },
  "glue_state": {
    "cadence": {
      "field": "T",
      "mean": 0.9659402832439496,
      "var": 1.9721522630525295e-31
    },
    "domains": {
      "counts": {
        "0": 4
      },
      "entropy": -1.000088900581841e-12
    },
    "phase": {
      "R": 1.0
    }
  },
  "hubshare": 0.023166023166023165,
  "islands": {
    "F_max": 0.25,
    "F_max_by_wstar": {
      "0.10": 1.0,
      "0.20": 1.0,
      "0.30": 0.25
    },
    "bundle_hist": {
      "1": 4
    },
    "bundle_hist_by_wstar": {
      "0.10": {
        "4": 1
      },
      "0.20": {
        "4": 1
      },
      "0.30": {
        "1": 4
      }
    },
    "bundle_sizes": [
      1,
      1,
      1,
      1
    ],
    "w_star": 0.3
  },
  "max_indegree": 6,
  "measure_epochs": 1600,
  "n": 0.8,
  "run_id": "ball_growth_ens_C5_W100_N4_n0p8_s56791_56795__full__N4__n0.800__seed56794",
  "seed": 56794,
  "space_state": {
    "S_junc_w": 3.8367046006516254,
    "S_perc": 0.9801980198019802,
    "V_active_size": 101,
    "allow_cocreate_merge": false,
    "clustering": 0.040723446341423865,
    "domain_match": true,
    "enabled": true,
    "hubshare": 0.023166023166023165,
    "max_indegree": 6,
    "p_reuse_policy": "from_n",
    "p_reuse_value_last": 0.8
  },
  "steps_total": 2000,
  "timeseries": {
    "enabled": false
  },
  "variant": "full"
}