{
  "L": 0.22736893819807677,
  "L_inst": 0.728125,
  "N": 4,
  "Q_clock": 0.45473787639615354,
  "S_junc_w": 4.759067072591208,
  "S_perc": 0.9382716049382716,
  "anomaly_flags": {
    "runaway_hubbing": false,
    "star_collapse": false,
    "tierB_evaluated": false
  },
  "burn_in_epochs": 400,
  "clustering": 0.08361344537815127,
  "elapsed_seconds": 0.13628411293029785,
  "ell_lock": 58.410038939210956,
  "engine_mode": "v_glue",
  "geometry": {
    "ball_growth": {
      "comp_size": 76,
      "mean_ball": [
        1.0,
        4.925,
        9.5,
        14.625,
        19.875,
        25.025,
        29.65,
        33.8,
        38.125,
        41.725,
        45.5,
        48.85,
        52.55,
        56.075,
        59.6,
        63.15,
        66.3,
        68.725,
        70.8,
        72.725,
        74.25,
        75.0,
        75.35,
        75.625,
        75.85,
        75.925,
        75.975,
        76.0,
        76.0,
        76.0,
        76.0
      ],
      "r_max": 30,
      "samples": 40
    },
    "comp_size": 76,
    "enabled": true,
    "mode": "ball_growth_only"
  },
  "glue_state": {
    "cadence": {
      "field": "T",
      "mean": 0.9153834139060075,
      "var": 8.628166150854817e-32
    },
    "domains": {
      "counts": {
        "0": 4
      },
      "entropy": -1.000088900581841e-12
    },
    "phase": {
      "R": 0.9999999999999999
    }
  },
  "hubshare": 0.030303030303030304,
  "islands": {
    "F_max": 0.75,
    "F_max_by_wstar": {
      "0.10": 1.0,
      "0.20": 1.0,
      "0.30": 0.75
    },
    "bundle_hist": {
      "1": 1,
      "3": 1
    },
    "bundle_hist_by_wstar": {
      "0.10": {
        "4": 1
      },
      "0.20": {
        "4": 1
      },
      "0.30": {
        "1": 1,
        "3": 1
      }
    },
    "bundle_sizes": [
      3,
      1
    ],
    "w_star": 0.3
  },
  "max_indegree": 7,
  "measure_epochs": 1600,
  "n": 0.8,
  "run_id": "ball_growth_ens_C5_W100_N4_n0p8_s56791_56795__full__N4__n0.800__seed56791",
  "seed": 56791,
  "space_state": {
    "S_junc_w": 4.759067072591208,
    "S_perc": 0.9382716049382716,
    "V_active_size": 81,
    "allow_cocreate_merge": false,
    "clustering": 0.08361344537815127,
    "domain_match": true,
    "enabled": true,
    "hubshare": 0.030303030303030304,
    "max_indegree": 7,
    "p_reuse_policy": "from_n",
    "p_reuse_value_last": 0.8
  },
  "steps_total": 2000,
  "timeseries": {
    "enabled": false
  },
  "variant": "full"
}