{
  "L": 0.5565961815640852,
  "L_inst": 0.6871875,
  "N": 4,
  "Q_clock": 1.1131923631281704,
  "S_junc_w": 4.653135120507307,
  "S_perc": 0.9259259259259259,
  "anomaly_flags": {
    "runaway_hubbing": false,
    "star_collapse": false,
    "tierB_evaluated": false
  },
  "burn_in_epochs": 400,
  "clustering": 0.068265639589169,
  "elapsed_seconds": 0.13896894454956055,
  "ell_lock": 45.59875583435697,
  "engine_mode": "v_glue",
  "geometry": {
    "ball_growth": {
      "comp_size": 75,
      "mean_ball": [
        1.0,
        4.625,
        9.0,
        12.975,
        16.95,
        20.6,
        25.025,
        29.45,
        33.925,
        38.825,
        43.6,
        48.025,
        52.7,
        57.425,
        61.375,
        64.725,
        67.325,
        69.65,
        71.55,
        72.875,
        73.85,
        74.425,
        74.775,
        74.85,
        74.9,
        74.95,
        74.975,
        75.0,
        75.0,
        75.0,
        75.0
      ],
      "r_max": 30,
      "samples": 40
    },
    "comp_size": 75,
    "enabled": true,
    "mode": "ball_growth_only"
  },
  "glue_state": {
    "cadence": {
      "field": "T",
      "mean": 1.0181053967575489,
      "var": 7.025792437124636e-31
    },
    "domains": {
      "counts": {
        "0": 4
      },
      "entropy": -1.000088900581841e-12
    },
    "phase": {
      "R": 1.0
    }
  },
  "hubshare": 0.04,
  "islands": {
    "F_max": 0.75,
    "F_max_by_wstar": {
      "0.10": 1.0,
      "0.20": 1.0,
      "0.30": 0.75
    },
    "bundle_hist": {
      "1": 1,
      "3": 1
    },
    "bundle_hist_by_wstar": {
      "0.10": {
        "4": 1
      },
      "0.20": {
        "4": 1
      },
      "0.30": {
        "1": 1,
        "3": 1
      }
    },
    "bundle_sizes": [
      3,
      1
    ],
    "w_star": 0.3
  },
  "max_indegree": 9,
  "measure_epochs": 1600,
  "n": 0.8,
  "run_id": "ball_growth_ens_C5_W100_N4_n0p8_s56791_56795__full__N4__n0.800__seed56793",
  "seed": 56793,
  "space_state": {
    "S_junc_w": 4.653135120507307,
    "S_perc": 0.9259259259259259,
    "V_active_size": 81,
    "allow_cocreate_merge": false,
    "clustering": 0.068265639589169,
    "domain_match": true,
    "enabled": true,
    "hubshare": 0.04,
    "max_indegree": 9,
    "p_reuse_policy": "from_n",
    "p_reuse_value_last": 0.8
  },
  "steps_total": 2000,
  "timeseries": {
    "enabled": false
  },
  "variant": "full"
}