{
  "L": 0.5006497201921276,
  "L_inst": 0.7484375,
  "N": 4,
  "Q_clock": 1.0012994403842552,
  "S_junc_w": 5.409855069830373,
  "S_perc": 0.9506172839506173,
  "anomaly_flags": {
    "runaway_hubbing": false,
    "star_collapse": false,
    "tierB_evaluated": false
  },
  "burn_in_epochs": 400,
  "clustering": 0.10159791189202953,
  "elapsed_seconds": 0.1389009952545166,
  "ell_lock": 70.59603565183639,
  "engine_mode": "v_glue",
  "geometry": {
    "ball_growth": {
      "comp_size": 77,
      "mean_ball": [
        1.0,
        4.75,
        10.475,
        15.275,
        20.1,
        24.25,
        28.5,
        32.15,
        36.7,
        41.125,
        45.45,
        49.925,
        55.0,
        60.275,
        65.1,
        69.45,
        72.45,
        74.7,
        76.05,
        76.625,
        76.825,
        76.925,
        76.975,
        77.0,
        77.0,
        77.0,
        77.0,
        77.0,
        77.0,
        77.0,
        77.0
      ],
      "r_max": 30,
      "samples": 40
    },
    "comp_size": 77,
    "enabled": true,
    "mode": "ball_growth_only"
  },
  "glue_state": {
    "cadence": {
      "field": "T",
      "mean": 0.9886640975539269,
      "var": 1.9721522630525295e-31
    },
    "domains": {
      "counts": {
        "0": 4
      },
      "entropy": -1.000088900581841e-12
    },
    "phase": {
      "R": 0.9999999999999999
    }
  },
  "hubshare": 0.036585365853658534,
  "islands": {
    "F_max": 1.0,
    "F_max_by_wstar": {
      "0.10": 1.0,
      "0.20": 1.0,
      "0.30": 1.0
    },
    "bundle_hist": {
      "4": 1
    },
    "bundle_hist_by_wstar": {
      "0.10": {
        "4": 1
      },
      "0.20": {
        "4": 1
      },
      "0.30": {
        "4": 1
      }
    },
    "bundle_sizes": [
      4
    ],
    "w_star": 0.3
  },
  "max_indegree": 9,
  "measure_epochs": 1600,
  "n": 0.8,
  "run_id": "ball_growth_ens_C5_W100_N4_n0p8_s56791_56795__full__N4__n0.800__seed56792",
  "seed": 56792,
  "space_state": {
    "S_junc_w": 5.409855069830373,
    "S_perc": 0.9506172839506173,
    "V_active_size": 81,
    "allow_cocreate_merge": false,
    "clustering": 0.10159791189202953,
    "domain_match": true,
    "enabled": true,
    "hubshare": 0.036585365853658534,
    "max_indegree": 9,
    "p_reuse_policy": "from_n",
    "p_reuse_value_last": 0.8
  },
  "steps_total": 2000,
  "timeseries": {
    "enabled": false
  },
  "variant": "full"
}