{
  "L": 0.21707318334827014,
  "L_inst": 0.7483333333333333,
  "N": 8,
  "Q_clock": 0.6139756798372503,
  "S_junc_w": 5.678348865996302,
  "S_perc": 0.99375,
  "anomaly_flags": {
    "runaway_hubbing": false,
    "star_collapse": false,
    "tierB_evaluated": false
  },
  "burn_in_epochs": 500,
  "clustering": 0.03644074836127816,
  "elapsed_seconds": 0.8552231788635254,
  "ell_lock": 208.1423143707633,
  "engine_mode": "v_glue",
  "geometry": {
    "P_return_sample": [
      0.0,
      0.24,
      0.0,
      0.10333333333333333,
      0.01,
      0.07,
      0.0,
      0.04666666666666667,
      0.01,
      0.023333333333333334,
      0.0033333333333333335,
      0.013333333333333334
    ],
    "comp_size": 159,
    "ds_est": -0.6259671363275506,
    "enabled": true,
    "fit_t_max": 400,
    "fit_t_min": 30,
    "n_walkers": 300,
    "t_max": 60
  },
  "glue_state": {
    "cadence": {
      "field": "T",
      "mean": 1.0131209169347295,
      "var": 2.8965986363584027e-31
    },
    "domains": {
      "counts": {
        "0": 8
      },
      "entropy": -1.000088900581841e-12
    },
    "phase": {
      "R": 1.0
    }
  },
  "hubshare": 0.017857142857142856,
  "islands": {
    "F_max": 0.125,
    "F_max_by_wstar": {
      "0.10": 1.0,
      "0.20": 1.0,
      "0.30": 0.125
    },
    "bundle_hist": {
      "1": 8
    },
    "bundle_hist_by_wstar": {
      "0.10": {
        "8": 1
      },
      "0.20": {
        "8": 1
      },
      "0.30": {
        "1": 8
      }
    },
    "bundle_sizes": [
      1,
      1,
      1,
      1,
      1,
      1,
      1,
      1
    ],
    "w_star": 0.3
  },
  "max_indegree": 9,
  "measure_epochs": 4500,
  "n": 0.8,
  "run_id": "geometry_scan_C5_W100_N8_n0p2_0p6_0p8_s56791_56798__full__N8__n0.800__seed56797",
  "seed": 56797,
  "space_state": {
    "S_junc_w": 5.678348865996302,
    "S_perc": 0.99375,
    "V_active_size": 160,
    "allow_cocreate_merge": false,
    "clustering": 0.03644074836127816,
    "domain_match": true,
    "enabled": true,
    "hubshare": 0.017857142857142856,
    "max_indegree": 9,
    "p_reuse_policy": "from_n",
    "p_reuse_value_last": 0.8
  },
  "steps_total": 5000,
  "variant": "full"
}