{
  "L": 1.0241879118771262,
  "L_inst": 0.7627222222222222,
  "N": 8,
  "Q_clock": 2.8968408707904243,
  "S_junc_w": 5.787840935959384,
  "S_perc": 0.9629629629629629,
  "anomaly_flags": {
    "runaway_hubbing": false,
    "star_collapse": false,
    "tierB_evaluated": false
  },
  "burn_in_epochs": 500,
  "clustering": 0.03969034073929179,
  "elapsed_seconds": 0.858795166015625,
  "ell_lock": 54.49298296962382,
  "engine_mode": "v_glue",
  "geometry": {
    "P_return_sample": [
      0.0,
      0.22,
      0.0033333333333333335,
      0.09666666666666666,
      0.01,
      0.05333333333333334,
      0.01,
      0.023333333333333334,
      0.006666666666666667,
      0.0033333333333333335,
      0.006666666666666667,
      0.0
    ],
    "comp_size": 156,
    "ds_est": 3.0460712656196627,
    "enabled": true,
    "fit_t_max": 400,
    "fit_t_min": 30,
    "n_walkers": 300,
    "t_max": 60
  },
  "glue_state": {
    "cadence": {
      "field": "T",
      "mean": 1.1169956016306322,
      "var": 2.157041537713704e-31
    },
    "domains": {
      "counts": {
        "0": 8
      },
      "entropy": -1.000088900581841e-12
    },
    "phase": {
      "R": 1.0
    }
  },
  "hubshare": 0.017543859649122806,
  "islands": {
    "F_max": 0.125,
    "F_max_by_wstar": {
      "0.10": 1.0,
      "0.20": 0.75,
      "0.30": 0.125
    },
    "bundle_hist": {
      "1": 8
    },
    "bundle_hist_by_wstar": {
      "0.10": {
        "8": 1
      },
      "0.20": {
        "2": 1,
        "6": 1
      },
      "0.30": {
        "1": 8
      }
    },
    "bundle_sizes": [
      1,
      1,
      1,
      1,
      1,
      1,
      1,
      1
    ],
    "w_star": 0.3
  },
  "max_indegree": 9,
  "measure_epochs": 4500,
  "n": 0.8,
  "run_id": "geometry_scan_C5_W100_N8_n0p2_0p6_0p8_s56791_56798__full__N8__n0.800__seed56792",
  "seed": 56792,
  "space_state": {
    "S_junc_w": 5.787840935959384,
    "S_perc": 0.9629629629629629,
    "V_active_size": 162,
    "allow_cocreate_merge": false,
    "clustering": 0.03969034073929179,
    "domain_match": true,
    "enabled": true,
    "hubshare": 0.017543859649122806,
    "max_indegree": 9,
    "p_reuse_policy": "from_n",
    "p_reuse_value_last": 0.8
  },
  "steps_total": 5000,
  "variant": "full"
}