{
  "L": 0.3205611400277411,
  "L_inst": 0.734,
  "N": 8,
  "Q_clock": 0.9066838235940247,
  "S_junc_w": 4.4736066676028186,
  "S_perc": 0.9615384615384616,
  "anomaly_flags": {
    "runaway_hubbing": false,
    "star_collapse": false,
    "tierB_evaluated": false
  },
  "burn_in_epochs": 500,
  "clustering": 0.02123453146180419,
  "elapsed_seconds": 0.8555541038513184,
  "ell_lock": 179.65339672329372,
  "engine_mode": "v_glue",
  "geometry": {
    "P_return_sample": [
      0.0,
      0.30333333333333334,
      0.0033333333333333335,
      0.17333333333333334,
      0.0033333333333333335,
      0.09666666666666666,
      0.0033333333333333335,
      0.08666666666666667,
      0.02,
      0.056666666666666664,
      0.013333333333333334,
      0.043333333333333335
    ],
    "comp_size": 150,
    "ds_est": 1.0213834557055232,
    "enabled": true,
    "fit_t_max": 400,
    "fit_t_min": 30,
    "n_walkers": 300,
    "t_max": 60
  },
  "glue_state": {
    "cadence": {
      "field": "T",
      "mean": 0.9677371514532194,
      "var": 1.1093356479670479e-31
    },
    "domains": {
      "counts": {
        "0": 8
      },
      "entropy": -1.000088900581841e-12
    },
    "phase": {
      "R": 1.0
    }
  },
  "hubshare": 0.018518518518518517,
  "islands": {
    "F_max": 0.125,
    "F_max_by_wstar": {
      "0.10": 1.0,
      "0.20": 0.375,
      "0.30": 0.125
    },
    "bundle_hist": {
      "1": 8
    },
    "bundle_hist_by_wstar": {
      "0.10": {
        "8": 1
      },
      "0.20": {
        "1": 3,
        "2": 1,
        "3": 1
      },
      "0.30": {
        "1": 8
      }
    },
    "bundle_sizes": [
      1,
      1,
      1,
      1,
      1,
      1,
      1,
      1
    ],
    "w_star": 0.3
  },
  "max_indegree": 8,
  "measure_epochs": 4500,
  "n": 0.8,
  "run_id": "geometry_scan_C5_W100_N8_n0p2_0p6_0p8_s56791_56798__full__N8__n0.800__seed56794",
  "seed": 56794,
  "space_state": {
    "S_junc_w": 4.4736066676028186,
    "S_perc": 0.9615384615384616,
    "V_active_size": 156,
    "allow_cocreate_merge": false,
    "clustering": 0.02123453146180419,
    "domain_match": true,
    "enabled": true,
    "hubshare": 0.018518518518518517,
    "max_indegree": 8,
    "p_reuse_policy": "from_n",
    "p_reuse_value_last": 0.8
  },
  "steps_total": 5000,
  "variant": "full"
}