{
  "L": 1.213289043671992,
  "L_inst": 0.7815555555555556,
  "N": 8,
  "Q_clock": 3.4316996412792276,
  "S_junc_w": 4.441075341409838,
  "S_perc": 0.9553072625698324,
  "anomaly_flags": {
    "runaway_hubbing": false,
    "star_collapse": false,
    "tierB_evaluated": false
  },
  "burn_in_epochs": 500,
  "clustering": 0.0316410031599905,
  "elapsed_seconds": 0.8567321300506592,
  "ell_lock": 49.265082474034415,
  "engine_mode": "v_glue",
  "geometry": {
    "P_return_sample": [
      0.0,
      0.30333333333333334,
      0.0,
      0.09666666666666666,
      0.006666666666666667,
      0.056666666666666664,
      0.01,
      0.03666666666666667,
      0.0033333333333333335,
      0.023333333333333334,
      0.0033333333333333335,
      0.013333333333333334
    ],
    "comp_size": 171,
    "ds_est": -1.317181227101957,
    "enabled": true,
    "fit_t_max": 400,
    "fit_t_min": 30,
    "n_walkers": 300,
    "t_max": 60
  },
  "glue_state": {
    "cadence": {
      "field": "T",
      "mean": 1.1309628176353992,
      "var": 2.6500796034768365e-31
    },
    "domains": {
      "counts": {
        "0": 8
      },
      "entropy": -1.000088900581841e-12
    },
    "phase": {
      "R": 1.0
    }
  },
  "hubshare": 0.020366598778004074,
  "islands": {
    "F_max": 0.125,
    "F_max_by_wstar": {
      "0.10": 1.0,
      "0.20": 0.125,
      "0.30": 0.125
    },
    "bundle_hist": {
      "1": 8
    },
    "bundle_hist_by_wstar": {
      "0.10": {
        "8": 1
      },
      "0.20": {
        "1": 8
      },
      "0.30": {
        "1": 8
      }
    },
    "bundle_sizes": [
      1,
      1,
      1,
      1,
      1,
      1,
      1,
      1
    ],
    "w_star": 0.3
  },
  "max_indegree": 10,
  "measure_epochs": 4500,
  "n": 0.8,
  "run_id": "geometry_scan_C5_W100_N8_n0p2_0p6_0p8_s56791_56798__full__N8__n0.800__seed56793",
  "seed": 56793,
  "space_state": {
    "S_junc_w": 4.441075341409838,
    "S_perc": 0.9553072625698324,
    "V_active_size": 179,
    "allow_cocreate_merge": false,
    "clustering": 0.0316410031599905,
    "domain_match": true,
    "enabled": true,
    "hubshare": 0.020366598778004074,
    "max_indegree": 10,
    "p_reuse_policy": "from_n",
    "p_reuse_value_last": 0.8
  },
  "steps_total": 5000,
  "variant": "full"
}