{
  "L": 0.7000607733111852,
  "L_inst": 0.7505,
  "N": 8,
  "Q_clock": 1.9800708802041502,
  "S_junc_w": 1.5652020229988548,
  "S_perc": 0.9404388714733543,
  "anomaly_flags": {
    "runaway_hubbing": false,
    "star_collapse": false,
    "tierB_evaluated": false
  },
  "burn_in_epochs": 500,
  "clustering": 0.013945131858517685,
  "elapsed_seconds": 1.2228999137878418,
  "ell_lock": 75.01224168513889,
  "engine_mode": "v_glue",
  "geometry": {
    "P_return_sample": [
      0.0,
      0.33,
      0.0033333333333333335,
      0.20666666666666667,
      0.0,
      0.13,
      0.0,
      0.09,
      0.0,
      0.07333333333333333,
      0.0,
      0.06333333333333334
    ],
    "comp_size": 300,
    "ds_est": -0.14767417415775863,
    "enabled": true,
    "fit_t_max": 400,
    "fit_t_min": 30,
    "n_walkers": 300,
    "t_max": 60
  },
  "glue_state": {
    "cadence": {
      "field": "T",
      "mean": 1.0376106512929204,
      "var": 4.437342591868191e-31
    },
    "domains": {
      "counts": {
        "0": 8
      },
      "entropy": -1.000088900581841e-12
    },
    "phase": {
      "R": 1.0000000000000002
    }
  },
  "hubshare": 0.01048951048951049,
  "islands": {
    "F_max": 0.125,
    "F_max_by_wstar": {
      "0.10": 0.375,
      "0.20": 0.125,
      "0.30": 0.125
    },
    "bundle_hist": {
      "1": 8
    },
    "bundle_hist_by_wstar": {
      "0.10": {
        "1": 2,
        "3": 2
      },
      "0.20": {
        "1": 8
      },
      "0.30": {
        "1": 8
      }
    },
    "bundle_sizes": [
      1,
      1,
      1,
      1,
      1,
      1,
      1,
      1
    ],
    "w_star": 0.3
  },
  "max_indegree": 6,
  "measure_epochs": 4500,
  "n": 0.6,
  "run_id": "geometry_scan_C5_W100_N8_n0p2_0p6_0p8_s56791_56798__full__N8__n0.600__seed56798",
  "seed": 56798,
  "space_state": {
    "S_junc_w": 1.5652020229988548,
    "S_perc": 0.9404388714733543,
    "V_active_size": 319,
    "allow_cocreate_merge": false,
    "clustering": 0.013945131858517685,
    "domain_match": true,
    "enabled": true,
    "hubshare": 0.01048951048951049,
    "max_indegree": 6,
    "p_reuse_policy": "from_n",
    "p_reuse_value_last": 0.6
  },
  "steps_total": 5000,
  "variant": "full"
}