{
  "L": 0.011867032488150913,
  "L_inst": 0.38222222222222224,
  "N": 4,
  "Q_clock": 0.023734064976301827,
  "S_junc_w": 0.0,
  "S_perc": 0.25,
  "anomaly_flags": {
    "runaway_hubbing": false,
    "star_collapse": false,
    "tierB_evaluated": false
  },
  "burn_in_epochs": 500,
  "clustering": 0.0,
  "elapsed_seconds": 0.8372926712036133,
  "ell_lock": 19.76872523192901,
  "engine_mode": "v_glue",
  "glue_state": {
    "cadence": {
      "field": "T",
      "mean": 0.9886640975539267,
      "var": 0.006808781199421627
    },
    "domains": {
      "counts": {
        "0": 4
      },
      "entropy": -1.000088900581841e-12
    },
    "phase": {
      "R": 0.42435709601377136
    }
  },
  "hubshare": 0.0024752475247524753,
  "islands": {
    "F_max": 0.25,
    "F_max_by_wstar": {
      "0.10": 0.25,
      "0.20": 0.25,
      "0.30": 0.25
    },
    "bundle_hist": {
      "1": 4
    },
    "bundle_hist_by_wstar": {
      "0.10": {
        "1": 4
      },
      "0.20": {
        "1": 4
      },
      "0.30": {
        "1": 4
      }
    },
    "bundle_sizes": [
      1,
      1,
      1,
      1
    ],
    "w_star": 0.3
  },
  "max_indegree": 1,
  "measure_epochs": 4500,
  "n": 0.0,
  "run_id": "pathA_scan_C5_W100_N4_s56791_56798_glueoff__full__N4__n0.000__seed56792",
  "seed": 56792,
  "space_state": {
    "S_junc_w": 0.0,
    "S_perc": 0.25,
    "V_active_size": 404,
    "allow_cocreate_merge": false,
    "clustering": 0.0,
    "domain_match": true,
    "enabled": true,
    "hubshare": 0.0024752475247524753,
    "max_indegree": 1,
    "p_reuse_policy": "from_n",
    "p_reuse_value_last": 0.0
  },
  "steps_total": 5000,
  "variant": "full"
}