{
  "L": 0.009249005101223728,
  "L_inst": 0.37822222222222224,
  "N": 4,
  "Q_clock": 0.018498010202447457,
  "S_junc_w": 4.2656545779380775,
  "S_perc": 1.0,
  "anomaly_flags": {
    "runaway_hubbing": false,
    "star_collapse": false,
    "tierB_evaluated": false
  },
  "burn_in_epochs": 500,
  "clustering": 0.062065578330638575,
  "elapsed_seconds": 0.3818061351776123,
  "ell_lock": 19.35195809309215,
  "engine_mode": "v_glue",
  "glue_state": {
    "cadence": {
      "field": "T",
      "mean": 1.0181053967575489,
      "var": 0.020598205424882183
    },
    "domains": {
      "counts": {
        "0": 4
      },
      "entropy": -1.000088900581841e-12
    },
    "phase": {
      "R": 0.6612019106427979
    }
  },
  "hubshare": 0.028,
  "islands": {
    "F_max": 1.0,
    "F_max_by_wstar": {
      "0.10": 1.0,
      "0.20": 1.0,
      "0.30": 1.0
    },
    "bundle_hist": {
      "4": 1
    },
    "bundle_hist_by_wstar": {
      "0.10": {
        "4": 1
      },
      "0.20": {
        "4": 1
      },
      "0.30": {
        "4": 1
      }
    },
    "bundle_sizes": [
      4
    ],
    "w_star": 0.3
  },
  "max_indegree": 7,
  "measure_epochs": 4500,
  "n": 0.8,
  "run_id": "pathA_scan_C5_W100_N4_s56791_56798_glueoff__full__N4__n0.800__seed56793",
  "seed": 56793,
  "space_state": {
    "S_junc_w": 4.2656545779380775,
    "S_perc": 1.0,
    "V_active_size": 91,
    "allow_cocreate_merge": false,
    "clustering": 0.062065578330638575,
    "domain_match": true,
    "enabled": true,
    "hubshare": 0.028,
    "max_indegree": 7,
    "p_reuse_policy": "from_n",
    "p_reuse_value_last": 0.8
  },
  "steps_total": 5000,
  "variant": "full"
}