{
  "L": 0.002781841892224397,
  "L_inst": 0.37344444444444447,
  "N": 4,
  "Q_clock": 0.005563683784448794,
  "S_junc_w": 1.5589708384215777,
  "S_perc": 0.9470198675496688,
  "anomaly_flags": {
    "runaway_hubbing": false,
    "star_collapse": false,
    "tierB_evaluated": false
  },
  "burn_in_epochs": 500,
  "clustering": 0.03426791277258567,
  "elapsed_seconds": 0.5429728031158447,
  "ell_lock": 19.00366579237183,
  "engine_mode": "v_glue",
  "glue_state": {
    "cadence": {
      "field": "T",
      "mean": 1.042590711885658,
      "var": 0.07163361426945018
    },
    "domains": {
      "counts": {
        "0": 4
      },
      "entropy": -1.000088900581841e-12
    },
    "phase": {
      "R": 0.39280989200391825
    }
  },
  "hubshare": 0.022222222222222223,
  "islands": {
    "F_max": 0.25,
    "F_max_by_wstar": {
      "0.10": 1.0,
      "0.20": 0.25,
      "0.30": 0.25
    },
    "bundle_hist": {
      "1": 4
    },
    "bundle_hist_by_wstar": {
      "0.10": {
        "4": 1
      },
      "0.20": {
        "1": 4
      },
      "0.30": {
        "1": 4
      }
    },
    "bundle_sizes": [
      1,
      1,
      1,
      1
    ],
    "w_star": 0.3
  },
  "max_indegree": 6,
  "measure_epochs": 4500,
  "n": 0.6,
  "run_id": "pathA_scan_C5_W100_N4_s56791_56798_glueoff__full__N4__n0.600__seed56796",
  "seed": 56796,
  "space_state": {
    "S_junc_w": 1.5589708384215777,
    "S_perc": 0.9470198675496688,
    "V_active_size": 151,
    "allow_cocreate_merge": false,
    "clustering": 0.03426791277258567,
    "domain_match": true,
    "enabled": true,
    "hubshare": 0.022222222222222223,
    "max_indegree": 6,
    "p_reuse_policy": "from_n",
    "p_reuse_value_last": 0.6
  },
  "steps_total": 5000,
  "variant": "full"
}