{
  "L": 0.002348278896830914,
  "L_inst": 0.36877777777777776,
  "N": 4,
  "Q_clock": 0.004696557793661828,
  "S_junc_w": 1.287335589880746,
  "S_perc": 0.9257142857142857,
  "anomaly_flags": {
    "runaway_hubbing": false,
    "star_collapse": false,
    "tierB_evaluated": false
  },
  "burn_in_epochs": 500,
  "clustering": 0.03194290636151101,
  "elapsed_seconds": 0.5398430824279785,
  "ell_lock": 18.78318770669361,
  "engine_mode": "v_glue",
  "glue_state": {
    "cadence": {
      "field": "T",
      "mean": 0.8414698447054036,
      "var": 0.017065844530969935
    },
    "domains": {
      "counts": {
        "0": 4
      },
      "entropy": -1.000088900581841e-12
    },
    "phase": {
      "R": 0.6301509140305046
    }
  },
  "hubshare": 0.017421602787456445,
  "islands": {
    "F_max": 0.25,
    "F_max_by_wstar": {
      "0.10": 1.0,
      "0.20": 0.25,
      "0.30": 0.25
    },
    "bundle_hist": {
      "1": 4
    },
    "bundle_hist_by_wstar": {
      "0.10": {
        "4": 1
      },
      "0.20": {
        "1": 4
      },
      "0.30": {
        "1": 4
      }
    },
    "bundle_sizes": [
      1,
      1,
      1,
      1
    ],
    "w_star": 0.3
  },
  "max_indegree": 5,
  "measure_epochs": 4500,
  "n": 0.6,
  "run_id": "pathA_scan_C5_W100_N4_s56791_56798_glueoff__full__N4__n0.600__seed56798",
  "seed": 56798,
  "space_state": {
    "S_junc_w": 1.287335589880746,
    "S_perc": 0.9257142857142857,
    "V_active_size": 175,
    "allow_cocreate_merge": false,
    "clustering": 0.03194290636151101,
    "domain_match": true,
    "enabled": true,
    "hubshare": 0.017421602787456445,
    "max_indegree": 5,
    "p_reuse_policy": "from_n",
    "p_reuse_value_last": 0.6
  },
  "steps_total": 5000,
  "variant": "full"
}