{
  "L": 0.003446441491283312,
  "L_inst": 0.3718888888888889,
  "N": 4,
  "Q_clock": 0.006892882982566624,
  "S_junc_w": 0.5287666290374642,
  "S_perc": 0.8966942148760331,
  "anomaly_flags": {
    "runaway_hubbing": false,
    "star_collapse": false,
    "tierB_evaluated": false
  },
  "burn_in_epochs": 500,
  "clustering": 0.008333333333333333,
  "elapsed_seconds": 0.6798341274261475,
  "ell_lock": 18.81035417556003,
  "engine_mode": "v_glue",
  "glue_state": {
    "cadence": {
      "field": "T",
      "mean": 1.0181053967575489,
      "var": 0.020598205424882183
    },
    "domains": {
      "counts": {
        "0": 4
      },
      "entropy": -1.000088900581841e-12
    },
    "phase": {
      "R": 0.6612019106427979
    }
  },
  "hubshare": 0.01238390092879257,
  "islands": {
    "F_max": 0.25,
    "F_max_by_wstar": {
      "0.10": 0.25,
      "0.20": 0.25,
      "0.30": 0.25
    },
    "bundle_hist": {
      "1": 4
    },
    "bundle_hist_by_wstar": {
      "0.10": {
        "1": 4
      },
      "0.20": {
        "1": 4
      },
      "0.30": {
        "1": 4
      }
    },
    "bundle_sizes": [
      1,
      1,
      1,
      1
    ],
    "w_star": 0.3
  },
  "max_indegree": 4,
  "measure_epochs": 4500,
  "n": 0.4,
  "run_id": "pathA_scan_C5_W100_N4_s56791_56798_glueoff__full__N4__n0.400__seed56793",
  "seed": 56793,
  "space_state": {
    "S_junc_w": 0.5287666290374642,
    "S_perc": 0.8966942148760331,
    "V_active_size": 242,
    "allow_cocreate_merge": false,
    "clustering": 0.008333333333333333,
    "domain_match": true,
    "enabled": true,
    "hubshare": 0.01238390092879257,
    "max_indegree": 4,
    "p_reuse_policy": "from_n",
    "p_reuse_value_last": 0.4
  },
  "steps_total": 5000,
  "variant": "full"
}