{
  "L": 0.004543141248444555,
  "L_inst": 0.37522222222222223,
  "N": 4,
  "Q_clock": 0.00908628249688911,
  "S_junc_w": 0.19348632939849406,
  "S_perc": 0.864516129032258,
  "anomaly_flags": {
    "runaway_hubbing": false,
    "star_collapse": false,
    "tierB_evaluated": false
  },
  "burn_in_epochs": 500,
  "clustering": 0.0049868766404199474,
  "elapsed_seconds": 0.7662322521209717,
  "ell_lock": 19.07784904595439,
  "engine_mode": "v_glue",
  "glue_state": {
    "cadence": {
      "field": "T",
      "mean": 1.0181053967575489,
      "var": 0.020598205424882183
    },
    "domains": {
      "counts": {
        "0": 4
      },
      "entropy": -1.000088900581841e-12
    },
    "phase": {
      "R": 0.6612019106427979
    }
  },
  "hubshare": 0.00847457627118644,
  "islands": {
    "F_max": 0.25,
    "F_max_by_wstar": {
      "0.10": 0.25,
      "0.20": 0.25,
      "0.30": 0.25
    },
    "bundle_hist": {
      "1": 4
    },
    "bundle_hist_by_wstar": {
      "0.10": {
        "1": 4
      },
      "0.20": {
        "1": 4
      },
      "0.30": {
        "1": 4
      }
    },
    "bundle_sizes": [
      1,
      1,
      1,
      1
    ],
    "w_star": 0.3
  },
  "max_indegree": 3,
  "measure_epochs": 4500,
  "n": 0.2,
  "run_id": "pathA_scan_C5_W100_N4_s56791_56798_glueoff__full__N4__n0.200__seed56793",
  "seed": 56793,
  "space_state": {
    "S_junc_w": 0.19348632939849406,
    "S_perc": 0.864516129032258,
    "V_active_size": 310,
    "allow_cocreate_merge": false,
    "clustering": 0.0049868766404199474,
    "domain_match": true,
    "enabled": true,
    "hubshare": 0.00847457627118644,
    "max_indegree": 3,
    "p_reuse_policy": "from_n",
    "p_reuse_value_last": 0.2
  },
  "steps_total": 5000,
  "variant": "full"
}