{
  "L": 0.010380015603206071,
  "L_inst": 0.37955555555555553,
  "N": 4,
  "Q_clock": 0.020760031206412143,
  "S_junc_w": 1.4972638072222282,
  "S_perc": 0.9197530864197531,
  "anomaly_flags": {
    "runaway_hubbing": false,
    "star_collapse": false,
    "tierB_evaluated": false
  },
  "burn_in_epochs": 500,
  "clustering": 0.037158978174603174,
  "elapsed_seconds": 0.5493819713592529,
  "ell_lock": 19.056461930858724,
  "engine_mode": "v_glue",
  "glue_state": {
    "cadence": {
      "field": "T",
      "mean": 0.9659402832439494,
      "var": 0.019672644181301237
    },
    "domains": {
      "counts": {
        "0": 4
      },
      "entropy": -1.000088900581841e-12
    },
    "phase": {
      "R": 0.3588361076360792
    }
  },
  "hubshare": 0.02142857142857143,
  "islands": {
    "F_max": 0.25,
    "F_max_by_wstar": {
      "0.10": 1.0,
      "0.20": 0.25,
      "0.30": 0.25
    },
    "bundle_hist": {
      "1": 4
    },
    "bundle_hist_by_wstar": {
      "0.10": {
        "4": 1
      },
      "0.20": {
        "1": 4
      },
      "0.30": {
        "1": 4
      }
    },
    "bundle_sizes": [
      1,
      1,
      1,
      1
    ],
    "w_star": 0.3
  },
  "max_indegree": 6,
  "measure_epochs": 4500,
  "n": 0.6,
  "run_id": "pathA_scan_C5_W100_N4_s56791_56798_glueoff__full__N4__n0.600__seed56794",
  "seed": 56794,
  "space_state": {
    "S_junc_w": 1.4972638072222282,
    "S_perc": 0.9197530864197531,
    "V_active_size": 162,
    "allow_cocreate_merge": false,
    "clustering": 0.037158978174603174,
    "domain_match": true,
    "enabled": true,
    "hubshare": 0.02142857142857143,
    "max_indegree": 6,
    "p_reuse_policy": "from_n",
    "p_reuse_value_last": 0.6
  },
  "steps_total": 5000,
  "variant": "full"
}