{
  "L": 0.008142292534422122,
  "L_inst": 0.3824444444444444,
  "N": 4,
  "Q_clock": 0.016284585068844244,
  "S_junc_w": 1.584046311853571,
  "S_perc": 0.910828025477707,
  "anomaly_flags": {
    "runaway_hubbing": false,
    "star_collapse": false,
    "tierB_evaluated": false
  },
  "burn_in_epochs": 500,
  "clustering": 0.010793650793650793,
  "elapsed_seconds": 0.5350899696350098,
  "ell_lock": 18.37939267124134,
  "engine_mode": "v_glue",
  "glue_state": {
    "cadence": {
      "field": "T",
      "mean": 0.9153834139060076,
      "var": 0.003743788765660782
    },
    "domains": {
      "counts": {
        "0": 4
      },
      "entropy": -1.000088900581841e-12
    },
    "phase": {
      "R": 0.2427633094230742
    }
  },
  "hubshare": 0.01773049645390071,
  "islands": {
    "F_max": 0.25,
    "F_max_by_wstar": {
      "0.10": 1.0,
      "0.20": 0.5,
      "0.30": 0.25
    },
    "bundle_hist": {
      "1": 4
    },
    "bundle_hist_by_wstar": {
      "0.10": {
        "4": 1
      },
      "0.20": {
        "1": 2,
        "2": 1
      },
      "0.30": {
        "1": 4
      }
    },
    "bundle_sizes": [
      1,
      1,
      1,
      1
    ],
    "w_star": 0.3
  },
  "max_indegree": 5,
  "measure_epochs": 4500,
  "n": 0.6,
  "run_id": "pathA_scan_C5_W100_N4_s56791_56798_glueoff__full__N4__n0.600__seed56791",
  "seed": 56791,
  "space_state": {
    "S_junc_w": 1.584046311853571,
    "S_perc": 0.910828025477707,
    "V_active_size": 157,
    "allow_cocreate_merge": false,
    "clustering": 0.010793650793650793,
    "domain_match": true,
    "enabled": true,
    "hubshare": 0.01773049645390071,
    "max_indegree": 5,
    "p_reuse_policy": "from_n",
    "p_reuse_value_last": 0.6
  },
  "steps_total": 5000,
  "variant": "full"
}