{
  "L": 0.008646649948453584,
  "L_inst": 0.37077777777777776,
  "N": 4,
  "Q_clock": 0.017293299896907168,
  "S_junc_w": 0.48555724174312787,
  "S_perc": 0.9102040816326531,
  "anomaly_flags": {
    "runaway_hubbing": false,
    "star_collapse": false,
    "tierB_evaluated": false
  },
  "burn_in_epochs": 500,
  "clustering": 0.006846846846846846,
  "elapsed_seconds": 0.6719508171081543,
  "ell_lock": 18.404694184439325,
  "engine_mode": "v_glue",
  "glue_state": {
    "cadence": {
      "field": "T",
      "mean": 0.9659402832439494,
      "var": 0.019672644181301237
    },
    "domains": {
      "counts": {
        "0": 4
      },
      "entropy": -1.000088900581841e-12
    },
    "phase": {
      "R": 0.3588361076360792
    }
  },
  "hubshare": 0.012232415902140673,
  "islands": {
    "F_max": 0.25,
    "F_max_by_wstar": {
      "0.10": 0.5,
      "0.20": 0.25,
      "0.30": 0.25
    },
    "bundle_hist": {
      "1": 4
    },
    "bundle_hist_by_wstar": {
      "0.10": {
        "1": 2,
        "2": 1
      },
      "0.20": {
        "1": 4
      },
      "0.30": {
        "1": 4
      }
    },
    "bundle_sizes": [
      1,
      1,
      1,
      1
    ],
    "w_star": 0.3
  },
  "max_indegree": 4,
  "measure_epochs": 4500,
  "n": 0.4,
  "run_id": "pathA_scan_C5_W100_N4_s56791_56798_glueoff__full__N4__n0.400__seed56794",
  "seed": 56794,
  "space_state": {
    "S_junc_w": 0.48555724174312787,
    "S_perc": 0.9102040816326531,
    "V_active_size": 245,
    "allow_cocreate_merge": false,
    "clustering": 0.006846846846846846,
    "domain_match": true,
    "enabled": true,
    "hubshare": 0.012232415902140673,
    "max_indegree": 4,
    "p_reuse_policy": "from_n",
    "p_reuse_value_last": 0.4
  },
  "steps_total": 5000,
  "variant": "full"
}