{
  "L": 0.017421453232805854,
  "L_inst": 0.3731111111111111,
  "N": 4,
  "Q_clock": 0.03484290646561171,
  "S_junc_w": 5.742948771519461,
  "S_perc": 0.9859154929577465,
  "anomaly_flags": {
    "runaway_hubbing": false,
    "star_collapse": false,
    "tierB_evaluated": false
  },
  "burn_in_epochs": 500,
  "clustering": 0.08020993343573989,
  "elapsed_seconds": 0.3807041645050049,
  "ell_lock": 19.33080548092595,
  "engine_mode": "v_glue",
  "glue_state": {
    "cadence": {
      "field": "T",
      "mean": 1.085999115449344,
      "var": 0.06531820410160838
    },
    "domains": {
      "counts": {
        "0": 4
      },
      "entropy": -1.000088900581841e-12
    },
    "phase": {
      "R": 0.32986344035190146
    }
  },
  "hubshare": 0.039473684210526314,
  "islands": {
    "F_max": 1.0,
    "F_max_by_wstar": {
      "0.10": 1.0,
      "0.20": 1.0,
      "0.30": 1.0
    },
    "bundle_hist": {
      "4": 1
    },
    "bundle_hist_by_wstar": {
      "0.10": {
        "4": 1
      },
      "0.20": {
        "4": 1
      },
      "0.30": {
        "4": 1
      }
    },
    "bundle_sizes": [
      4
    ],
    "w_star": 0.3
  },
  "max_indegree": 9,
  "measure_epochs": 4500,
  "n": 0.8,
  "run_id": "pathA_scan_C5_W100_N4_s56791_56798_glueoff__full__N4__n0.800__seed56797",
  "seed": 56797,
  "space_state": {
    "S_junc_w": 5.742948771519461,
    "S_perc": 0.9859154929577465,
    "V_active_size": 71,
    "allow_cocreate_merge": false,
    "clustering": 0.08020993343573989,
    "domain_match": true,
    "enabled": true,
    "hubshare": 0.039473684210526314,
    "max_indegree": 9,
    "p_reuse_policy": "from_n",
    "p_reuse_value_last": 0.8
  },
  "steps_total": 5000,
  "variant": "full"
}