{
  "L": 0.00662324279701957,
  "L_inst": 0.37777777777777777,
  "N": 4,
  "Q_clock": 0.01324648559403914,
  "S_junc_w": 4.289267202431066,
  "S_perc": 0.9809523809523809,
  "anomaly_flags": {
    "runaway_hubbing": false,
    "star_collapse": false,
    "tierB_evaluated": false
  },
  "burn_in_epochs": 500,
  "clustering": 0.04866964101657979,
  "elapsed_seconds": 0.38797807693481445,
  "ell_lock": 18.715953130178782,
  "engine_mode": "v_glue",
  "glue_state": {
    "cadence": {
      "field": "T",
      "mean": 0.8414698447054036,
      "var": 0.017065844530969935
    },
    "domains": {
      "counts": {
        "0": 4
      },
      "entropy": -1.000088900581841e-12
    },
    "phase": {
      "R": 0.6301509140305046
    }
  },
  "hubshare": 0.03146853146853147,
  "islands": {
    "F_max": 1.0,
    "F_max_by_wstar": {
      "0.10": 1.0,
      "0.20": 1.0,
      "0.30": 1.0
    },
    "bundle_hist": {
      "4": 1
    },
    "bundle_hist_by_wstar": {
      "0.10": {
        "4": 1
      },
      "0.20": {
        "4": 1
      },
      "0.30": {
        "4": 1
      }
    },
    "bundle_sizes": [
      4
    ],
    "w_star": 0.3
  },
  "max_indegree": 9,
  "measure_epochs": 4500,
  "n": 0.8,
  "run_id": "pathA_scan_C5_W100_N4_s56791_56798_glueoff__full__N4__n0.800__seed56798",
  "seed": 56798,
  "space_state": {
    "S_junc_w": 4.289267202431066,
    "S_perc": 0.9809523809523809,
    "V_active_size": 105,
    "allow_cocreate_merge": false,
    "clustering": 0.04866964101657979,
    "domain_match": true,
    "enabled": true,
    "hubshare": 0.03146853146853147,
    "max_indegree": 9,
    "p_reuse_policy": "from_n",
    "p_reuse_value_last": 0.8
  },
  "steps_total": 5000,
  "variant": "full"
}