{
  "L": 0.0005450586073345267,
  "L_inst": 0.3861111111111111,
  "N": 4,
  "Q_clock": 0.0010901172146690534,
  "S_junc_w": 5.700932259939408,
  "S_perc": 1.0,
  "anomaly_flags": {
    "runaway_hubbing": false,
    "star_collapse": false,
    "tierB_evaluated": false
  },
  "burn_in_epochs": 500,
  "clustering": 0.04580847080847081,
  "elapsed_seconds": 0.38614320755004883,
  "ell_lock": 19.105488696560148,
  "engine_mode": "v_glue",
  "glue_state": {
    "cadence": {
      "field": "T",
      "mean": 1.042590711885658,
      "var": 0.07163361426945018
    },
    "domains": {
      "counts": {
        "0": 4
      },
      "entropy": -1.000088900581841e-12
    },
    "phase": {
      "R": 0.39280989200391825
    }
  },
  "hubshare": 0.040160642570281124,
  "islands": {
    "F_max": 1.0,
    "F_max_by_wstar": {
      "0.10": 1.0,
      "0.20": 1.0,
      "0.30": 1.0
    },
    "bundle_hist": {
      "4": 1
    },
    "bundle_hist_by_wstar": {
      "0.10": {
        "4": 1
      },
      "0.20": {
        "4": 1
      },
      "0.30": {
        "4": 1
      }
    },
    "bundle_sizes": [
      4
    ],
    "w_star": 0.3
  },
  "max_indegree": 10,
  "measure_epochs": 4500,
  "n": 0.8,
  "run_id": "pathA_scan_C5_W100_N4_s56791_56798_glueoff__full__N4__n0.800__seed56796",
  "seed": 56796,
  "space_state": {
    "S_junc_w": 5.700932259939408,
    "S_perc": 1.0,
    "V_active_size": 79,
    "allow_cocreate_merge": false,
    "clustering": 0.04580847080847081,
    "domain_match": true,
    "enabled": true,
    "hubshare": 0.040160642570281124,
    "max_indegree": 10,
    "p_reuse_policy": "from_n",
    "p_reuse_value_last": 0.8
  },
  "steps_total": 5000,
  "variant": "full"
}