{
  "L": 0.01269613454154904,
  "L_inst": 0.379,
  "N": 4,
  "Q_clock": 0.02539226908309808,
  "S_junc_w": 0.5610834685381788,
  "S_perc": 0.8893617021276595,
  "anomaly_flags": {
    "runaway_hubbing": false,
    "star_collapse": false,
    "tierB_evaluated": false
  },
  "burn_in_epochs": 500,
  "clustering": 0.0,
  "elapsed_seconds": 0.6621758937835693,
  "ell_lock": 19.501872994785113,
  "engine_mode": "v_glue",
  "glue_state": {
    "cadence": {
      "field": "T",
      "mean": 1.085999115449344,
      "var": 0.06531820410160838
    },
    "domains": {
      "counts": {
        "0": 4
      },
      "entropy": -1.000088900581841e-12
    },
    "phase": {
      "R": 0.32986344035190146
    }
  },
  "hubshare": 0.01892744479495268,
  "islands": {
    "F_max": 0.25,
    "F_max_by_wstar": {
      "0.10": 0.5,
      "0.20": 0.25,
      "0.30": 0.25
    },
    "bundle_hist": {
      "1": 4
    },
    "bundle_hist_by_wstar": {
      "0.10": {
        "1": 2,
        "2": 1
      },
      "0.20": {
        "1": 4
      },
      "0.30": {
        "1": 4
      }
    },
    "bundle_sizes": [
      1,
      1,
      1,
      1
    ],
    "w_star": 0.3
  },
  "max_indegree": 6,
  "measure_epochs": 4500,
  "n": 0.4,
  "run_id": "pathA_scan_C5_W100_N4_s56791_56798_glueoff__full__N4__n0.400__seed56797",
  "seed": 56797,
  "space_state": {
    "S_junc_w": 0.5610834685381788,
    "S_perc": 0.8893617021276595,
    "V_active_size": 235,
    "allow_cocreate_merge": false,
    "clustering": 0.0,
    "domain_match": true,
    "enabled": true,
    "hubshare": 0.01892744479495268,
    "max_indegree": 6,
    "p_reuse_policy": "from_n",
    "p_reuse_value_last": 0.4
  },
  "steps_total": 5000,
  "variant": "full"
}