{
  "L": 0.01230293887534148,
  "L_inst": 0.3778888888888889,
  "N": 4,
  "Q_clock": 0.02460587775068296,
  "S_junc_w": 1.4412093892165716,
  "S_perc": 0.8860759493670886,
  "anomaly_flags": {
    "runaway_hubbing": false,
    "star_collapse": false,
    "tierB_evaluated": false
  },
  "burn_in_epochs": 500,
  "clustering": 0.010968660968660967,
  "elapsed_seconds": 0.5393011569976807,
  "ell_lock": 20.126878229523186,
  "engine_mode": "v_glue",
  "glue_state": {
    "cadence": {
      "field": "T",
      "mean": 1.085999115449344,
      "var": 0.06531820410160838
    },
    "domains": {
      "counts": {
        "0": 4
      },
      "entropy": -1.000088900581841e-12
    },
    "phase": {
      "R": 0.32986344035190146
    }
  },
  "hubshare": 0.01845018450184502,
  "islands": {
    "F_max": 0.25,
    "F_max_by_wstar": {
      "0.10": 1.0,
      "0.20": 0.25,
      "0.30": 0.25
    },
    "bundle_hist": {
      "1": 4
    },
    "bundle_hist_by_wstar": {
      "0.10": {
        "4": 1
      },
      "0.20": {
        "1": 4
      },
      "0.30": {
        "1": 4
      }
    },
    "bundle_sizes": [
      1,
      1,
      1,
      1
    ],
    "w_star": 0.3
  },
  "max_indegree": 5,
  "measure_epochs": 4500,
  "n": 0.6,
  "run_id": "pathA_scan_C5_W100_N4_s56791_56798_glueoff__full__N4__n0.600__seed56797",
  "seed": 56797,
  "space_state": {
    "S_junc_w": 1.4412093892165716,
    "S_perc": 0.8860759493670886,
    "V_active_size": 158,
    "allow_cocreate_merge": false,
    "clustering": 0.010968660968660967,
    "domain_match": true,
    "enabled": true,
    "hubshare": 0.01845018450184502,
    "max_indegree": 5,
    "p_reuse_policy": "from_n",
    "p_reuse_value_last": 0.6
  },
  "steps_total": 5000,
  "variant": "full"
}