{
  "L": 0.00898568200809718,
  "L_inst": 0.384,
  "N": 4,
  "Q_clock": 0.01797136401619436,
  "S_junc_w": 4.764483758942235,
  "S_perc": 1.0,
  "anomaly_flags": {
    "runaway_hubbing": false,
    "star_collapse": false,
    "tierB_evaluated": false
  },
  "burn_in_epochs": 500,
  "clustering": 0.04021956578774761,
  "elapsed_seconds": 0.38216590881347656,
  "ell_lock": 19.056258757338362,
  "engine_mode": "v_glue",
  "glue_state": {
    "cadence": {
      "field": "T",
      "mean": 0.9153834139060076,
      "var": 0.003743788765660782
    },
    "domains": {
      "counts": {
        "0": 4
      },
      "entropy": -1.000088900581841e-12
    },
    "phase": {
      "R": 0.2427633094230742
    }
  },
  "hubshare": 0.029197080291970802,
  "islands": {
    "F_max": 1.0,
    "F_max_by_wstar": {
      "0.10": 1.0,
      "0.20": 1.0,
      "0.30": 1.0
    },
    "bundle_hist": {
      "4": 1
    },
    "bundle_hist_by_wstar": {
      "0.10": {
        "4": 1
      },
      "0.20": {
        "4": 1
      },
      "0.30": {
        "4": 1
      }
    },
    "bundle_sizes": [
      4
    ],
    "w_star": 0.3
  },
  "max_indegree": 8,
  "measure_epochs": 4500,
  "n": 0.8,
  "run_id": "pathA_scan_C5_W100_N4_s56791_56798_glueoff__full__N4__n0.800__seed56791",
  "seed": 56791,
  "space_state": {
    "S_junc_w": 4.764483758942235,
    "S_perc": 1.0,
    "V_active_size": 96,
    "allow_cocreate_merge": false,
    "clustering": 0.04021956578774761,
    "domain_match": true,
    "enabled": true,
    "hubshare": 0.029197080291970802,
    "max_indegree": 8,
    "p_reuse_policy": "from_n",
    "p_reuse_value_last": 0.8
  },
  "steps_total": 5000,
  "variant": "full"
}