{
  "L": 0.46292018287922193,
  "L_inst": 0.7507222222222222,
  "N": 8,
  "Q_clock": 1.3093360018480582,
  "S_junc_w": 0.14165589265775042,
  "S_perc": 0.8931297709923665,
  "anomaly_flags": {
    "runaway_hubbing": false,
    "star_collapse": false,
    "tierB_evaluated": false
  },
  "burn_in_epochs": 500,
  "clustering": 0.0,
  "elapsed_seconds": 1.6164569854736328,
  "ell_lock": 150.02955961915998,
  "engine_mode": "v_glue",
  "glue_state": {
    "cadence": {
      "field": "T",
      "mean": 0.9677371514532194,
      "var": 1.1093356479670479e-31
    },
    "domains": {
      "counts": {
        "0": 8
      },
      "entropy": -1.000088900581841e-12
    },
    "phase": {
      "R": 1.0
    }
  },
  "hubshare": 0.004081632653061225,
  "islands": {
    "F_max": 0.125,
    "bundle_hist": {
      "1": 8
    },
    "bundle_sizes": [
      1,
      1,
      1,
      1,
      1,
      1,
      1,
      1
    ],
    "w_star": 0.3
  },
  "max_indegree": 3,
  "measure_epochs": 4500,
  "n": 0.0,
  "run_id": "pathA_C5_W100_N8_p0p20_s56791_56798__full__N8__n0.000__seed56794",
  "seed": 56794,
  "space_state": {
    "S_junc_w": 0.14165589265775042,
    "S_perc": 0.8931297709923665,
    "V_active_size": 655,
    "allow_cocreate_merge": false,
    "clustering": 0.0,
    "domain_match": true,
    "enabled": true,
    "hubshare": 0.004081632653061225,
    "max_indegree": 3,
    "p_reuse_policy": "fixed",
    "p_reuse_value_last": 0.2
  },
  "steps_total": 5000,
  "variant": "full"
}