{
  "L": 0.38744481073591247,
  "L_inst": 0.7576666666666667,
  "N": 4,
  "Q_clock": 0.7748896214718249,
  "S_junc_w": 0.14532524894760976,
  "S_perc": 0.8906752411575563,
  "anomaly_flags": {
    "runaway_hubbing": false,
    "star_collapse": false,
    "tierB_evaluated": false
  },
  "burn_in_epochs": 500,
  "clustering": 0.0,
  "elapsed_seconds": 0.822037935256958,
  "ell_lock": 174.4089407191987,
  "engine_mode": "v_glue",
  "geometry": {
    "P0_downsample": [
      [
        0,
        1.0
      ],
      [
        3,
        0.0
      ],
      [
        6,
        0.24333333333333335
      ],
      [
        9,
        0.0
      ],
      [
        12,
        0.17333333333333334
      ],
      [
        15,
        0.0
      ],
      [
        18,
        0.12666666666666668
      ],
      [
        21,
        0.0033333333333333335
      ],
      [
        24,
        0.13333333333333333
      ],
      [
        27,
        0.0
      ],
      [
        30,
        0.12666666666666668
      ],
      [
        33,
        0.0
      ],
      [
        36,
        0.1
      ],
      [
        39,
        0.0
      ],
      [
        42,
        0.07666666666666666
      ],
      [
        45,
        0.0033333333333333335
      ],
      [
        48,
        0.08
      ],
      [
        51,
        0.0
      ],
      [
        54,
        0.06
      ],
      [
        57,
        0.0
      ],
      [
        60,
        0.05
      ],
      [
        63,
        0.0033333333333333335
      ],
      [
        66,
        0.056666666666666664
      ],
      [
        69,
        0.0033333333333333335
      ],
      [
        72,
        0.04666666666666667
      ],
      [
        75,
        0.0033333333333333335
      ],
      [
        78,
        0.04
      ],
      [
        81,
        0.0
      ],
      [
        84,
        0.05
      ],
      [
        87,
        0.0
      ],
      [
        90,
        0.04666666666666667
      ],
      [
        93,
        0.0
      ],
      [
        96,
        0.05
      ],
      [
        99,
        0.0
      ],
      [
        102,
        0.03333333333333333
      ],
      [
        105,
        0.0
      ],
      [
        108,
        0.02666666666666667
      ],
      [
        111,
        0.0
      ],
      [
        114,
        0.04666666666666667
      ],
      [
        117,
        0.0033333333333333335
      ],
      [
        120,
        0.023333333333333334
      ],
      [
        123,
        0.006666666666666667
      ],
      [
        126,
        0.023333333333333334
      ],
      [
        129,
        0.006666666666666667
      ],
      [
        132,
        0.04
      ],
      [
        135,
        0.0033333333333333335
      ],
      [
        138,
        0.013333333333333334
      ]
    ],
    "comp_size": 277,
    "ds_est": 2.0385359790979645,
    "ds_valid": false,
    "fit_t_max": 138,
    "fit_t_min": 30,
    "notes": "fit_invalid",
    "r2": 0.1237836668208484,
    "slope": -1.0192679895489822
  },
  "glue_state": {
    "cadence": {
      "field": "T",
      "mean": 1.042590711885658,
      "var": 3.821045009664276e-31
    },
    "domains": {
      "counts": {
        "0": 4
      },
      "entropy": -1.000088900581841e-12
    },
    "phase": {
      "R": 1.0
    }
  },
  "hubshare": 0.0084985835694051,
  "islands": {
    "F_max": 0.25,
    "F_max_by_wstar": {
      "0.10": 0.25,
      "0.20": 0.25,
      "0.30": 0.25
    },
    "bundle_hist": {
      "1": 4
    },
    "bundle_hist_by_wstar": {
      "0.10": {
        "1": 4
      },
      "0.20": {
        "1": 4
      },
      "0.30": {
        "1": 4
      }
    },
    "bundle_sizes": [
      1,
      1,
      1,
      1
    ],
    "w_star": 0.3
  },
  "max_indegree": 3,
  "measure_epochs": 4500,
  "n": 0.2,
  "run_id": "geometry_scan_C5_W100_N4_n0p2_0p6_0p8_s56791_56798_v2__full__N4__n0.200__seed56796",
  "seed": 56796,
  "space_state": {
    "S_junc_w": 0.14532524894760976,
    "S_perc": 0.8906752411575563,
    "V_active_size": 311,
    "allow_cocreate_merge": false,
    "clustering": 0.0,
    "domain_match": true,
    "enabled": true,
    "hubshare": 0.0084985835694051,
    "max_indegree": 3,
    "p_reuse_policy": "from_n",
    "p_reuse_value_last": 0.2
  },
  "steps_total": 5000,
  "variant": "full"
}