{
  "L": 0.3240679569561332,
  "L_inst": 0.7386666666666667,
  "N": 4,
  "Q_clock": 0.6481359139122664,
  "S_junc_w": 0.1271818265080119,
  "S_perc": 0.746177370030581,
  "anomaly_flags": {
    "runaway_hubbing": false,
    "star_collapse": false,
    "tierB_evaluated": false
  },
  "burn_in_epochs": 500,
  "clustering": 0.0,
  "elapsed_seconds": 0.8171401023864746,
  "ell_lock": 135.1449837090603,
  "engine_mode": "v_glue",
  "geometry": {
    "P0_downsample": [
      [
        0,
        1.0
      ],
      [
        3,
        0.0
      ],
      [
        6,
        0.23666666666666666
      ],
      [
        9,
        0.0
      ],
      [
        12,
        0.17
      ],
      [
        15,
        0.0
      ],
      [
        18,
        0.14
      ],
      [
        21,
        0.0
      ],
      [
        24,
        0.12666666666666668
      ],
      [
        27,
        0.0
      ],
      [
        30,
        0.12333333333333334
      ],
      [
        33,
        0.0
      ],
      [
        36,
        0.10333333333333333
      ],
      [
        39,
        0.0
      ],
      [
        42,
        0.09666666666666666
      ],
      [
        45,
        0.0
      ],
      [
        48,
        0.07333333333333333
      ],
      [
        51,
        0.0
      ],
      [
        54,
        0.06333333333333334
      ],
      [
        57,
        0.0
      ],
      [
        60,
        0.08
      ],
      [
        63,
        0.0
      ],
      [
        66,
        0.06666666666666667
      ],
      [
        69,
        0.0
      ],
      [
        72,
        0.05
      ],
      [
        75,
        0.0
      ],
      [
        78,
        0.056666666666666664
      ],
      [
        81,
        0.0
      ],
      [
        84,
        0.05333333333333334
      ],
      [
        87,
        0.0
      ],
      [
        90,
        0.043333333333333335
      ],
      [
        93,
        0.0
      ],
      [
        96,
        0.08333333333333333
      ],
      [
        99,
        0.0
      ],
      [
        102,
        0.06666666666666667
      ],
      [
        105,
        0.0
      ],
      [
        108,
        0.05
      ],
      [
        111,
        0.0
      ],
      [
        114,
        0.04
      ],
      [
        117,
        0.0
      ],
      [
        120,
        0.04666666666666667
      ]
    ],
    "comp_size": 244,
    "ds_est": 1.228535682552499,
    "ds_valid": false,
    "fit_t_max": 122,
    "fit_t_min": 30,
    "notes": "fit_invalid",
    "r2": 0.6272614728914419,
    "slope": -0.6142678412762494
  },
  "glue_state": {
    "cadence": {
      "field": "T",
      "mean": 1.018105396757549,
      "var": 3.821045009664276e-31
    },
    "domains": {
      "counts": {
        "0": 4
      },
      "entropy": -1.000088900581841e-12
    },
    "phase": {
      "R": 1.0
    }
  },
  "hubshare": 0.008356545961002786,
  "islands": {
    "F_max": 0.25,
    "F_max_by_wstar": {
      "0.10": 0.25,
      "0.20": 0.25,
      "0.30": 0.25
    },
    "bundle_hist": {
      "1": 4
    },
    "bundle_hist_by_wstar": {
      "0.10": {
        "1": 4
      },
      "0.20": {
        "1": 4
      },
      "0.30": {
        "1": 4
      }
    },
    "bundle_sizes": [
      1,
      1,
      1,
      1
    ],
    "w_star": 0.3
  },
  "max_indegree": 3,
  "measure_epochs": 4500,
  "n": 0.2,
  "run_id": "geometry_scan_C5_W100_N4_n0p2_0p6_0p8_s56791_56798_v2__full__N4__n0.200__seed56793",
  "seed": 56793,
  "space_state": {
    "S_junc_w": 0.1271818265080119,
    "S_perc": 0.746177370030581,
    "V_active_size": 327,
    "allow_cocreate_merge": false,
    "clustering": 0.0,
    "domain_match": true,
    "enabled": true,
    "hubshare": 0.008356545961002786,
    "max_indegree": 3,
    "p_reuse_policy": "from_n",
    "p_reuse_value_last": 0.2
  },
  "steps_total": 5000,
  "variant": "full"
}