{
  "L": 0.5400514445609633,
  "L_inst": 0.7445555555555555,
  "N": 4,
  "Q_clock": 1.0801028891219266,
  "S_junc_w": 3.84008467172089,
  "S_perc": 0.98,
  "anomaly_flags": {
    "runaway_hubbing": false,
    "star_collapse": false,
    "tierB_evaluated": false
  },
  "burn_in_epochs": 500,
  "clustering": 0.026788048552754434,
  "elapsed_seconds": 0.4505150318145752,
  "ell_lock": 105.42106441159382,
  "engine_mode": "v_glue",
  "geometry": {
    "P0_downsample": [
      [
        0,
        1.0
      ],
      [
        1,
        0.0
      ],
      [
        2,
        0.29
      ],
      [
        3,
        0.0033333333333333335
      ],
      [
        4,
        0.13666666666666666
      ],
      [
        5,
        0.0
      ],
      [
        6,
        0.09
      ],
      [
        7,
        0.006666666666666667
      ],
      [
        8,
        0.06333333333333334
      ],
      [
        9,
        0.01
      ],
      [
        10,
        0.04
      ],
      [
        11,
        0.01
      ],
      [
        12,
        0.016666666666666666
      ],
      [
        13,
        0.0033333333333333335
      ],
      [
        14,
        0.02
      ],
      [
        15,
        0.006666666666666667
      ],
      [
        16,
        0.02
      ],
      [
        17,
        0.016666666666666666
      ],
      [
        18,
        0.02
      ],
      [
        19,
        0.0033333333333333335
      ],
      [
        20,
        0.006666666666666667
      ],
      [
        21,
        0.0033333333333333335
      ],
      [
        22,
        0.013333333333333334
      ],
      [
        23,
        0.0033333333333333335
      ],
      [
        24,
        0.006666666666666667
      ],
      [
        25,
        0.006666666666666667
      ],
      [
        26,
        0.0033333333333333335
      ],
      [
        27,
        0.01
      ],
      [
        28,
        0.01
      ],
      [
        29,
        0.013333333333333334
      ],
      [
        30,
        0.0033333333333333335
      ],
      [
        31,
        0.02
      ],
      [
        32,
        0.02
      ],
      [
        33,
        0.006666666666666667
      ],
      [
        34,
        0.013333333333333334
      ],
      [
        35,
        0.01
      ],
      [
        36,
        0.013333333333333334
      ],
      [
        37,
        0.013333333333333334
      ],
      [
        38,
        0.016666666666666666
      ],
      [
        39,
        0.006666666666666667
      ],
      [
        40,
        0.01
      ],
      [
        41,
        0.016666666666666666
      ],
      [
        42,
        0.013333333333333334
      ],
      [
        43,
        0.006666666666666667
      ],
      [
        44,
        0.013333333333333334
      ],
      [
        45,
        0.016666666666666666
      ],
      [
        46,
        0.0033333333333333335
      ],
      [
        47,
        0.016666666666666666
      ],
      [
        48,
        0.01
      ],
      [
        49,
        0.006666666666666667
      ],
      [
        50,
        0.013333333333333334
      ],
      [
        51,
        0.006666666666666667
      ],
      [
        52,
        0.0033333333333333335
      ],
      [
        53,
        0.01
      ],
      [
        54,
        0.0033333333333333335
      ],
      [
        55,
        0.023333333333333334
      ],
      [
        56,
        0.013333333333333334
      ],
      [
        57,
        0.01
      ],
      [
        58,
        0.01
      ],
      [
        59,
        0.006666666666666667
      ],
      [
        60,
        0.006666666666666667
      ]
    ],
    "comp_size": 98,
    "ds_est": -0.6043451312817236,
    "ds_valid": false,
    "fit_t_max": 60,
    "fit_t_min": 20,
    "notes": "fit_invalid",
    "r2": 0.028908719618286227,
    "slope": 0.3021725656408618
  },
  "glue_state": {
    "cadence": {
      "field": "T",
      "mean": 0.8414698447054035,
      "var": 3.697785493223493e-32
    },
    "domains": {
      "counts": {
        "0": 4
      },
      "entropy": -1.000088900581841e-12
    },
    "phase": {
      "R": 0.9999999999999999
    }
  },
  "hubshare": 0.02702702702702703,
  "islands": {
    "F_max": 0.5,
    "F_max_by_wstar": {
      "0.10": 1.0,
      "0.20": 1.0,
      "0.30": 0.5
    },
    "bundle_hist": {
      "1": 2,
      "2": 1
    },
    "bundle_hist_by_wstar": {
      "0.10": {
        "4": 1
      },
      "0.20": {
        "4": 1
      },
      "0.30": {
        "1": 2,
        "2": 1
      }
    },
    "bundle_sizes": [
      2,
      1,
      1
    ],
    "w_star": 0.3
  },
  "max_indegree": 7,
  "measure_epochs": 4500,
  "n": 0.8,
  "run_id": "geometry_scan_C5_W100_N4_n0p2_0p6_0p8_s56791_56798_v2__full__N4__n0.800__seed56798",
  "seed": 56798,
  "space_state": {
    "S_junc_w": 3.84008467172089,
    "S_perc": 0.98,
    "V_active_size": 100,
    "allow_cocreate_merge": false,
    "clustering": 0.026788048552754434,
    "domain_match": true,
    "enabled": true,
    "hubshare": 0.02702702702702703,
    "max_indegree": 7,
    "p_reuse_policy": "from_n",
    "p_reuse_value_last": 0.8
  },
  "steps_total": 5000,
  "variant": "full"
}