{
  "L": 0.39619559642187835,
  "L_inst": 0.756,
  "N": 4,
  "Q_clock": 0.7923911928437567,
  "S_junc_w": 1.8827995942480853,
  "S_perc": 0.9411764705882353,
  "anomaly_flags": {
    "runaway_hubbing": false,
    "star_collapse": false,
    "tierB_evaluated": false
  },
  "burn_in_epochs": 500,
  "clustering": 0.028311324529811926,
  "elapsed_seconds": 0.6040849685668945,
  "ell_lock": 105.88972309360503,
  "engine_mode": "v_glue",
  "geometry": {
    "P0_downsample": [
      [
        0,
        1.0
      ],
      [
        1,
        0.0
      ],
      [
        2,
        0.35333333333333333
      ],
      [
        3,
        0.0
      ],
      [
        4,
        0.21666666666666667
      ],
      [
        5,
        0.0033333333333333335
      ],
      [
        6,
        0.14333333333333334
      ],
      [
        7,
        0.0
      ],
      [
        8,
        0.11666666666666667
      ],
      [
        9,
        0.0033333333333333335
      ],
      [
        10,
        0.09333333333333334
      ],
      [
        11,
        0.0
      ],
      [
        12,
        0.05333333333333334
      ],
      [
        13,
        0.0033333333333333335
      ],
      [
        14,
        0.05333333333333334
      ],
      [
        15,
        0.006666666666666667
      ],
      [
        16,
        0.02666666666666667
      ],
      [
        17,
        0.013333333333333334
      ],
      [
        18,
        0.02666666666666667
      ],
      [
        19,
        0.0033333333333333335
      ],
      [
        20,
        0.016666666666666666
      ],
      [
        21,
        0.006666666666666667
      ],
      [
        22,
        0.013333333333333334
      ],
      [
        23,
        0.013333333333333334
      ],
      [
        24,
        0.02
      ],
      [
        25,
        0.013333333333333334
      ],
      [
        26,
        0.016666666666666666
      ],
      [
        27,
        0.0033333333333333335
      ],
      [
        28,
        0.013333333333333334
      ],
      [
        29,
        0.0033333333333333335
      ],
      [
        30,
        0.013333333333333334
      ],
      [
        31,
        0.0033333333333333335
      ],
      [
        32,
        0.03
      ],
      [
        33,
        0.01
      ],
      [
        34,
        0.02
      ],
      [
        35,
        0.0
      ],
      [
        36,
        0.016666666666666666
      ],
      [
        37,
        0.0033333333333333335
      ],
      [
        38,
        0.02
      ],
      [
        39,
        0.006666666666666667
      ],
      [
        40,
        0.013333333333333334
      ],
      [
        41,
        0.01
      ],
      [
        42,
        0.013333333333333334
      ],
      [
        43,
        0.02
      ],
      [
        44,
        0.01
      ],
      [
        45,
        0.006666666666666667
      ],
      [
        46,
        0.013333333333333334
      ],
      [
        47,
        0.006666666666666667
      ],
      [
        48,
        0.0033333333333333335
      ],
      [
        49,
        0.0033333333333333335
      ],
      [
        50,
        0.02
      ],
      [
        51,
        0.0
      ],
      [
        52,
        0.006666666666666667
      ],
      [
        53,
        0.0
      ],
      [
        54,
        0.01
      ],
      [
        55,
        0.01
      ],
      [
        56,
        0.02
      ],
      [
        57,
        0.006666666666666667
      ],
      [
        58,
        0.016666666666666666
      ],
      [
        59,
        0.006666666666666667
      ],
      [
        60,
        0.013333333333333334
      ],
      [
        61,
        0.02
      ],
      [
        62,
        0.006666666666666667
      ],
      [
        63,
        0.013333333333333334
      ],
      [
        64,
        0.0033333333333333335
      ],
      [
        65,
        0.01
      ],
      [
        66,
        0.02
      ],
      [
        67,
        0.006666666666666667
      ],
      [
        68,
        0.01
      ],
      [
        69,
        0.01
      ],
      [
        70,
        0.01
      ],
      [
        71,
        0.0033333333333333335
      ],
      [
        72,
        0.0033333333333333335
      ]
    ],
    "comp_size": 144,
    "ds_est": 0.577975901843666,
    "ds_valid": false,
    "fit_t_max": 72,
    "fit_t_min": 24,
    "notes": "fit_invalid",
    "r2": 0.02147097052513791,
    "slope": -0.288987950921833
  },
  "glue_state": {
    "cadence": {
      "field": "T",
      "mean": 0.9077214710004744,
      "var": 6.471124613141112e-32
    },
    "domains": {
      "counts": {
        "0": 4
      },
      "entropy": -1.000088900581841e-12
    },
    "phase": {
      "R": 1.0
    }
  },
  "hubshare": 0.017241379310344827,
  "islands": {
    "F_max": 0.25,
    "F_max_by_wstar": {
      "0.10": 1.0,
      "0.20": 0.25,
      "0.30": 0.25
    },
    "bundle_hist": {
      "1": 4
    },
    "bundle_hist_by_wstar": {
      "0.10": {
        "4": 1
      },
      "0.20": {
        "1": 4
      },
      "0.30": {
        "1": 4
      }
    },
    "bundle_sizes": [
      1,
      1,
      1,
      1
    ],
    "w_star": 0.3
  },
  "max_indegree": 5,
  "measure_epochs": 4500,
  "n": 0.6,
  "run_id": "geometry_scan_C5_W100_N4_n0p2_0p6_0p8_s56791_56798_v2__full__N4__n0.600__seed56795",
  "seed": 56795,
  "space_state": {
    "S_junc_w": 1.8827995942480853,
    "S_perc": 0.9411764705882353,
    "V_active_size": 153,
    "allow_cocreate_merge": false,
    "clustering": 0.028311324529811926,
    "domain_match": true,
    "enabled": true,
    "hubshare": 0.017241379310344827,
    "max_indegree": 5,
    "p_reuse_policy": "from_n",
    "p_reuse_value_last": 0.6
  },
  "steps_total": 5000,
  "variant": "full"
}