{
  "L": 0.4642974427626009,
  "L_inst": 0.7758888888888889,
  "N": 4,
  "Q_clock": 0.9285948855252018,
  "S_junc_w": 0.1479886998330681,
  "S_perc": 0.9235474006116208,
  "anomaly_flags": {
    "runaway_hubbing": false,
    "star_collapse": false,
    "tierB_evaluated": false
  },
  "burn_in_epochs": 500,
  "clustering": 0.0,
  "elapsed_seconds": 0.824315071105957,
  "ell_lock": 126.46538639796849,
  "engine_mode": "v_glue",
  "geometry": {
    "P0_downsample": [
      [
        0,
        1.0
      ],
      [
        3,
        0.0
      ],
      [
        6,
        0.2966666666666667
      ],
      [
        9,
        0.0
      ],
      [
        12,
        0.2
      ],
      [
        15,
        0.0
      ],
      [
        18,
        0.17
      ],
      [
        21,
        0.0
      ],
      [
        24,
        0.08333333333333333
      ],
      [
        27,
        0.0
      ],
      [
        30,
        0.08666666666666667
      ],
      [
        33,
        0.0
      ],
      [
        36,
        0.07333333333333333
      ],
      [
        39,
        0.0
      ],
      [
        42,
        0.05
      ],
      [
        45,
        0.0
      ],
      [
        48,
        0.06
      ],
      [
        51,
        0.0
      ],
      [
        54,
        0.05
      ],
      [
        57,
        0.0
      ],
      [
        60,
        0.04
      ],
      [
        63,
        0.0
      ],
      [
        66,
        0.056666666666666664
      ],
      [
        69,
        0.0
      ],
      [
        72,
        0.07
      ],
      [
        75,
        0.0
      ],
      [
        78,
        0.05
      ],
      [
        81,
        0.0033333333333333335
      ],
      [
        84,
        0.056666666666666664
      ],
      [
        87,
        0.01
      ],
      [
        90,
        0.04666666666666667
      ],
      [
        93,
        0.0
      ],
      [
        96,
        0.03333333333333333
      ],
      [
        99,
        0.0
      ],
      [
        102,
        0.023333333333333334
      ],
      [
        105,
        0.0
      ],
      [
        108,
        0.03333333333333333
      ],
      [
        111,
        0.006666666666666667
      ],
      [
        114,
        0.03
      ],
      [
        117,
        0.006666666666666667
      ],
      [
        120,
        0.03333333333333333
      ],
      [
        123,
        0.006666666666666667
      ],
      [
        126,
        0.02666666666666667
      ],
      [
        129,
        0.0033333333333333335
      ],
      [
        132,
        0.023333333333333334
      ],
      [
        135,
        0.0033333333333333335
      ],
      [
        138,
        0.03666666666666667
      ],
      [
        141,
        0.0
      ],
      [
        144,
        0.03
      ],
      [
        147,
        0.0
      ],
      [
        150,
        0.023333333333333334
      ]
    ],
    "comp_size": 302,
    "ds_est": 2.4644373901196683,
    "ds_valid": false,
    "fit_t_max": 151,
    "fit_t_min": 30,
    "notes": "fit_invalid",
    "r2": 0.2384690431181219,
    "slope": -1.2322186950598342
  },
  "glue_state": {
    "cadence": {
      "field": "T",
      "mean": 1.0859991154493438,
      "var": 1.7256332301709633e-31
    },
    "domains": {
      "counts": {
        "0": 4
      },
      "entropy": -1.000088900581841e-12
    },
    "phase": {
      "R": 1.0
    }
  },
  "hubshare": 0.008130081300813009,
  "islands": {
    "F_max": 0.25,
    "F_max_by_wstar": {
      "0.10": 0.25,
      "0.20": 0.25,
      "0.30": 0.25
    },
    "bundle_hist": {
      "1": 4
    },
    "bundle_hist_by_wstar": {
      "0.10": {
        "1": 4
      },
      "0.20": {
        "1": 4
      },
      "0.30": {
        "1": 4
      }
    },
    "bundle_sizes": [
      1,
      1,
      1,
      1
    ],
    "w_star": 0.3
  },
  "max_indegree": 3,
  "measure_epochs": 4500,
  "n": 0.2,
  "run_id": "geometry_scan_C5_W100_N4_n0p2_0p6_0p8_s56791_56798_v2__full__N4__n0.200__seed56797",
  "seed": 56797,
  "space_state": {
    "S_junc_w": 0.1479886998330681,
    "S_perc": 0.9235474006116208,
    "V_active_size": 327,
    "allow_cocreate_merge": false,
    "clustering": 0.0,
    "domain_match": true,
    "enabled": true,
    "hubshare": 0.008130081300813009,
    "max_indegree": 3,
    "p_reuse_policy": "from_n",
    "p_reuse_value_last": 0.2
  },
  "steps_total": 5000,
  "variant": "full"
}