{
  "L": 0.6262149840859821,
  "L_inst": 0.7557777777777778,
  "N": 4,
  "Q_clock": 1.2524299681719642,
  "S_junc_w": 1.489015420130517,
  "S_perc": 0.9172413793103448,
  "anomaly_flags": {
    "runaway_hubbing": false,
    "star_collapse": false,
    "tierB_evaluated": false
  },
  "burn_in_epochs": 500,
  "clustering": 0.009385113268608414,
  "elapsed_seconds": 0.6015820503234863,
  "ell_lock": 75.84705872451224,
  "engine_mode": "v_glue",
  "geometry": {
    "P0_downsample": [
      [
        0,
        1.0
      ],
      [
        1,
        0.0
      ],
      [
        2,
        0.4066666666666667
      ],
      [
        3,
        0.0
      ],
      [
        4,
        0.23666666666666666
      ],
      [
        5,
        0.006666666666666667
      ],
      [
        6,
        0.18666666666666668
      ],
      [
        7,
        0.0
      ],
      [
        8,
        0.14
      ],
      [
        9,
        0.0033333333333333335
      ],
      [
        10,
        0.13333333333333333
      ],
      [
        11,
        0.006666666666666667
      ],
      [
        12,
        0.12
      ],
      [
        13,
        0.013333333333333334
      ],
      [
        14,
        0.10333333333333333
      ],
      [
        15,
        0.006666666666666667
      ],
      [
        16,
        0.07333333333333333
      ],
      [
        17,
        0.0033333333333333335
      ],
      [
        18,
        0.06666666666666667
      ],
      [
        19,
        0.0033333333333333335
      ],
      [
        20,
        0.04666666666666667
      ],
      [
        21,
        0.0033333333333333335
      ],
      [
        22,
        0.03666666666666667
      ],
      [
        23,
        0.0033333333333333335
      ],
      [
        24,
        0.03333333333333333
      ],
      [
        25,
        0.006666666666666667
      ],
      [
        26,
        0.043333333333333335
      ],
      [
        27,
        0.006666666666666667
      ],
      [
        28,
        0.03333333333333333
      ],
      [
        29,
        0.0033333333333333335
      ],
      [
        30,
        0.03666666666666667
      ],
      [
        31,
        0.006666666666666667
      ],
      [
        32,
        0.04
      ],
      [
        33,
        0.01
      ],
      [
        34,
        0.04666666666666667
      ],
      [
        35,
        0.006666666666666667
      ],
      [
        36,
        0.03
      ],
      [
        37,
        0.0033333333333333335
      ],
      [
        38,
        0.02
      ],
      [
        39,
        0.006666666666666667
      ],
      [
        40,
        0.016666666666666666
      ],
      [
        41,
        0.006666666666666667
      ],
      [
        42,
        0.016666666666666666
      ],
      [
        43,
        0.0033333333333333335
      ],
      [
        44,
        0.023333333333333334
      ],
      [
        45,
        0.0033333333333333335
      ],
      [
        46,
        0.02666666666666667
      ],
      [
        47,
        0.013333333333333334
      ],
      [
        48,
        0.023333333333333334
      ],
      [
        49,
        0.013333333333333334
      ],
      [
        50,
        0.02666666666666667
      ],
      [
        51,
        0.01
      ],
      [
        52,
        0.016666666666666666
      ],
      [
        53,
        0.0033333333333333335
      ],
      [
        54,
        0.013333333333333334
      ],
      [
        55,
        0.006666666666666667
      ],
      [
        56,
        0.02
      ],
      [
        57,
        0.0033333333333333335
      ],
      [
        58,
        0.016666666666666666
      ],
      [
        59,
        0.006666666666666667
      ],
      [
        60,
        0.01
      ],
      [
        61,
        0.006666666666666667
      ],
      [
        62,
        0.016666666666666666
      ],
      [
        63,
        0.0033333333333333335
      ],
      [
        64,
        0.02
      ],
      [
        65,
        0.0
      ],
      [
        66,
        0.013333333333333334
      ]
    ],
    "comp_size": 133,
    "ds_est": 0.9660827347355084,
    "ds_valid": false,
    "fit_t_max": 66,
    "fit_t_min": 22,
    "notes": "fit_invalid",
    "r2": 0.033138084996855,
    "slope": -0.4830413673677542
  },
  "glue_state": {
    "cadence": {
      "field": "T",
      "mean": 0.8414698447054035,
      "var": 3.697785493223493e-32
    },
    "domains": {
      "counts": {
        "0": 4
      },
      "entropy": -1.000088900581841e-12
    },
    "phase": {
      "R": 0.9999999999999999
    }
  },
  "hubshare": 0.01937984496124031,
  "islands": {
    "F_max": 0.25,
    "F_max_by_wstar": {
      "0.10": 1.0,
      "0.20": 0.25,
      "0.30": 0.25
    },
    "bundle_hist": {
      "1": 4
    },
    "bundle_hist_by_wstar": {
      "0.10": {
        "4": 1
      },
      "0.20": {
        "1": 4
      },
      "0.30": {
        "1": 4
      }
    },
    "bundle_sizes": [
      1,
      1,
      1,
      1
    ],
    "w_star": 0.3
  },
  "max_indegree": 5,
  "measure_epochs": 4500,
  "n": 0.6,
  "run_id": "geometry_scan_C5_W100_N4_n0p2_0p6_0p8_s56791_56798_v2__full__N4__n0.600__seed56798",
  "seed": 56798,
  "space_state": {
    "S_junc_w": 1.489015420130517,
    "S_perc": 0.9172413793103448,
    "V_active_size": 145,
    "allow_cocreate_merge": false,
    "clustering": 0.009385113268608414,
    "domain_match": true,
    "enabled": true,
    "hubshare": 0.01937984496124031,
    "max_indegree": 5,
    "p_reuse_policy": "from_n",
    "p_reuse_value_last": 0.6
  },
  "steps_total": 5000,
  "variant": "full"
}