{
  "L": 0.6264507777089472,
  "L_inst": 0.7354444444444445,
  "N": 4,
  "Q_clock": 1.2529015554178944,
  "S_junc_w": 5.4535681256284425,
  "S_perc": 0.9876543209876543,
  "anomaly_flags": {
    "runaway_hubbing": false,
    "star_collapse": false,
    "tierB_evaluated": false
  },
  "burn_in_epochs": 500,
  "clustering": 0.09863684463684463,
  "elapsed_seconds": 0.45239782333374023,
  "ell_lock": 78.06237996322552,
  "engine_mode": "v_glue",
  "geometry": {
    "P0_downsample": [
      [
        0,
        1.0
      ],
      [
        1,
        0.0
      ],
      [
        2,
        0.21666666666666667
      ],
      [
        3,
        0.0033333333333333335
      ],
      [
        4,
        0.08
      ],
      [
        5,
        0.013333333333333334
      ],
      [
        6,
        0.04666666666666667
      ],
      [
        7,
        0.023333333333333334
      ],
      [
        8,
        0.03
      ],
      [
        9,
        0.02
      ],
      [
        10,
        0.02
      ],
      [
        11,
        0.01
      ],
      [
        12,
        0.02
      ],
      [
        13,
        0.023333333333333334
      ],
      [
        14,
        0.013333333333333334
      ],
      [
        15,
        0.01
      ],
      [
        16,
        0.01
      ],
      [
        17,
        0.013333333333333334
      ],
      [
        18,
        0.013333333333333334
      ],
      [
        19,
        0.013333333333333334
      ],
      [
        20,
        0.023333333333333334
      ],
      [
        21,
        0.016666666666666666
      ],
      [
        22,
        0.016666666666666666
      ],
      [
        23,
        0.016666666666666666
      ],
      [
        24,
        0.006666666666666667
      ],
      [
        25,
        0.016666666666666666
      ],
      [
        26,
        0.0033333333333333335
      ],
      [
        27,
        0.013333333333333334
      ],
      [
        28,
        0.0033333333333333335
      ],
      [
        29,
        0.016666666666666666
      ],
      [
        30,
        0.0033333333333333335
      ],
      [
        31,
        0.01
      ],
      [
        32,
        0.0
      ],
      [
        33,
        0.01
      ],
      [
        34,
        0.013333333333333334
      ],
      [
        35,
        0.01
      ],
      [
        36,
        0.013333333333333334
      ],
      [
        37,
        0.0033333333333333335
      ],
      [
        38,
        0.013333333333333334
      ],
      [
        39,
        0.0
      ],
      [
        40,
        0.02
      ],
      [
        41,
        0.006666666666666667
      ],
      [
        42,
        0.016666666666666666
      ],
      [
        43,
        0.0033333333333333335
      ],
      [
        44,
        0.01
      ],
      [
        45,
        0.006666666666666667
      ],
      [
        46,
        0.006666666666666667
      ],
      [
        47,
        0.02
      ],
      [
        48,
        0.02
      ],
      [
        49,
        0.016666666666666666
      ],
      [
        50,
        0.013333333333333334
      ],
      [
        51,
        0.023333333333333334
      ],
      [
        52,
        0.0033333333333333335
      ],
      [
        53,
        0.01
      ],
      [
        54,
        0.016666666666666666
      ],
      [
        55,
        0.013333333333333334
      ],
      [
        56,
        0.013333333333333334
      ],
      [
        57,
        0.01
      ],
      [
        58,
        0.01
      ],
      [
        59,
        0.0
      ],
      [
        60,
        0.01
      ]
    ],
    "comp_size": 80,
    "ds_est": 0.026696496214071993,
    "ds_valid": false,
    "fit_t_max": 60,
    "fit_t_min": 20,
    "notes": "fit_invalid",
    "r2": 5.177846579151879e-05,
    "slope": -0.013348248107035996
  },
  "glue_state": {
    "cadence": {
      "field": "T",
      "mean": 1.018105396757549,
      "var": 3.821045009664276e-31
    },
    "domains": {
      "counts": {
        "0": 4
      },
      "entropy": -1.000088900581841e-12
    },
    "phase": {
      "R": 1.0
    }
  },
  "hubshare": 0.031746031746031744,
  "islands": {
    "F_max": 1.0,
    "F_max_by_wstar": {
      "0.10": 1.0,
      "0.20": 1.0,
      "0.30": 1.0
    },
    "bundle_hist": {
      "4": 1
    },
    "bundle_hist_by_wstar": {
      "0.10": {
        "4": 1
      },
      "0.20": {
        "4": 1
      },
      "0.30": {
        "4": 1
      }
    },
    "bundle_sizes": [
      4
    ],
    "w_star": 0.3
  },
  "max_indegree": 8,
  "measure_epochs": 4500,
  "n": 0.8,
  "run_id": "geometry_scan_C5_W100_N4_n0p2_0p6_0p8_s56791_56798_v2__full__N4__n0.800__seed56793",
  "seed": 56793,
  "space_state": {
    "S_junc_w": 5.4535681256284425,
    "S_perc": 0.9876543209876543,
    "V_active_size": 81,
    "allow_cocreate_merge": false,
    "clustering": 0.09863684463684463,
    "domain_match": true,
    "enabled": true,
    "hubshare": 0.031746031746031744,
    "max_indegree": 8,
    "p_reuse_policy": "from_n",
    "p_reuse_value_last": 0.8
  },
  "steps_total": 5000,
  "variant": "full"
}