{
  "L": 0.41665958715042684,
  "L_inst": 0.7382222222222222,
  "N": 4,
  "Q_clock": 0.8333191743008537,
  "S_junc_w": 1.6379285840255988,
  "S_perc": 0.9700598802395209,
  "anomaly_flags": {
    "runaway_hubbing": false,
    "star_collapse": false,
    "tierB_evaluated": false
  },
  "burn_in_epochs": 500,
  "clustering": 0.018518518518518517,
  "elapsed_seconds": 0.602567195892334,
  "ell_lock": 103.12535788577806,
  "engine_mode": "v_glue",
  "geometry": {
    "P0_downsample": [
      [
        0,
        1.0
      ],
      [
        2,
        0.37
      ],
      [
        4,
        0.2733333333333333
      ],
      [
        6,
        0.14666666666666667
      ],
      [
        8,
        0.14
      ],
      [
        10,
        0.08666666666666667
      ],
      [
        12,
        0.07333333333333333
      ],
      [
        14,
        0.043333333333333335
      ],
      [
        16,
        0.02666666666666667
      ],
      [
        18,
        0.02
      ],
      [
        20,
        0.01
      ],
      [
        22,
        0.02
      ],
      [
        24,
        0.016666666666666666
      ],
      [
        26,
        0.016666666666666666
      ],
      [
        28,
        0.013333333333333334
      ],
      [
        30,
        0.016666666666666666
      ],
      [
        32,
        0.02
      ],
      [
        34,
        0.013333333333333334
      ],
      [
        36,
        0.006666666666666667
      ],
      [
        38,
        0.013333333333333334
      ],
      [
        40,
        0.0033333333333333335
      ],
      [
        42,
        0.006666666666666667
      ],
      [
        44,
        0.0033333333333333335
      ],
      [
        46,
        0.006666666666666667
      ],
      [
        48,
        0.0033333333333333335
      ],
      [
        50,
        0.0
      ],
      [
        52,
        0.0033333333333333335
      ],
      [
        54,
        0.0
      ],
      [
        56,
        0.01
      ],
      [
        58,
        0.006666666666666667
      ],
      [
        60,
        0.0033333333333333335
      ],
      [
        62,
        0.006666666666666667
      ],
      [
        64,
        0.006666666666666667
      ],
      [
        66,
        0.0
      ],
      [
        68,
        0.0
      ],
      [
        70,
        0.0033333333333333335
      ],
      [
        72,
        0.0033333333333333335
      ],
      [
        74,
        0.0033333333333333335
      ],
      [
        76,
        0.006666666666666667
      ],
      [
        78,
        0.0
      ],
      [
        80,
        0.01
      ]
    ],
    "comp_size": 162,
    "ds_est": 1.6566985826299025,
    "ds_valid": false,
    "fit_t_max": 81,
    "fit_t_min": 27,
    "notes": "fit_invalid",
    "r2": 0.22582829482442068,
    "slope": -0.8283492913149513
  },
  "glue_state": {
    "cadence": {
      "field": "T",
      "mean": 0.9659402832439495,
      "var": 9.55261252416069e-32
    },
    "domains": {
      "counts": {
        "0": 4
      },
      "entropy": -1.000088900581841e-12
    },
    "phase": {
      "R": 1.0
    }
  },
  "hubshare": 0.019801980198019802,
  "islands": {
    "F_max": 0.25,
    "F_max_by_wstar": {
      "0.10": 1.0,
      "0.20": 0.25,
      "0.30": 0.25
    },
    "bundle_hist": {
      "1": 4
    },
    "bundle_hist_by_wstar": {
      "0.10": {
        "4": 1
      },
      "0.20": {
        "1": 4
      },
      "0.30": {
        "1": 4
      }
    },
    "bundle_sizes": [
      1,
      1,
      1,
      1
    ],
    "w_star": 0.3
  },
  "max_indegree": 6,
  "measure_epochs": 4500,
  "n": 0.6,
  "run_id": "geometry_scan_C5_W100_N4_n0p2_0p6_0p8_s56791_56798_v2__full__N4__n0.600__seed56794",
  "seed": 56794,
  "space_state": {
    "S_junc_w": 1.6379285840255988,
    "S_perc": 0.9700598802395209,
    "V_active_size": 167,
    "allow_cocreate_merge": false,
    "clustering": 0.018518518518518517,
    "domain_match": true,
    "enabled": true,
    "hubshare": 0.019801980198019802,
    "max_indegree": 6,
    "p_reuse_policy": "from_n",
    "p_reuse_value_last": 0.6
  },
  "steps_total": 5000,
  "variant": "full"
}