{
  "L": 0.5473887043155633,
  "L_inst": 0.7494444444444445,
  "N": 4,
  "Q_clock": 1.0947774086311266,
  "S_junc_w": 0.152579868517292,
  "S_perc": 0.8830769230769231,
  "anomaly_flags": {
    "runaway_hubbing": false,
    "star_collapse": false,
    "tierB_evaluated": false
  },
  "burn_in_epochs": 500,
  "clustering": 0.0,
  "elapsed_seconds": 0.8151130676269531,
  "ell_lock": 86.44564984554378,
  "engine_mode": "v_glue",
  "geometry": {
    "P0_downsample": [
      [
        0,
        1.0
      ],
      [
        3,
        0.0
      ],
      [
        6,
        0.2733333333333333
      ],
      [
        9,
        0.0
      ],
      [
        12,
        0.23333333333333334
      ],
      [
        15,
        0.0
      ],
      [
        18,
        0.2
      ],
      [
        21,
        0.0
      ],
      [
        24,
        0.15
      ],
      [
        27,
        0.0
      ],
      [
        30,
        0.11666666666666667
      ],
      [
        33,
        0.0
      ],
      [
        36,
        0.13333333333333333
      ],
      [
        39,
        0.0
      ],
      [
        42,
        0.09
      ],
      [
        45,
        0.0033333333333333335
      ],
      [
        48,
        0.07333333333333333
      ],
      [
        51,
        0.0
      ],
      [
        54,
        0.08
      ],
      [
        57,
        0.0
      ],
      [
        60,
        0.056666666666666664
      ],
      [
        63,
        0.0
      ],
      [
        66,
        0.07666666666666666
      ],
      [
        69,
        0.0
      ],
      [
        72,
        0.06
      ],
      [
        75,
        0.0
      ],
      [
        78,
        0.06
      ],
      [
        81,
        0.0
      ],
      [
        84,
        0.06
      ],
      [
        87,
        0.0
      ],
      [
        90,
        0.04
      ],
      [
        93,
        0.0
      ],
      [
        96,
        0.06
      ],
      [
        99,
        0.0033333333333333335
      ],
      [
        102,
        0.03333333333333333
      ],
      [
        105,
        0.0
      ],
      [
        108,
        0.05
      ],
      [
        111,
        0.0
      ],
      [
        114,
        0.04666666666666667
      ],
      [
        117,
        0.0
      ],
      [
        120,
        0.04
      ],
      [
        123,
        0.0
      ],
      [
        126,
        0.02666666666666667
      ],
      [
        129,
        0.0
      ],
      [
        132,
        0.05333333333333334
      ],
      [
        135,
        0.0
      ],
      [
        138,
        0.03333333333333333
      ],
      [
        141,
        0.0
      ]
    ],
    "comp_size": 287,
    "ds_est": 0.6742256693309034,
    "ds_valid": false,
    "fit_t_max": 143,
    "fit_t_min": 30,
    "notes": "fit_invalid",
    "r2": 0.014935070564738862,
    "slope": -0.3371128346654517
  },
  "glue_state": {
    "cadence": {
      "field": "T",
      "mean": 0.9077214710004744,
      "var": 6.471124613141112e-32
    },
    "domains": {
      "counts": {
        "0": 4
      },
      "entropy": -1.000088900581841e-12
    },
    "phase": {
      "R": 1.0
    }
  },
  "hubshare": 0.00821917808219178,
  "islands": {
    "F_max": 0.25,
    "F_max_by_wstar": {
      "0.10": 0.25,
      "0.20": 0.25,
      "0.30": 0.25
    },
    "bundle_hist": {
      "1": 4
    },
    "bundle_hist_by_wstar": {
      "0.10": {
        "1": 4
      },
      "0.20": {
        "1": 4
      },
      "0.30": {
        "1": 4
      }
    },
    "bundle_sizes": [
      1,
      1,
      1,
      1
    ],
    "w_star": 0.3
  },
  "max_indegree": 3,
  "measure_epochs": 4500,
  "n": 0.2,
  "run_id": "geometry_scan_C5_W100_N4_n0p2_0p6_0p8_s56791_56798_v2__full__N4__n0.200__seed56795",
  "seed": 56795,
  "space_state": {
    "S_junc_w": 0.152579868517292,
    "S_perc": 0.8830769230769231,
    "V_active_size": 325,
    "allow_cocreate_merge": false,
    "clustering": 0.0,
    "domain_match": true,
    "enabled": true,
    "hubshare": 0.00821917808219178,
    "max_indegree": 3,
    "p_reuse_policy": "from_n",
    "p_reuse_value_last": 0.2
  },
  "steps_total": 5000,
  "variant": "full"
}