{
  "L": 0.555909965101899,
  "L_inst": 0.7725555555555556,
  "N": 4,
  "Q_clock": 1.111819930203798,
  "S_junc_w": 0.1618269052838329,
  "S_perc": 0.703125,
  "anomaly_flags": {
    "runaway_hubbing": false,
    "star_collapse": false,
    "tierB_evaluated": false
  },
  "burn_in_epochs": 500,
  "clustering": 0.0,
  "elapsed_seconds": 0.8269011974334717,
  "ell_lock": 108.8706764331348,
  "engine_mode": "v_glue",
  "geometry": {
    "P0_downsample": [
      [
        0,
        1.0
      ],
      [
        2,
        0.49333333333333335
      ],
      [
        4,
        0.3333333333333333
      ],
      [
        6,
        0.3
      ],
      [
        8,
        0.22
      ],
      [
        10,
        0.23333333333333334
      ],
      [
        12,
        0.14
      ],
      [
        14,
        0.11333333333333333
      ],
      [
        16,
        0.13
      ],
      [
        18,
        0.11666666666666667
      ],
      [
        20,
        0.1
      ],
      [
        22,
        0.10333333333333333
      ],
      [
        24,
        0.1
      ],
      [
        26,
        0.11
      ],
      [
        28,
        0.08666666666666667
      ],
      [
        30,
        0.09666666666666666
      ],
      [
        32,
        0.07666666666666666
      ],
      [
        34,
        0.08333333333333333
      ],
      [
        36,
        0.09666666666666666
      ],
      [
        38,
        0.11
      ],
      [
        40,
        0.07
      ],
      [
        42,
        0.08333333333333333
      ],
      [
        44,
        0.07333333333333333
      ],
      [
        46,
        0.06
      ],
      [
        48,
        0.08
      ],
      [
        50,
        0.07333333333333333
      ],
      [
        52,
        0.07
      ],
      [
        54,
        0.06666666666666667
      ],
      [
        56,
        0.08
      ],
      [
        58,
        0.056666666666666664
      ],
      [
        60,
        0.05333333333333334
      ],
      [
        62,
        0.056666666666666664
      ],
      [
        64,
        0.04
      ],
      [
        66,
        0.05333333333333334
      ],
      [
        68,
        0.06333333333333334
      ],
      [
        70,
        0.05333333333333334
      ],
      [
        72,
        0.06333333333333334
      ],
      [
        74,
        0.06
      ],
      [
        76,
        0.04666666666666667
      ],
      [
        78,
        0.05333333333333334
      ],
      [
        80,
        0.04666666666666667
      ],
      [
        82,
        0.02666666666666667
      ],
      [
        84,
        0.02666666666666667
      ],
      [
        86,
        0.023333333333333334
      ],
      [
        88,
        0.02666666666666667
      ],
      [
        90,
        0.03
      ],
      [
        92,
        0.03666666666666667
      ],
      [
        94,
        0.02
      ],
      [
        96,
        0.04
      ],
      [
        98,
        0.03333333333333333
      ],
      [
        100,
        0.023333333333333334
      ],
      [
        102,
        0.043333333333333335
      ],
      [
        104,
        0.02666666666666667
      ],
      [
        106,
        0.03
      ],
      [
        108,
        0.03666666666666667
      ],
      [
        110,
        0.03666666666666667
      ],
      [
        112,
        0.03333333333333333
      ]
    ],
    "comp_size": 225,
    "ds_est": 2.3731863120339898,
    "ds_valid": false,
    "fit_t_max": 112,
    "fit_t_min": 30,
    "notes": "fit_invalid",
    "r2": 0.1435476342303752,
    "slope": -1.1865931560169949
  },
  "glue_state": {
    "cadence": {
      "field": "T",
      "mean": 0.8414698447054035,
      "var": 3.697785493223493e-32
    },
    "domains": {
      "counts": {
        "0": 4
      },
      "entropy": -1.000088900581841e-12
    },
    "phase": {
      "R": 0.9999999999999999
    }
  },
  "hubshare": 0.008356545961002786,
  "islands": {
    "F_max": 0.25,
    "F_max_by_wstar": {
      "0.10": 0.25,
      "0.20": 0.25,
      "0.30": 0.25
    },
    "bundle_hist": {
      "1": 4
    },
    "bundle_hist_by_wstar": {
      "0.10": {
        "1": 4
      },
      "0.20": {
        "1": 4
      },
      "0.30": {
        "1": 4
      }
    },
    "bundle_sizes": [
      1,
      1,
      1,
      1
    ],
    "w_star": 0.3
  },
  "max_indegree": 3,
  "measure_epochs": 4500,
  "n": 0.2,
  "run_id": "geometry_scan_C5_W100_N4_n0p2_0p6_0p8_s56791_56798_v2__full__N4__n0.200__seed56798",
  "seed": 56798,
  "space_state": {
    "S_junc_w": 0.1618269052838329,
    "S_perc": 0.703125,
    "V_active_size": 320,
    "allow_cocreate_merge": false,
    "clustering": 0.0,
    "domain_match": true,
    "enabled": true,
    "hubshare": 0.008356545961002786,
    "max_indegree": 3,
    "p_reuse_policy": "from_n",
    "p_reuse_value_last": 0.2
  },
  "steps_total": 5000,
  "variant": "full"
}