{
  "L": 0.5424219328336433,
  "L_inst": 0.7567777777777778,
  "N": 4,
  "Q_clock": 1.0848438656672865,
  "S_junc_w": 4.602509148497548,
  "S_perc": 0.9647058823529412,
  "anomaly_flags": {
    "runaway_hubbing": false,
    "star_collapse": false,
    "tierB_evaluated": false
  },
  "burn_in_epochs": 500,
  "clustering": 0.05771475256769374,
  "elapsed_seconds": 0.4491713047027588,
  "ell_lock": 110.19811619106756,
  "engine_mode": "v_glue",
  "geometry": {
    "P0_downsample": [
      [
        0,
        1.0
      ],
      [
        1,
        0.0
      ],
      [
        2,
        0.3233333333333333
      ],
      [
        3,
        0.0033333333333333335
      ],
      [
        4,
        0.14
      ],
      [
        5,
        0.013333333333333334
      ],
      [
        6,
        0.08
      ],
      [
        7,
        0.006666666666666667
      ],
      [
        8,
        0.05
      ],
      [
        9,
        0.02
      ],
      [
        10,
        0.043333333333333335
      ],
      [
        11,
        0.006666666666666667
      ],
      [
        12,
        0.04
      ],
      [
        13,
        0.01
      ],
      [
        14,
        0.03333333333333333
      ],
      [
        15,
        0.013333333333333334
      ],
      [
        16,
        0.02
      ],
      [
        17,
        0.006666666666666667
      ],
      [
        18,
        0.03
      ],
      [
        19,
        0.0
      ],
      [
        20,
        0.013333333333333334
      ],
      [
        21,
        0.016666666666666666
      ],
      [
        22,
        0.016666666666666666
      ],
      [
        23,
        0.01
      ],
      [
        24,
        0.013333333333333334
      ],
      [
        25,
        0.016666666666666666
      ],
      [
        26,
        0.013333333333333334
      ],
      [
        27,
        0.01
      ],
      [
        28,
        0.006666666666666667
      ],
      [
        29,
        0.006666666666666667
      ],
      [
        30,
        0.01
      ],
      [
        31,
        0.006666666666666667
      ],
      [
        32,
        0.01
      ],
      [
        33,
        0.0
      ],
      [
        34,
        0.016666666666666666
      ],
      [
        35,
        0.006666666666666667
      ],
      [
        36,
        0.006666666666666667
      ],
      [
        37,
        0.01
      ],
      [
        38,
        0.006666666666666667
      ],
      [
        39,
        0.02
      ],
      [
        40,
        0.023333333333333334
      ],
      [
        41,
        0.013333333333333334
      ],
      [
        42,
        0.006666666666666667
      ],
      [
        43,
        0.0033333333333333335
      ],
      [
        44,
        0.013333333333333334
      ],
      [
        45,
        0.006666666666666667
      ],
      [
        46,
        0.016666666666666666
      ],
      [
        47,
        0.0033333333333333335
      ],
      [
        48,
        0.013333333333333334
      ],
      [
        49,
        0.0033333333333333335
      ],
      [
        50,
        0.013333333333333334
      ],
      [
        51,
        0.01
      ],
      [
        52,
        0.01
      ],
      [
        53,
        0.01
      ],
      [
        54,
        0.016666666666666666
      ],
      [
        55,
        0.006666666666666667
      ],
      [
        56,
        0.01
      ],
      [
        57,
        0.016666666666666666
      ],
      [
        58,
        0.01
      ],
      [
        59,
        0.013333333333333334
      ],
      [
        60,
        0.01
      ]
    ],
    "comp_size": 82,
    "ds_est": 0.4580697120922039,
    "ds_valid": false,
    "fit_t_max": 60,
    "fit_t_min": 20,
    "notes": "fit_invalid",
    "r2": 0.024418413226194535,
    "slope": -0.22903485604610194
  },
  "glue_state": {
    "cadence": {
      "field": "T",
      "mean": 0.9886640975539268,
      "var": 9.55261252416069e-32
    },
    "domains": {
      "counts": {
        "0": 4
      },
      "entropy": -1.000088900581841e-12
    },
    "phase": {
      "R": 0.9999999999999999
    }
  },
  "hubshare": 0.03862660944206009,
  "islands": {
    "F_max": 1.0,
    "F_max_by_wstar": {
      "0.10": 1.0,
      "0.20": 1.0,
      "0.30": 1.0
    },
    "bundle_hist": {
      "4": 1
    },
    "bundle_hist_by_wstar": {
      "0.10": {
        "4": 1
      },
      "0.20": {
        "4": 1
      },
      "0.30": {
        "4": 1
      }
    },
    "bundle_sizes": [
      4
    ],
    "w_star": 0.3
  },
  "max_indegree": 9,
  "measure_epochs": 4500,
  "n": 0.8,
  "run_id": "geometry_scan_C5_W100_N4_n0p2_0p6_0p8_s56791_56798_v2__full__N4__n0.800__seed56792",
  "seed": 56792,
  "space_state": {
    "S_junc_w": 4.602509148497548,
    "S_perc": 0.9647058823529412,
    "V_active_size": 85,
    "allow_cocreate_merge": false,
    "clustering": 0.05771475256769374,
    "domain_match": true,
    "enabled": true,
    "hubshare": 0.03862660944206009,
    "max_indegree": 9,
    "p_reuse_policy": "from_n",
    "p_reuse_value_last": 0.8
  },
  "steps_total": 5000,
  "variant": "full"
}