{
  "L": 0.7832339721500784,
  "L_inst": 0.7585555555555555,
  "N": 4,
  "Q_clock": 1.5664679443001568,
  "S_junc_w": 1.859883132608088,
  "S_perc": 0.9102564102564102,
  "anomaly_flags": {
    "runaway_hubbing": false,
    "star_collapse": false,
    "tierB_evaluated": false
  },
  "burn_in_epochs": 500,
  "clustering": 0.031811085089773615,
  "elapsed_seconds": 0.5967800617218018,
  "ell_lock": 78.3116219577436,
  "engine_mode": "v_glue",
  "geometry": {
    "P0_downsample": [
      [
        0,
        1.0
      ],
      [
        1,
        0.0
      ],
      [
        2,
        0.32
      ],
      [
        3,
        0.0033333333333333335
      ],
      [
        4,
        0.21
      ],
      [
        5,
        0.0
      ],
      [
        6,
        0.15
      ],
      [
        7,
        0.0
      ],
      [
        8,
        0.08333333333333333
      ],
      [
        9,
        0.006666666666666667
      ],
      [
        10,
        0.05333333333333334
      ],
      [
        11,
        0.0033333333333333335
      ],
      [
        12,
        0.03666666666666667
      ],
      [
        13,
        0.013333333333333334
      ],
      [
        14,
        0.03
      ],
      [
        15,
        0.01
      ],
      [
        16,
        0.02
      ],
      [
        17,
        0.013333333333333334
      ],
      [
        18,
        0.023333333333333334
      ],
      [
        19,
        0.013333333333333334
      ],
      [
        20,
        0.023333333333333334
      ],
      [
        21,
        0.01
      ],
      [
        22,
        0.02
      ],
      [
        23,
        0.0033333333333333335
      ],
      [
        24,
        0.023333333333333334
      ],
      [
        25,
        0.01
      ],
      [
        26,
        0.02
      ],
      [
        27,
        0.0033333333333333335
      ],
      [
        28,
        0.02666666666666667
      ],
      [
        29,
        0.006666666666666667
      ],
      [
        30,
        0.016666666666666666
      ],
      [
        31,
        0.01
      ],
      [
        32,
        0.01
      ],
      [
        33,
        0.0033333333333333335
      ],
      [
        34,
        0.01
      ],
      [
        35,
        0.006666666666666667
      ],
      [
        36,
        0.013333333333333334
      ],
      [
        37,
        0.0033333333333333335
      ],
      [
        38,
        0.006666666666666667
      ],
      [
        39,
        0.006666666666666667
      ],
      [
        40,
        0.006666666666666667
      ],
      [
        41,
        0.01
      ],
      [
        42,
        0.01
      ],
      [
        43,
        0.006666666666666667
      ],
      [
        44,
        0.0033333333333333335
      ],
      [
        45,
        0.0
      ],
      [
        46,
        0.0
      ],
      [
        47,
        0.006666666666666667
      ],
      [
        48,
        0.01
      ],
      [
        49,
        0.0033333333333333335
      ],
      [
        50,
        0.013333333333333334
      ],
      [
        51,
        0.0033333333333333335
      ],
      [
        52,
        0.013333333333333334
      ],
      [
        53,
        0.0
      ],
      [
        54,
        0.02
      ],
      [
        55,
        0.0033333333333333335
      ],
      [
        56,
        0.013333333333333334
      ],
      [
        57,
        0.006666666666666667
      ],
      [
        58,
        0.0033333333333333335
      ],
      [
        59,
        0.013333333333333334
      ],
      [
        60,
        0.0033333333333333335
      ],
      [
        61,
        0.013333333333333334
      ],
      [
        62,
        0.0
      ],
      [
        63,
        0.006666666666666667
      ],
      [
        64,
        0.0033333333333333335
      ],
      [
        65,
        0.0
      ],
      [
        66,
        0.006666666666666667
      ],
      [
        67,
        0.013333333333333334
      ],
      [
        68,
        0.0033333333333333335
      ],
      [
        69,
        0.006666666666666667
      ],
      [
        70,
        0.0033333333333333335
      ],
      [
        71,
        0.01
      ]
    ],
    "comp_size": 142,
    "ds_est": 0.8528546043536291,
    "ds_valid": false,
    "fit_t_max": 71,
    "fit_t_min": 23,
    "notes": "fit_invalid",
    "r2": 0.05108604356681545,
    "slope": -0.42642730217681457
  },
  "glue_state": {
    "cadence": {
      "field": "T",
      "mean": 0.9886640975539268,
      "var": 9.55261252416069e-32
    },
    "domains": {
      "counts": {
        "0": 4
      },
      "entropy": -1.000088900581841e-12
    },
    "phase": {
      "R": 0.9999999999999999
    }
  },
  "hubshare": 0.020689655172413793,
  "islands": {
    "F_max": 0.25,
    "F_max_by_wstar": {
      "0.10": 1.0,
      "0.20": 0.5,
      "0.30": 0.25
    },
    "bundle_hist": {
      "1": 4
    },
    "bundle_hist_by_wstar": {
      "0.10": {
        "4": 1
      },
      "0.20": {
        "1": 2,
        "2": 1
      },
      "0.30": {
        "1": 4
      }
    },
    "bundle_sizes": [
      1,
      1,
      1,
      1
    ],
    "w_star": 0.3
  },
  "max_indegree": 6,
  "measure_epochs": 4500,
  "n": 0.6,
  "run_id": "geometry_scan_C5_W100_N4_n0p2_0p6_0p8_s56791_56798_v2__full__N4__n0.600__seed56792",
  "seed": 56792,
  "space_state": {
    "S_junc_w": 1.859883132608088,
    "S_perc": 0.9102564102564102,
    "V_active_size": 156,
    "allow_cocreate_merge": false,
    "clustering": 0.031811085089773615,
    "domain_match": true,
    "enabled": true,
    "hubshare": 0.020689655172413793,
    "max_indegree": 6,
    "p_reuse_policy": "from_n",
    "p_reuse_value_last": 0.6
  },
  "steps_total": 5000,
  "variant": "full"
}