{
  "L": 0.43761239867402885,
  "L_inst": 0.7331111111111112,
  "N": 4,
  "Q_clock": 0.8752247973480577,
  "S_junc_w": 0.12662164528342715,
  "S_perc": 0.780564263322884,
  "anomaly_flags": {
    "runaway_hubbing": false,
    "star_collapse": false,
    "tierB_evaluated": false
  },
  "burn_in_epochs": 500,
  "clustering": 0.008736559139784945,
  "elapsed_seconds": 0.8158862590789795,
  "ell_lock": 112.2237016711895,
  "engine_mode": "v_glue",
  "geometry": {
    "P0_downsample": [
      [
        0,
        1.0
      ],
      [
        3,
        0.0033333333333333335
      ],
      [
        6,
        0.3466666666666667
      ],
      [
        9,
        0.006666666666666667
      ],
      [
        12,
        0.20333333333333334
      ],
      [
        15,
        0.0
      ],
      [
        18,
        0.16333333333333333
      ],
      [
        21,
        0.0
      ],
      [
        24,
        0.15
      ],
      [
        27,
        0.0
      ],
      [
        30,
        0.13
      ],
      [
        33,
        0.01
      ],
      [
        36,
        0.11333333333333333
      ],
      [
        39,
        0.006666666666666667
      ],
      [
        42,
        0.07333333333333333
      ],
      [
        45,
        0.006666666666666667
      ],
      [
        48,
        0.08666666666666667
      ],
      [
        51,
        0.0033333333333333335
      ],
      [
        54,
        0.1
      ],
      [
        57,
        0.0033333333333333335
      ],
      [
        60,
        0.08666666666666667
      ],
      [
        63,
        0.0033333333333333335
      ],
      [
        66,
        0.07666666666666666
      ],
      [
        69,
        0.0033333333333333335
      ],
      [
        72,
        0.08333333333333333
      ],
      [
        75,
        0.006666666666666667
      ],
      [
        78,
        0.07666666666666666
      ],
      [
        81,
        0.0033333333333333335
      ],
      [
        84,
        0.07
      ],
      [
        87,
        0.013333333333333334
      ],
      [
        90,
        0.07
      ],
      [
        93,
        0.006666666666666667
      ],
      [
        96,
        0.06666666666666667
      ],
      [
        99,
        0.0033333333333333335
      ],
      [
        102,
        0.08333333333333333
      ],
      [
        105,
        0.006666666666666667
      ],
      [
        108,
        0.06666666666666667
      ],
      [
        111,
        0.0033333333333333335
      ],
      [
        114,
        0.043333333333333335
      ],
      [
        117,
        0.0033333333333333335
      ],
      [
        120,
        0.05
      ],
      [
        123,
        0.01
      ]
    ],
    "comp_size": 249,
    "ds_est": 0.888242278145131,
    "ds_valid": false,
    "fit_t_max": 124,
    "fit_t_min": 30,
    "notes": "fit_invalid",
    "r2": 0.017700211712596392,
    "slope": -0.4441211390725655
  },
  "glue_state": {
    "cadence": {
      "field": "T",
      "mean": 0.9659402832439495,
      "var": 9.55261252416069e-32
    },
    "domains": {
      "counts": {
        "0": 4
      },
      "entropy": -1.000088900581841e-12
    },
    "phase": {
      "R": 1.0
    }
  },
  "hubshare": 0.0084985835694051,
  "islands": {
    "F_max": 0.25,
    "F_max_by_wstar": {
      "0.10": 0.25,
      "0.20": 0.25,
      "0.30": 0.25
    },
    "bundle_hist": {
      "1": 4
    },
    "bundle_hist_by_wstar": {
      "0.10": {
        "1": 4
      },
      "0.20": {
        "1": 4
      },
      "0.30": {
        "1": 4
      }
    },
    "bundle_sizes": [
      1,
      1,
      1,
      1
    ],
    "w_star": 0.3
  },
  "max_indegree": 3,
  "measure_epochs": 4500,
  "n": 0.2,
  "run_id": "geometry_scan_C5_W100_N4_n0p2_0p6_0p8_s56791_56798_v2__full__N4__n0.200__seed56794",
  "seed": 56794,
  "space_state": {
    "S_junc_w": 0.12662164528342715,
    "S_perc": 0.780564263322884,
    "V_active_size": 319,
    "allow_cocreate_merge": false,
    "clustering": 0.008736559139784945,
    "domain_match": true,
    "enabled": true,
    "hubshare": 0.0084985835694051,
    "max_indegree": 3,
    "p_reuse_policy": "from_n",
    "p_reuse_value_last": 0.2
  },
  "steps_total": 5000,
  "variant": "full"
}