{
  "L": 0.5408272603625234,
  "L_inst": 0.7363333333333333,
  "N": 4,
  "Q_clock": 1.0816545207250468,
  "S_junc_w": 0.1411407345762226,
  "S_perc": 0.8080495356037152,
  "anomaly_flags": {
    "runaway_hubbing": false,
    "star_collapse": false,
    "tierB_evaluated": false
  },
  "burn_in_epochs": 500,
  "clustering": 0.0,
  "elapsed_seconds": 0.8142950534820557,
  "ell_lock": 87.72004520666869,
  "engine_mode": "v_glue",
  "geometry": {
    "P0_downsample": [
      [
        0,
        1.0
      ],
      [
        3,
        0.0
      ],
      [
        6,
        0.32
      ],
      [
        9,
        0.0
      ],
      [
        12,
        0.18
      ],
      [
        15,
        0.0
      ],
      [
        18,
        0.13
      ],
      [
        21,
        0.0
      ],
      [
        24,
        0.11
      ],
      [
        27,
        0.0
      ],
      [
        30,
        0.11333333333333333
      ],
      [
        33,
        0.0
      ],
      [
        36,
        0.09666666666666666
      ],
      [
        39,
        0.0
      ],
      [
        42,
        0.07666666666666666
      ],
      [
        45,
        0.0
      ],
      [
        48,
        0.08333333333333333
      ],
      [
        51,
        0.0
      ],
      [
        54,
        0.05333333333333334
      ],
      [
        57,
        0.0
      ],
      [
        60,
        0.09
      ],
      [
        63,
        0.0
      ],
      [
        66,
        0.05333333333333334
      ],
      [
        69,
        0.0
      ],
      [
        72,
        0.043333333333333335
      ],
      [
        75,
        0.0033333333333333335
      ],
      [
        78,
        0.04
      ],
      [
        81,
        0.0
      ],
      [
        84,
        0.05333333333333334
      ],
      [
        87,
        0.0
      ],
      [
        90,
        0.03333333333333333
      ],
      [
        93,
        0.0
      ],
      [
        96,
        0.023333333333333334
      ],
      [
        99,
        0.0
      ],
      [
        102,
        0.043333333333333335
      ],
      [
        105,
        0.0
      ],
      [
        108,
        0.05
      ],
      [
        111,
        0.0
      ],
      [
        114,
        0.043333333333333335
      ],
      [
        117,
        0.0
      ],
      [
        120,
        0.02
      ],
      [
        123,
        0.0
      ],
      [
        126,
        0.023333333333333334
      ],
      [
        129,
        0.0
      ]
    ],
    "comp_size": 261,
    "ds_est": 1.5509319630382945,
    "ds_valid": false,
    "fit_t_max": 130,
    "fit_t_min": 30,
    "notes": "fit_invalid",
    "r2": 0.07619660498040481,
    "slope": -0.7754659815191473
  },
  "glue_state": {
    "cadence": {
      "field": "T",
      "mean": 0.9886640975539268,
      "var": 9.55261252416069e-32
    },
    "domains": {
      "counts": {
        "0": 4
      },
      "entropy": -1.000088900581841e-12
    },
    "phase": {
      "R": 0.9999999999999999
    }
  },
  "hubshare": 0.008356545961002786,
  "islands": {
    "F_max": 0.25,
    "F_max_by_wstar": {
      "0.10": 0.25,
      "0.20": 0.25,
      "0.30": 0.25
    },
    "bundle_hist": {
      "1": 4
    },
    "bundle_hist_by_wstar": {
      "0.10": {
        "1": 4
      },
      "0.20": {
        "1": 4
      },
      "0.30": {
        "1": 4
      }
    },
    "bundle_sizes": [
      1,
      1,
      1,
      1
    ],
    "w_star": 0.3
  },
  "max_indegree": 3,
  "measure_epochs": 4500,
  "n": 0.2,
  "run_id": "geometry_scan_C5_W100_N4_n0p2_0p6_0p8_s56791_56798_v2__full__N4__n0.200__seed56792",
  "seed": 56792,
  "space_state": {
    "S_junc_w": 0.1411407345762226,
    "S_perc": 0.8080495356037152,
    "V_active_size": 323,
    "allow_cocreate_merge": false,
    "clustering": 0.0,
    "domain_match": true,
    "enabled": true,
    "hubshare": 0.008356545961002786,
    "max_indegree": 3,
    "p_reuse_policy": "from_n",
    "p_reuse_value_last": 0.2
  },
  "steps_total": 5000,
  "variant": "full"
}