{
  "L": 0.4844622300658517,
  "L_inst": 0.7431111111111111,
  "N": 4,
  "Q_clock": 0.9689244601317034,
  "S_junc_w": 3.521445936399487,
  "S_perc": 0.9387755102040817,
  "anomaly_flags": {
    "runaway_hubbing": false,
    "star_collapse": false,
    "tierB_evaluated": false
  },
  "burn_in_epochs": 500,
  "clustering": 0.06647774739880004,
  "elapsed_seconds": 0.4482450485229492,
  "ell_lock": 152.54292870957383,
  "engine_mode": "v_glue",
  "geometry": {
    "P0_downsample": [
      [
        0,
        1.0
      ],
      [
        1,
        0.0
      ],
      [
        2,
        0.26666666666666666
      ],
      [
        3,
        0.0033333333333333335
      ],
      [
        4,
        0.11
      ],
      [
        5,
        0.006666666666666667
      ],
      [
        6,
        0.06666666666666667
      ],
      [
        7,
        0.006666666666666667
      ],
      [
        8,
        0.04666666666666667
      ],
      [
        9,
        0.0
      ],
      [
        10,
        0.023333333333333334
      ],
      [
        11,
        0.006666666666666667
      ],
      [
        12,
        0.013333333333333334
      ],
      [
        13,
        0.01
      ],
      [
        14,
        0.02
      ],
      [
        15,
        0.006666666666666667
      ],
      [
        16,
        0.02
      ],
      [
        17,
        0.01
      ],
      [
        18,
        0.013333333333333334
      ],
      [
        19,
        0.013333333333333334
      ],
      [
        20,
        0.013333333333333334
      ],
      [
        21,
        0.01
      ],
      [
        22,
        0.013333333333333334
      ],
      [
        23,
        0.0033333333333333335
      ],
      [
        24,
        0.01
      ],
      [
        25,
        0.0033333333333333335
      ],
      [
        26,
        0.013333333333333334
      ],
      [
        27,
        0.0033333333333333335
      ],
      [
        28,
        0.013333333333333334
      ],
      [
        29,
        0.006666666666666667
      ],
      [
        30,
        0.01
      ],
      [
        31,
        0.006666666666666667
      ],
      [
        32,
        0.013333333333333334
      ],
      [
        33,
        0.006666666666666667
      ],
      [
        34,
        0.02666666666666667
      ],
      [
        35,
        0.013333333333333334
      ],
      [
        36,
        0.02
      ],
      [
        37,
        0.016666666666666666
      ],
      [
        38,
        0.013333333333333334
      ],
      [
        39,
        0.01
      ],
      [
        40,
        0.01
      ],
      [
        41,
        0.006666666666666667
      ],
      [
        42,
        0.013333333333333334
      ],
      [
        43,
        0.013333333333333334
      ],
      [
        44,
        0.006666666666666667
      ],
      [
        45,
        0.013333333333333334
      ],
      [
        46,
        0.01
      ],
      [
        47,
        0.016666666666666666
      ],
      [
        48,
        0.013333333333333334
      ],
      [
        49,
        0.006666666666666667
      ],
      [
        50,
        0.01
      ],
      [
        51,
        0.0033333333333333335
      ],
      [
        52,
        0.016666666666666666
      ],
      [
        53,
        0.006666666666666667
      ],
      [
        54,
        0.013333333333333334
      ],
      [
        55,
        0.0
      ],
      [
        56,
        0.013333333333333334
      ],
      [
        57,
        0.01
      ],
      [
        58,
        0.013333333333333334
      ],
      [
        59,
        0.006666666666666667
      ],
      [
        60,
        0.01
      ]
    ],
    "comp_size": 92,
    "ds_est": -0.41056842293924944,
    "ds_valid": false,
    "fit_t_max": 60,
    "fit_t_min": 20,
    "notes": "fit_invalid",
    "r2": 0.017577146791189047,
    "slope": 0.20528421146962472
  },
  "glue_state": {
    "cadence": {
      "field": "T",
      "mean": 1.0859991154493438,
      "var": 1.7256332301709633e-31
    },
    "domains": {
      "counts": {
        "0": 4
      },
      "entropy": -1.000088900581841e-12
    },
    "phase": {
      "R": 1.0
    }
  },
  "hubshare": 0.028925619834710745,
  "islands": {
    "F_max": 0.5,
    "F_max_by_wstar": {
      "0.10": 1.0,
      "0.20": 1.0,
      "0.30": 0.5
    },
    "bundle_hist": {
      "2": 2
    },
    "bundle_hist_by_wstar": {
      "0.10": {
        "4": 1
      },
      "0.20": {
        "4": 1
      },
      "0.30": {
        "2": 2
      }
    },
    "bundle_sizes": [
      2,
      2
    ],
    "w_star": 0.3
  },
  "max_indegree": 7,
  "measure_epochs": 4500,
  "n": 0.8,
  "run_id": "geometry_scan_C5_W100_N4_n0p2_0p6_0p8_s56791_56798_v2__full__N4__n0.800__seed56797",
  "seed": 56797,
  "space_state": {
    "S_junc_w": 3.521445936399487,
    "S_perc": 0.9387755102040817,
    "V_active_size": 98,
    "allow_cocreate_merge": false,
    "clustering": 0.06647774739880004,
    "domain_match": true,
    "enabled": true,
    "hubshare": 0.028925619834710745,
    "max_indegree": 7,
    "p_reuse_policy": "from_n",
    "p_reuse_value_last": 0.8
  },
  "steps_total": 5000,
  "variant": "full"
}