{
  "L": 0.3510570726328014,
  "L_inst": 0.7372222222222222,
  "N": 4,
  "Q_clock": 0.7021141452656028,
  "S_junc_w": 4.318446598644228,
  "S_perc": 0.9782608695652174,
  "anomaly_flags": {
    "runaway_hubbing": false,
    "star_collapse": false,
    "tierB_evaluated": false
  },
  "burn_in_epochs": 500,
  "clustering": 0.03491508491508492,
  "elapsed_seconds": 0.45118093490600586,
  "ell_lock": 94.0185646684904,
  "engine_mode": "v_glue",
  "geometry": {
    "P0_downsample": [
      [
        0,
        1.0
      ],
      [
        1,
        0.0
      ],
      [
        2,
        0.27
      ],
      [
        3,
        0.0033333333333333335
      ],
      [
        4,
        0.15666666666666668
      ],
      [
        5,
        0.01
      ],
      [
        6,
        0.11
      ],
      [
        7,
        0.0033333333333333335
      ],
      [
        8,
        0.056666666666666664
      ],
      [
        9,
        0.016666666666666666
      ],
      [
        10,
        0.03333333333333333
      ],
      [
        11,
        0.01
      ],
      [
        12,
        0.04666666666666667
      ],
      [
        13,
        0.01
      ],
      [
        14,
        0.04666666666666667
      ],
      [
        15,
        0.01
      ],
      [
        16,
        0.03333333333333333
      ],
      [
        17,
        0.006666666666666667
      ],
      [
        18,
        0.013333333333333334
      ],
      [
        19,
        0.0033333333333333335
      ],
      [
        20,
        0.016666666666666666
      ],
      [
        21,
        0.006666666666666667
      ],
      [
        22,
        0.006666666666666667
      ],
      [
        23,
        0.006666666666666667
      ],
      [
        24,
        0.013333333333333334
      ],
      [
        25,
        0.016666666666666666
      ],
      [
        26,
        0.02666666666666667
      ],
      [
        27,
        0.006666666666666667
      ],
      [
        28,
        0.023333333333333334
      ],
      [
        29,
        0.016666666666666666
      ],
      [
        30,
        0.013333333333333334
      ],
      [
        31,
        0.016666666666666666
      ],
      [
        32,
        0.01
      ],
      [
        33,
        0.02
      ],
      [
        34,
        0.01
      ],
      [
        35,
        0.0033333333333333335
      ],
      [
        36,
        0.01
      ],
      [
        37,
        0.0033333333333333335
      ],
      [
        38,
        0.0033333333333333335
      ],
      [
        39,
        0.01
      ],
      [
        40,
        0.0033333333333333335
      ],
      [
        41,
        0.006666666666666667
      ],
      [
        42,
        0.006666666666666667
      ],
      [
        43,
        0.013333333333333334
      ],
      [
        44,
        0.006666666666666667
      ],
      [
        45,
        0.02666666666666667
      ],
      [
        46,
        0.02
      ],
      [
        47,
        0.013333333333333334
      ],
      [
        48,
        0.006666666666666667
      ],
      [
        49,
        0.02
      ],
      [
        50,
        0.02
      ],
      [
        51,
        0.02
      ],
      [
        52,
        0.02
      ],
      [
        53,
        0.02666666666666667
      ],
      [
        54,
        0.02
      ],
      [
        55,
        0.013333333333333334
      ],
      [
        56,
        0.013333333333333334
      ],
      [
        57,
        0.013333333333333334
      ],
      [
        58,
        0.006666666666666667
      ],
      [
        59,
        0.006666666666666667
      ],
      [
        60,
        0.01
      ]
    ],
    "comp_size": 90,
    "ds_est": -0.31698740472708514,
    "ds_valid": false,
    "fit_t_max": 60,
    "fit_t_min": 20,
    "notes": "fit_invalid",
    "r2": 0.007060046374247841,
    "slope": 0.15849370236354257
  },
  "glue_state": {
    "cadence": {
      "field": "T",
      "mean": 0.9153834139060076,
      "var": 6.471124613141112e-32
    },
    "domains": {
      "counts": {
        "0": 4
      },
      "entropy": -1.000088900581841e-12
    },
    "phase": {
      "R": 0.9999999999999999
    }
  },
  "hubshare": 0.04065040650406504,
  "islands": {
    "F_max": 1.0,
    "F_max_by_wstar": {
      "0.10": 1.0,
      "0.20": 1.0,
      "0.30": 1.0
    },
    "bundle_hist": {
      "4": 1
    },
    "bundle_hist_by_wstar": {
      "0.10": {
        "4": 1
      },
      "0.20": {
        "4": 1
      },
      "0.30": {
        "4": 1
      }
    },
    "bundle_sizes": [
      4
    ],
    "w_star": 0.3
  },
  "max_indegree": 10,
  "measure_epochs": 4500,
  "n": 0.8,
  "run_id": "geometry_scan_C5_W100_N4_n0p2_0p6_0p8_s56791_56798_v2__full__N4__n0.800__seed56791",
  "seed": 56791,
  "space_state": {
    "S_junc_w": 4.318446598644228,
    "S_perc": 0.9782608695652174,
    "V_active_size": 92,
    "allow_cocreate_merge": false,
    "clustering": 0.03491508491508492,
    "domain_match": true,
    "enabled": true,
    "hubshare": 0.04065040650406504,
    "max_indegree": 10,
    "p_reuse_policy": "from_n",
    "p_reuse_value_last": 0.8
  },
  "steps_total": 5000,
  "variant": "full"
}