{
  "L": 0.5124503612305943,
  "L_inst": 0.7493333333333333,
  "N": 4,
  "Q_clock": 1.0249007224611886,
  "S_junc_w": 4.67934283407382,
  "S_perc": 1.0,
  "anomaly_flags": {
    "runaway_hubbing": false,
    "star_collapse": false,
    "tierB_evaluated": false
  },
  "burn_in_epochs": 500,
  "clustering": 0.03030888030888031,
  "elapsed_seconds": 0.45442986488342285,
  "ell_lock": 111.46947384423845,
  "engine_mode": "v_glue",
  "geometry": {
    "P0_downsample": [
      [
        0,
        1.0
      ],
      [
        1,
        0.0
      ],
      [
        2,
        0.26666666666666666
      ],
      [
        3,
        0.0033333333333333335
      ],
      [
        4,
        0.16
      ],
      [
        5,
        0.0033333333333333335
      ],
      [
        6,
        0.11666666666666667
      ],
      [
        7,
        0.016666666666666666
      ],
      [
        8,
        0.05333333333333334
      ],
      [
        9,
        0.0033333333333333335
      ],
      [
        10,
        0.04
      ],
      [
        11,
        0.0
      ],
      [
        12,
        0.05
      ],
      [
        13,
        0.016666666666666666
      ],
      [
        14,
        0.016666666666666666
      ],
      [
        15,
        0.013333333333333334
      ],
      [
        16,
        0.023333333333333334
      ],
      [
        17,
        0.01
      ],
      [
        18,
        0.02
      ],
      [
        19,
        0.016666666666666666
      ],
      [
        20,
        0.006666666666666667
      ],
      [
        21,
        0.013333333333333334
      ],
      [
        22,
        0.013333333333333334
      ],
      [
        23,
        0.013333333333333334
      ],
      [
        24,
        0.03
      ],
      [
        25,
        0.01
      ],
      [
        26,
        0.023333333333333334
      ],
      [
        27,
        0.006666666666666667
      ],
      [
        28,
        0.016666666666666666
      ],
      [
        29,
        0.006666666666666667
      ],
      [
        30,
        0.016666666666666666
      ],
      [
        31,
        0.006666666666666667
      ],
      [
        32,
        0.016666666666666666
      ],
      [
        33,
        0.0
      ],
      [
        34,
        0.01
      ],
      [
        35,
        0.006666666666666667
      ],
      [
        36,
        0.0033333333333333335
      ],
      [
        37,
        0.006666666666666667
      ],
      [
        38,
        0.013333333333333334
      ],
      [
        39,
        0.013333333333333334
      ],
      [
        40,
        0.01
      ],
      [
        41,
        0.016666666666666666
      ],
      [
        42,
        0.006666666666666667
      ],
      [
        43,
        0.023333333333333334
      ],
      [
        44,
        0.01
      ],
      [
        45,
        0.02
      ],
      [
        46,
        0.01
      ],
      [
        47,
        0.02
      ],
      [
        48,
        0.006666666666666667
      ],
      [
        49,
        0.013333333333333334
      ],
      [
        50,
        0.013333333333333334
      ],
      [
        51,
        0.006666666666666667
      ],
      [
        52,
        0.01
      ],
      [
        53,
        0.01
      ],
      [
        54,
        0.0033333333333333335
      ],
      [
        55,
        0.01
      ],
      [
        56,
        0.01
      ],
      [
        57,
        0.006666666666666667
      ],
      [
        58,
        0.01
      ],
      [
        59,
        0.006666666666666667
      ],
      [
        60,
        0.01
      ]
    ],
    "comp_size": 84,
    "ds_est": 0.6829230637792336,
    "ds_valid": false,
    "fit_t_max": 60,
    "fit_t_min": 20,
    "notes": "fit_invalid",
    "r2": 0.05077766675879869,
    "slope": -0.3414615318896168
  },
  "glue_state": {
    "cadence": {
      "field": "T",
      "mean": 1.042590711885658,
      "var": 3.821045009664276e-31
    },
    "domains": {
      "counts": {
        "0": 4
      },
      "entropy": -1.000088900581841e-12
    },
    "phase": {
      "R": 1.0
    }
  },
  "hubshare": 0.0379746835443038,
  "islands": {
    "F_max": 1.0,
    "F_max_by_wstar": {
      "0.10": 1.0,
      "0.20": 1.0,
      "0.30": 1.0
    },
    "bundle_hist": {
      "4": 1
    },
    "bundle_hist_by_wstar": {
      "0.10": {
        "4": 1
      },
      "0.20": {
        "4": 1
      },
      "0.30": {
        "4": 1
      }
    },
    "bundle_sizes": [
      4
    ],
    "w_star": 0.3
  },
  "max_indegree": 9,
  "measure_epochs": 4500,
  "n": 0.8,
  "run_id": "geometry_scan_C5_W100_N4_n0p2_0p6_0p8_s56791_56798_v2__full__N4__n0.800__seed56796",
  "seed": 56796,
  "space_state": {
    "S_junc_w": 4.67934283407382,
    "S_perc": 1.0,
    "V_active_size": 84,
    "allow_cocreate_merge": false,
    "clustering": 0.03030888030888031,
    "domain_match": true,
    "enabled": true,
    "hubshare": 0.0379746835443038,
    "max_indegree": 9,
    "p_reuse_policy": "from_n",
    "p_reuse_value_last": 0.8
  },
  "steps_total": 5000,
  "variant": "full"
}