{
  "L": 0.4219964160745351,
  "L_inst": 0.7664444444444445,
  "N": 4,
  "Q_clock": 0.8439928321490702,
  "S_junc_w": 4.696783598776719,
  "S_perc": 0.9113924050632911,
  "anomaly_flags": {
    "runaway_hubbing": false,
    "star_collapse": false,
    "tierB_evaluated": false
  },
  "burn_in_epochs": 500,
  "clustering": 0.040487861811391225,
  "elapsed_seconds": 0.4508481025695801,
  "ell_lock": 98.2408558076639,
  "engine_mode": "v_glue",
  "geometry": {
    "P0_downsample": [
      [
        0,
        1.0
      ],
      [
        1,
        0.0
      ],
      [
        2,
        0.25666666666666665
      ],
      [
        3,
        0.0033333333333333335
      ],
      [
        4,
        0.11333333333333333
      ],
      [
        5,
        0.006666666666666667
      ],
      [
        6,
        0.06
      ],
      [
        7,
        0.016666666666666666
      ],
      [
        8,
        0.043333333333333335
      ],
      [
        9,
        0.013333333333333334
      ],
      [
        10,
        0.05333333333333334
      ],
      [
        11,
        0.01
      ],
      [
        12,
        0.03333333333333333
      ],
      [
        13,
        0.013333333333333334
      ],
      [
        14,
        0.023333333333333334
      ],
      [
        15,
        0.013333333333333334
      ],
      [
        16,
        0.01
      ],
      [
        17,
        0.01
      ],
      [
        18,
        0.013333333333333334
      ],
      [
        19,
        0.006666666666666667
      ],
      [
        20,
        0.013333333333333334
      ],
      [
        21,
        0.013333333333333334
      ],
      [
        22,
        0.016666666666666666
      ],
      [
        23,
        0.016666666666666666
      ],
      [
        24,
        0.01
      ],
      [
        25,
        0.023333333333333334
      ],
      [
        26,
        0.0
      ],
      [
        27,
        0.013333333333333334
      ],
      [
        28,
        0.006666666666666667
      ],
      [
        29,
        0.01
      ],
      [
        30,
        0.016666666666666666
      ],
      [
        31,
        0.016666666666666666
      ],
      [
        32,
        0.02666666666666667
      ],
      [
        33,
        0.01
      ],
      [
        34,
        0.023333333333333334
      ],
      [
        35,
        0.01
      ],
      [
        36,
        0.013333333333333334
      ],
      [
        37,
        0.01
      ],
      [
        38,
        0.016666666666666666
      ],
      [
        39,
        0.013333333333333334
      ],
      [
        40,
        0.01
      ],
      [
        41,
        0.0033333333333333335
      ],
      [
        42,
        0.01
      ],
      [
        43,
        0.013333333333333334
      ],
      [
        44,
        0.01
      ],
      [
        45,
        0.006666666666666667
      ],
      [
        46,
        0.02
      ],
      [
        47,
        0.013333333333333334
      ],
      [
        48,
        0.013333333333333334
      ],
      [
        49,
        0.013333333333333334
      ],
      [
        50,
        0.02
      ],
      [
        51,
        0.013333333333333334
      ],
      [
        52,
        0.023333333333333334
      ],
      [
        53,
        0.01
      ],
      [
        54,
        0.016666666666666666
      ],
      [
        55,
        0.013333333333333334
      ],
      [
        56,
        0.016666666666666666
      ],
      [
        57,
        0.013333333333333334
      ],
      [
        58,
        0.016666666666666666
      ],
      [
        59,
        0.013333333333333334
      ],
      [
        60,
        0.016666666666666666
      ]
    ],
    "comp_size": 72,
    "ds_est": -0.035087907033268695,
    "ds_valid": false,
    "fit_t_max": 60,
    "fit_t_min": 20,
    "notes": "fit_invalid",
    "r2": 0.00020923536209149773,
    "slope": 0.017543953516634347
  },
  "glue_state": {
    "cadence": {
      "field": "T",
      "mean": 0.9077214710004744,
      "var": 6.471124613141112e-32
    },
    "domains": {
      "counts": {
        "0": 4
      },
      "entropy": -1.000088900581841e-12
    },
    "phase": {
      "R": 1.0
    }
  },
  "hubshare": 0.04,
  "islands": {
    "F_max": 1.0,
    "F_max_by_wstar": {
      "0.10": 1.0,
      "0.20": 1.0,
      "0.30": 1.0
    },
    "bundle_hist": {
      "4": 1
    },
    "bundle_hist_by_wstar": {
      "0.10": {
        "4": 1
      },
      "0.20": {
        "4": 1
      },
      "0.30": {
        "4": 1
      }
    },
    "bundle_sizes": [
      4
    ],
    "w_star": 0.3
  },
  "max_indegree": 9,
  "measure_epochs": 4500,
  "n": 0.8,
  "run_id": "geometry_scan_C5_W100_N4_n0p2_0p6_0p8_s56791_56798_v2__full__N4__n0.800__seed56795",
  "seed": 56795,
  "space_state": {
    "S_junc_w": 4.696783598776719,
    "S_perc": 0.9113924050632911,
    "V_active_size": 79,
    "allow_cocreate_merge": false,
    "clustering": 0.040487861811391225,
    "domain_match": true,
    "enabled": true,
    "hubshare": 0.04,
    "max_indegree": 9,
    "p_reuse_policy": "from_n",
    "p_reuse_value_last": 0.8
  },
  "steps_total": 5000,
  "variant": "full"
}