{
  "L": 0.5852792817429413,
  "L_inst": 0.7684444444444445,
  "N": 4,
  "Q_clock": 1.1705585634858826,
  "S_junc_w": 1.3575576832578744,
  "S_perc": 0.8963414634146342,
  "anomaly_flags": {
    "runaway_hubbing": false,
    "star_collapse": false,
    "tierB_evaluated": false
  },
  "burn_in_epochs": 500,
  "clustering": 0.0470856102003643,
  "elapsed_seconds": 0.6017091274261475,
  "ell_lock": 88.62650415671347,
  "engine_mode": "v_glue",
  "geometry": {
    "P0_downsample": [
      [
        0,
        1.0
      ],
      [
        1,
        0.0
      ],
      [
        2,
        0.34
      ],
      [
        3,
        0.01
      ],
      [
        4,
        0.21
      ],
      [
        5,
        0.013333333333333334
      ],
      [
        6,
        0.17333333333333334
      ],
      [
        7,
        0.01
      ],
      [
        8,
        0.09
      ],
      [
        9,
        0.006666666666666667
      ],
      [
        10,
        0.09
      ],
      [
        11,
        0.006666666666666667
      ],
      [
        12,
        0.08333333333333333
      ],
      [
        13,
        0.0033333333333333335
      ],
      [
        14,
        0.04666666666666667
      ],
      [
        15,
        0.01
      ],
      [
        16,
        0.03333333333333333
      ],
      [
        17,
        0.01
      ],
      [
        18,
        0.03
      ],
      [
        19,
        0.01
      ],
      [
        20,
        0.02666666666666667
      ],
      [
        21,
        0.016666666666666666
      ],
      [
        22,
        0.023333333333333334
      ],
      [
        23,
        0.01
      ],
      [
        24,
        0.02
      ],
      [
        25,
        0.006666666666666667
      ],
      [
        26,
        0.02666666666666667
      ],
      [
        27,
        0.013333333333333334
      ],
      [
        28,
        0.02
      ],
      [
        29,
        0.01
      ],
      [
        30,
        0.02
      ],
      [
        31,
        0.01
      ],
      [
        32,
        0.006666666666666667
      ],
      [
        33,
        0.013333333333333334
      ],
      [
        34,
        0.01
      ],
      [
        35,
        0.0033333333333333335
      ],
      [
        36,
        0.023333333333333334
      ],
      [
        37,
        0.0033333333333333335
      ],
      [
        38,
        0.01
      ],
      [
        39,
        0.006666666666666667
      ],
      [
        40,
        0.02
      ],
      [
        41,
        0.01
      ],
      [
        42,
        0.01
      ],
      [
        43,
        0.01
      ],
      [
        44,
        0.01
      ],
      [
        45,
        0.01
      ],
      [
        46,
        0.01
      ],
      [
        47,
        0.0
      ],
      [
        48,
        0.01
      ],
      [
        49,
        0.01
      ],
      [
        50,
        0.006666666666666667
      ],
      [
        51,
        0.0033333333333333335
      ],
      [
        52,
        0.006666666666666667
      ],
      [
        53,
        0.006666666666666667
      ],
      [
        54,
        0.013333333333333334
      ],
      [
        55,
        0.006666666666666667
      ],
      [
        56,
        0.01
      ],
      [
        57,
        0.013333333333333334
      ],
      [
        58,
        0.013333333333333334
      ],
      [
        59,
        0.016666666666666666
      ],
      [
        60,
        0.01
      ],
      [
        61,
        0.02
      ],
      [
        62,
        0.006666666666666667
      ],
      [
        63,
        0.01
      ],
      [
        64,
        0.016666666666666666
      ],
      [
        65,
        0.01
      ],
      [
        66,
        0.016666666666666666
      ],
      [
        67,
        0.006666666666666667
      ],
      [
        68,
        0.01
      ],
      [
        69,
        0.013333333333333334
      ],
      [
        70,
        0.0033333333333333335
      ],
      [
        71,
        0.006666666666666667
      ],
      [
        72,
        0.0
      ],
      [
        73,
        0.0033333333333333335
      ]
    ],
    "comp_size": 147,
    "ds_est": 0.8143288028537509,
    "ds_valid": false,
    "fit_t_max": 73,
    "fit_t_min": 24,
    "notes": "fit_invalid",
    "r2": 0.06212049275270137,
    "slope": -0.40716440142687543
  },
  "glue_state": {
    "cadence": {
      "field": "T",
      "mean": 1.042590711885658,
      "var": 3.821045009664276e-31
    },
    "domains": {
      "counts": {
        "0": 4
      },
      "entropy": -1.000088900581841e-12
    },
    "phase": {
      "R": 1.0
    }
  },
  "hubshare": 0.02527075812274368,
  "islands": {
    "F_max": 0.25,
    "F_max_by_wstar": {
      "0.10": 1.0,
      "0.20": 0.25,
      "0.30": 0.25
    },
    "bundle_hist": {
      "1": 4
    },
    "bundle_hist_by_wstar": {
      "0.10": {
        "4": 1
      },
      "0.20": {
        "1": 4
      },
      "0.30": {
        "1": 4
      }
    },
    "bundle_sizes": [
      1,
      1,
      1,
      1
    ],
    "w_star": 0.3
  },
  "max_indegree": 7,
  "measure_epochs": 4500,
  "n": 0.6,
  "run_id": "geometry_scan_C5_W100_N4_n0p2_0p6_0p8_s56791_56798_v2__full__N4__n0.600__seed56796",
  "seed": 56796,
  "space_state": {
    "S_junc_w": 1.3575576832578744,
    "S_perc": 0.8963414634146342,
    "V_active_size": 164,
    "allow_cocreate_merge": false,
    "clustering": 0.0470856102003643,
    "domain_match": true,
    "enabled": true,
    "hubshare": 0.02527075812274368,
    "max_indegree": 7,
    "p_reuse_policy": "from_n",
    "p_reuse_value_last": 0.6
  },
  "steps_total": 5000,
  "variant": "full"
}