{
  "L": 0.24057285249630117,
  "L_inst": 0.7652222222222222,
  "N": 4,
  "Q_clock": 0.48114570499260234,
  "S_junc_w": 0.15400142008732887,
  "S_perc": 0.84472049689441,
  "anomaly_flags": {
    "runaway_hubbing": false,
    "star_collapse": false,
    "tierB_evaluated": false
  },
  "burn_in_epochs": 500,
  "clustering": 0.0,
  "elapsed_seconds": 0.8141682147979736,
  "ell_lock": 161.8617190156226,
  "engine_mode": "v_glue",
  "geometry": {
    "P0_downsample": [
      [
        0,
        1.0
      ],
      [
        3,
        0.0
      ],
      [
        6,
        0.29
      ],
      [
        9,
        0.0033333333333333335
      ],
      [
        12,
        0.21666666666666667
      ],
      [
        15,
        0.0
      ],
      [
        18,
        0.12666666666666668
      ],
      [
        21,
        0.0
      ],
      [
        24,
        0.11
      ],
      [
        27,
        0.0
      ],
      [
        30,
        0.09
      ],
      [
        33,
        0.0
      ],
      [
        36,
        0.07333333333333333
      ],
      [
        39,
        0.0
      ],
      [
        42,
        0.07333333333333333
      ],
      [
        45,
        0.0033333333333333335
      ],
      [
        48,
        0.06
      ],
      [
        51,
        0.0
      ],
      [
        54,
        0.07666666666666666
      ],
      [
        57,
        0.0
      ],
      [
        60,
        0.08333333333333333
      ],
      [
        63,
        0.006666666666666667
      ],
      [
        66,
        0.06
      ],
      [
        69,
        0.0033333333333333335
      ],
      [
        72,
        0.043333333333333335
      ],
      [
        75,
        0.0033333333333333335
      ],
      [
        78,
        0.056666666666666664
      ],
      [
        81,
        0.0
      ],
      [
        84,
        0.056666666666666664
      ],
      [
        87,
        0.0033333333333333335
      ],
      [
        90,
        0.043333333333333335
      ],
      [
        93,
        0.0033333333333333335
      ],
      [
        96,
        0.04666666666666667
      ],
      [
        99,
        0.0033333333333333335
      ],
      [
        102,
        0.04
      ],
      [
        105,
        0.0
      ],
      [
        108,
        0.05
      ],
      [
        111,
        0.0033333333333333335
      ],
      [
        114,
        0.03
      ],
      [
        117,
        0.0
      ],
      [
        120,
        0.03666666666666667
      ],
      [
        123,
        0.0033333333333333335
      ],
      [
        126,
        0.03666666666666667
      ],
      [
        129,
        0.0033333333333333335
      ],
      [
        132,
        0.03666666666666667
      ],
      [
        135,
        0.0
      ]
    ],
    "comp_size": 272,
    "ds_est": 1.6216566630283569,
    "ds_valid": false,
    "fit_t_max": 136,
    "fit_t_min": 30,
    "notes": "fit_invalid",
    "r2": 0.0638886262865146,
    "slope": -0.8108283315141784
  },
  "glue_state": {
    "cadence": {
      "field": "T",
      "mean": 0.9153834139060076,
      "var": 6.471124613141112e-32
    },
    "domains": {
      "counts": {
        "0": 4
      },
      "entropy": -1.000088900581841e-12
    },
    "phase": {
      "R": 0.9999999999999999
    }
  },
  "hubshare": 0.008287292817679558,
  "islands": {
    "F_max": 0.25,
    "F_max_by_wstar": {
      "0.10": 0.25,
      "0.20": 0.25,
      "0.30": 0.25
    },
    "bundle_hist": {
      "1": 4
    },
    "bundle_hist_by_wstar": {
      "0.10": {
        "1": 4
      },
      "0.20": {
        "1": 4
      },
      "0.30": {
        "1": 4
      }
    },
    "bundle_sizes": [
      1,
      1,
      1,
      1
    ],
    "w_star": 0.3
  },
  "max_indegree": 3,
  "measure_epochs": 4500,
  "n": 0.2,
  "run_id": "geometry_scan_C5_W100_N4_n0p2_0p6_0p8_s56791_56798_v2__full__N4__n0.200__seed56791",
  "seed": 56791,
  "space_state": {
    "S_junc_w": 0.15400142008732887,
    "S_perc": 0.84472049689441,
    "V_active_size": 322,
    "allow_cocreate_merge": false,
    "clustering": 0.0,
    "domain_match": true,
    "enabled": true,
    "hubshare": 0.008287292817679558,
    "max_indegree": 3,
    "p_reuse_policy": "from_n",
    "p_reuse_value_last": 0.2
  },
  "steps_total": 5000,
  "variant": "full"
}