{
  "L": 0.215383681355372,
  "L_inst": 0.6183888888888889,
  "N": 8,
  "Q_clock": 0.6091970465732245,
  "S_junc_w": 0.0,
  "S_perc": 0.0,
  "anomaly_flags": {
    "runaway_hubbing": false,
    "star_collapse": false,
    "tierB_evaluated": false
  },
  "burn_in_epochs": 500,
  "clustering": null,
  "elapsed_seconds": 0.13958501815795898,
  "ell_lock": 96.49740777875706,
  "engine_mode": "v_glue",
  "glue_state": {
    "cadence": {
      "field": "T",
      "mean": 1.1309628176353992,
      "var": 2.6500796034768365e-31
    },
    "domains": {
      "counts": {
        "0": 8
      },
      "entropy": -1.000088900581841e-12
    },
    "phase": {
      "R": 1.0
    }
  },
  "hubshare": 0.0,
  "max_indegree": 0,
  "measure_epochs": 4500,
  "n": 0.0,
  "run_id": "vreg_C5_W50_N4N8_seeds56791_56806_vglue__full__N8__n0.000__seed56793",
  "seed": 56793,
  "steps_total": 5000,
  "variant": "full"
}