{
  "L": 0.2519203142798619,
  "L_inst": 0.6255555555555555,
  "N": 4,
  "Q_clock": 0.5038406285597238,
  "S_junc_w": 0.0,
  "S_perc": 0.0,
  "anomaly_flags": {
    "runaway_hubbing": false,
    "star_collapse": false,
    "tierB_evaluated": false
  },
  "burn_in_epochs": 500,
  "clustering": null,
  "elapsed_seconds": 0.1390061378479004,
  "ell_lock": 70.30322383429152,
  "engine_mode": "v_glue",
  "glue_state": {
    "cadence": {
      "field": "T",
      "mean": 0.9153834139060076,
      "var": 6.471124613141112e-32
    },
    "domains": {
      "counts": {
        "0": 4
      },
      "entropy": -1.000088900581841e-12
    },
    "phase": {
      "R": 0.9999999999999999
    }
  },
  "hubshare": 0.0,
  "max_indegree": 0,
  "measure_epochs": 4500,
  "n": 0.0,
  "run_id": "vreg_C5_W50_N4N8_seeds56791_56806_vglue__full__N4__n0.000__seed56791",
  "seed": 56791,
  "steps_total": 5000,
  "variant": "full"
}