{
  "L": 0.24174085598282635,
  "L_inst": 0.6305,
  "N": 8,
  "Q_clock": 0.6837463942211884,
  "S_junc_w": 0.0,
  "S_perc": 0.0,
  "anomaly_flags": {
    "runaway_hubbing": false,
    "star_collapse": false,
    "tierB_evaluated": false
  },
  "burn_in_epochs": 500,
  "clustering": null,
  "elapsed_seconds": 0.13928484916687012,
  "ell_lock": 99.71253414896925,
  "engine_mode": "v_glue",
  "glue_state": {
    "cadence": {
      "field": "T",
      "mean": 0.9033778948718956,
      "var": 1.1093356479670479e-31
    },
    "domains": {
      "counts": {
        "0": 8
      },
      "entropy": -1.000088900581841e-12
    },
    "phase": {
      "R": 1.0
    }
  },
  "hubshare": 0.0,
  "max_indegree": 0,
  "measure_epochs": 4500,
  "n": 0.0,
  "run_id": "vreg_C5_W50_N4N8_seeds56791_56806_vglue__full__N8__n0.000__seed56801",
  "seed": 56801,
  "steps_total": 5000,
  "variant": "full"
}