{
  "L": 0.21345552535871148,
  "L_inst": 0.5864444444444444,
  "N": 8,
  "Q_clock": 0.6037433978515279,
  "S_junc_w": 0.0,
  "S_perc": 0.0,
  "anomaly_flags": {
    "runaway_hubbing": false,
    "star_collapse": false,
    "tierB_evaluated": false
  },
  "burn_in_epochs": 500,
  "clustering": null,
  "elapsed_seconds": 0.14005208015441895,
  "ell_lock": 113.64453051507826,
  "engine_mode": "v_glue",
  "glue_state": {
    "cadence": {
      "field": "T",
      "mean": 1.0131209169347295,
      "var": 2.8965986363584027e-31
    },
    "domains": {
      "counts": {
        "0": 8
      },
      "entropy": -1.000088900581841e-12
    },
    "phase": {
      "R": 1.0
    }
  },
  "hubshare": 0.0,
  "max_indegree": 0,
  "measure_epochs": 4500,
  "n": 0.0,
  "run_id": "vreg_C5_W50_N4N8_seeds56791_56806_vglue__full__N8__n0.000__seed56797",
  "seed": 56797,
  "steps_total": 5000,
  "variant": "full"
}