{
  "L": 0.3485725581765057,
  "L_inst": 0.6397777777777778,
  "N": 4,
  "Q_clock": 0.6971451163530114,
  "S_junc_w": 0.0,
  "S_perc": 0.0,
  "anomaly_flags": {
    "runaway_hubbing": false,
    "star_collapse": false,
    "tierB_evaluated": false
  },
  "burn_in_epochs": 500,
  "clustering": null,
  "elapsed_seconds": 0.13701677322387695,
  "ell_lock": 81.13061832203707,
  "engine_mode": "v_glue",
  "glue_state": {
    "cadence": {
      "field": "T",
      "mean": 0.9813726478932889,
      "var": 3.697785493223493e-32
    },
    "domains": {
      "counts": {
        "0": 4
      },
      "entropy": -1.000088900581841e-12
    },
    "phase": {
      "R": 0.9999999999999999
    }
  },
  "hubshare": 0.0,
  "max_indegree": 0,
  "measure_epochs": 4500,
  "n": 0.0,
  "run_id": "vreg_C5_W50_N4N8_seeds56791_56806_vglue__full__N4__n0.000__seed56806",
  "seed": 56806,
  "steps_total": 5000,
  "variant": "full"
}