{
  "L": 0.30316464285454975,
  "L_inst": 0.6447777777777778,
  "N": 4,
  "Q_clock": 0.6063292857090995,
  "S_junc_w": 0.0,
  "S_perc": 0.0,
  "anomaly_flags": {
    "runaway_hubbing": false,
    "star_collapse": false,
    "tierB_evaluated": false
  },
  "burn_in_epochs": 500,
  "clustering": null,
  "elapsed_seconds": 0.13679909706115723,
  "ell_lock": 79.22585929322885,
  "engine_mode": "v_glue",
  "glue_state": {
    "cadence": {
      "field": "T",
      "mean": 0.9886640975539268,
      "var": 9.55261252416069e-32
    },
    "domains": {
      "counts": {
        "0": 4
      },
      "entropy": -1.000088900581841e-12
    },
    "phase": {
      "R": 0.9999999999999999
    }
  },
  "hubshare": 0.0,
  "max_indegree": 0,
  "measure_epochs": 4500,
  "n": 0.0,
  "run_id": "vreg_C5_W50_N4N8_seeds56791_56806_vglue__full__N4__n0.000__seed56792",
  "seed": 56792,
  "steps_total": 5000,
  "variant": "full"
}