{
  "L": 1.031644236551932,
  "L_inst": 0.7497777777777778,
  "N": 8,
  "Q_clock": 2.9179305417515597,
  "S_junc_w": 0.0,
  "S_perc": 0.0,
  "anomaly_flags": {
    "runaway_hubbing": false,
    "star_collapse": false,
    "tierB_evaluated": false
  },
  "burn_in_epochs": 500,
  "clustering": null,
  "elapsed_seconds": 0.14528107643127441,
  "ell_lock": 51.46391639642442,
  "engine_mode": "v_glue",
  "glue_state": {
    "cadence": {
      "field": "T",
      "mean": 0.9717293545333601,
      "var": 5.39260384428426e-32
    },
    "domains": {
      "counts": {
        "0": 8
      },
      "entropy": -1.000088900581841e-12
    },
    "phase": {
      "R": 1.0
    }
  },
  "hubshare": 0.0,
  "islands": {
    "enabled": false
  },
  "max_indegree": 0,
  "measure_epochs": 4500,
  "n": 0.0,
  "run_id": "pathA_scan_C5_W100_N8_s56791_56798_nospace__full__N8__n0.000__seed56795",
  "seed": 56795,
  "space_state": {
    "enabled": false
  },
  "steps_total": 5000,
  "variant": "full"
}