{
  "L": 0.28518640662022654,
  "L_inst": 0.7417777777777778,
  "N": 8,
  "Q_clock": 0.8066289680935452,
  "S_junc_w": 0.0,
  "S_perc": 0.0,
  "anomaly_flags": {
    "runaway_hubbing": false,
    "star_collapse": false,
    "tierB_evaluated": false
  },
  "burn_in_epochs": 500,
  "clustering": null,
  "elapsed_seconds": 0.1450951099395752,
  "ell_lock": 209.24842292964425,
  "engine_mode": "v_glue",
  "glue_state": {
    "cadence": {
      "field": "T",
      "mean": 1.1309628176353992,
      "var": 2.6500796034768365e-31
    },
    "domains": {
      "counts": {
        "0": 8
      },
      "entropy": -1.000088900581841e-12
    },
    "phase": {
      "R": 1.0
    }
  },
  "hubshare": 0.0,
  "islands": {
    "enabled": false
  },
  "max_indegree": 0,
  "measure_epochs": 4500,
  "n": 0.0,
  "run_id": "pathA_scan_C5_W100_N8_s56791_56798_nospace__full__N8__n0.000__seed56793",
  "seed": 56793,
  "space_state": {
    "enabled": false
  },
  "steps_total": 5000,
  "variant": "full"
}