{
  "L": 0.1712236884097915,
  "L_inst": 0.7367222222222222,
  "N": 8,
  "Q_clock": 0.48429372469734416,
  "S_junc_w": 0.0,
  "S_perc": 0.0,
  "anomaly_flags": {
    "runaway_hubbing": false,
    "star_collapse": false,
    "tierB_evaluated": false
  },
  "burn_in_epochs": 500,
  "clustering": null,
  "elapsed_seconds": 0.14429306983947754,
  "ell_lock": 263.27957306210976,
  "engine_mode": "v_glue",
  "glue_state": {
    "cadence": {
      "field": "T",
      "mean": 1.0376106512929204,
      "var": 4.437342591868191e-31
    },
    "domains": {
      "counts": {
        "0": 8
      },
      "entropy": -1.000088900581841e-12
    },
    "phase": {
      "R": 1.0000000000000002
    }
  },
  "hubshare": 0.0,
  "islands": {
    "enabled": false
  },
  "max_indegree": 0,
  "measure_epochs": 4500,
  "n": 0.0,
  "run_id": "pathA_scan_C5_W100_N8_s56791_56798_nospace__full__N8__n0.000__seed56798",
  "seed": 56798,
  "space_state": {
    "enabled": false
  },
  "steps_total": 5000,
  "variant": "full"
}