{
  "L": 0.5574897566728958,
  "L_inst": 0.7508888888888889,
  "N": 8,
  "Q_clock": 1.5768191495417718,
  "S_junc_w": 0.0,
  "S_perc": 0.0,
  "anomaly_flags": {
    "runaway_hubbing": false,
    "star_collapse": false,
    "tierB_evaluated": false
  },
  "burn_in_epochs": 500,
  "clustering": null,
  "elapsed_seconds": 0.1429119110107422,
  "ell_lock": 99.47854730186822,
  "engine_mode": "v_glue",
  "glue_state": {
    "cadence": {
      "field": "T",
      "mean": 0.9853819892148048,
      "var": 8.782240546405795e-32
    },
    "domains": {
      "counts": {
        "0": 8
      },
      "entropy": -1.000088900581841e-12
    },
    "phase": {
      "R": 1.0
    }
  },
  "hubshare": 0.0,
  "islands": {
    "enabled": false
  },
  "max_indegree": 0,
  "measure_epochs": 4500,
  "n": 0.4,
  "run_id": "pathA_scan_C5_W100_N8_s56791_56798_nospace__full__N8__n0.400__seed56791",
  "seed": 56791,
  "space_state": {
    "enabled": false
  },
  "steps_total": 5000,
  "variant": "full"
}