{
  "L": 0.0,
  "N": 64,
  "Q_clock": 0.0,
  "S_junc_w": 2.379430569403258,
  "S_perc": 0.7675490779298036,
  "anomaly_flags": {
    "runaway_hubbing": false,
    "star_collapse": false,
    "tierB_evaluated": false
  },
  "beta_junc": 1.5,
  "burn_in_epochs": 8000,
  "clustering": 0.007409147869674186,
  "elapsed_seconds": 227.04632186889648,
  "ell_lock": 0,
  "hubshare": 0.0032148753149708925,
  "max_indegree": 37,
  "measure_epochs": 12000,
  "n": 0.8,
  "run_id": "bringup_phase0_full_v0_1_nosnaps__full__N64__n0.800__seed1",
  "seed": 1,
  "steps_total": 20000,
  "variant": "full"
}