{
  "L": 0.20032750987541148,
  "L_inst": 0.7386666666666667,
  "N": 8,
  "Q_clock": 0.5666117627644741,
  "S_junc_w": 4.847203763233906,
  "S_perc": 1.0,
  "anomaly_flags": {
    "runaway_hubbing": false,
    "star_collapse": false,
    "tierB_evaluated": false
  },
  "burn_in_epochs": 500,
  "clustering": 0.023563364739835328,
  "elapsed_seconds": 0.8176281452178955,
  "ell_lock": 271.4035606383046,
  "engine_mode": "v_glue",
  "glue_state": {
    "cadence": {
      "field": "T",
      "mean": 0.9853819892148048,
      "var": 8.782240546405795e-32
    },
    "domains": {
      "counts": {
        "0": 8
      },
      "entropy": -1.000088900581841e-12
    },
    "phase": {
      "R": 1.0
    }
  },
  "hubshare": 0.015748031496062992,
  "islands": {
    "F_max": 1.0,
    "F_max_by_wstar": {
      "0.10": 1.0,
      "0.20": 0.75,
      "0.30": 0.125
    },
    "bundle_hist": {
      "8": 1
    },
    "bundle_hist_by_wstar": {
      "0.10": {
        "8": 1
      },
      "0.20": {
        "1": 2,
        "6": 1
      },
      "0.30": {
        "1": 8
      }
    },
    "bundle_sizes": [
      8
    ],
    "w_star": 0.1
  },
  "max_indegree": 8,
  "measure_epochs": 4500,
  "n": 0.0,
  "run_id": "pathA_C5_W100_N8_p0p80_w0p10_s56791_56798__full__N8__n0.000__seed56791",
  "seed": 56791,
  "space_state": {
    "S_junc_w": 4.847203763233906,
    "S_perc": 1.0,
    "V_active_size": 175,
    "allow_cocreate_merge": false,
    "clustering": 0.023563364739835328,
    "domain_match": true,
    "enabled": true,
    "hubshare": 0.015748031496062992,
    "max_indegree": 8,
    "p_reuse_policy": "fixed",
    "p_reuse_value_last": 0.8
  },
  "steps_total": 5000,
  "variant": "full"
}