{
  "L": 0.21707318334827014,
  "L_inst": 0.7483333333333333,
  "N": 8,
  "Q_clock": 0.6139756798372503,
  "S_junc_w": 5.678348865996302,
  "S_perc": 0.99375,
  "anomaly_flags": {
    "runaway_hubbing": false,
    "star_collapse": false,
    "tierB_evaluated": false
  },
  "burn_in_epochs": 500,
  "clustering": 0.03644074836127816,
  "elapsed_seconds": 0.8345270156860352,
  "ell_lock": 208.1423143707633,
  "engine_mode": "v_glue",
  "glue_state": {
    "cadence": {
      "field": "T",
      "mean": 1.0131209169347295,
      "var": 2.8965986363584027e-31
    },
    "domains": {
      "counts": {
        "0": 8
      },
      "entropy": -1.000088900581841e-12
    },
    "phase": {
      "R": 1.0
    }
  },
  "hubshare": 0.017857142857142856,
  "islands": {
    "F_max": 1.0,
    "F_max_by_wstar": {
      "0.10": 1.0,
      "0.20": 1.0,
      "0.30": 0.125
    },
    "bundle_hist": {
      "8": 1
    },
    "bundle_hist_by_wstar": {
      "0.10": {
        "8": 1
      },
      "0.20": {
        "8": 1
      },
      "0.30": {
        "1": 8
      }
    },
    "bundle_sizes": [
      8
    ],
    "w_star": 0.1
  },
  "max_indegree": 9,
  "measure_epochs": 4500,
  "n": 0.0,
  "run_id": "pathA_C5_W100_N8_p0p80_w0p10_s56791_56798__full__N8__n0.000__seed56797",
  "seed": 56797,
  "space_state": {
    "S_junc_w": 5.678348865996302,
    "S_perc": 0.99375,
    "V_active_size": 160,
    "allow_cocreate_merge": false,
    "clustering": 0.03644074836127816,
    "domain_match": true,
    "enabled": true,
    "hubshare": 0.017857142857142856,
    "max_indegree": 9,
    "p_reuse_policy": "fixed",
    "p_reuse_value_last": 0.8
  },
  "steps_total": 5000,
  "variant": "full"
}