{
  "L": 0.2486490076574685,
  "L_inst": 0.7316111111111111,
  "N": 8,
  "Q_clock": 0.7032855977996071,
  "S_junc_w": 4.565725489007421,
  "S_perc": 0.9776536312849162,
  "anomaly_flags": {
    "runaway_hubbing": false,
    "star_collapse": false,
    "tierB_evaluated": false
  },
  "burn_in_epochs": 500,
  "clustering": 0.016739126987574193,
  "elapsed_seconds": 0.8440361022949219,
  "ell_lock": 204.16682609597643,
  "engine_mode": "v_glue",
  "geometry": {
    "P_return_sample": [
      0.0,
      0.24333333333333335,
      0.0033333333333333335,
      0.10666666666666667,
      0.006666666666666667,
      0.07,
      0.006666666666666667,
      0.04666666666666667,
      0.01,
      0.03,
      0.013333333333333334,
      0.02666666666666667
    ],
    "comp_size": 175,
    "ds_est": 1.6431437135508105,
    "enabled": true,
    "fit_t_max": 30,
    "fit_t_min": 5,
    "n_walkers": 300,
    "t_max": 60
  },
  "glue_state": {
    "cadence": {
      "field": "T",
      "mean": 1.0376106512929204,
      "var": 4.437342591868191e-31
    },
    "domains": {
      "counts": {
        "0": 8
      },
      "entropy": -1.000088900581841e-12
    },
    "phase": {
      "R": 1.0000000000000002
    }
  },
  "hubshare": 0.01818181818181818,
  "islands": {
    "F_max": 0.125,
    "F_max_by_wstar": {
      "0.10": 1.0,
      "0.20": 0.5,
      "0.30": 0.125
    },
    "bundle_hist": {
      "1": 8
    },
    "bundle_hist_by_wstar": {
      "0.10": {
        "8": 1
      },
      "0.20": {
        "1": 2,
        "2": 1,
        "4": 1
      },
      "0.30": {
        "1": 8
      }
    },
    "bundle_sizes": [
      1,
      1,
      1,
      1,
      1,
      1,
      1,
      1
    ],
    "w_star": 0.3
  },
  "max_indegree": 9,
  "measure_epochs": 4500,
  "n": 0.8,
  "run_id": "geometry_probe_C5_W100_N8_n0p8__full__N8__n0.800__seed56798",
  "seed": 56798,
  "space_state": {
    "S_junc_w": 4.565725489007421,
    "S_perc": 0.9776536312849162,
    "V_active_size": 179,
    "allow_cocreate_merge": false,
    "clustering": 0.016739126987574193,
    "domain_match": true,
    "enabled": true,
    "hubshare": 0.01818181818181818,
    "max_indegree": 9,
    "p_reuse_policy": "from_n",
    "p_reuse_value_last": 0.8
  },
  "steps_total": 5000,
  "variant": "full"
}