{
  "L": 0.3928500494346908,
  "L_inst": 0.7618333333333334,
  "N": 8,
  "Q_clock": 1.1111477357789612,
  "S_junc_w": 1.282382112887423,
  "S_perc": 0.8814589665653495,
  "anomaly_flags": {
    "runaway_hubbing": false,
    "star_collapse": false,
    "tierB_evaluated": false
  },
  "burn_in_epochs": 500,
  "clustering": 0.0,
  "elapsed_seconds": 1.2546370029449463,
  "ell_lock": 174.71188688787836,
  "engine_mode": "v_glue",
  "glue_state": {
    "cadence": {
      "field": "T",
      "mean": 1.1309628176353992,
      "var": 2.6500796034768365e-31
    },
    "domains": {
      "counts": {
        "0": 8
      },
      "entropy": -1.000088900581841e-12
    },
    "phase": {
      "R": 1.0
    }
  },
  "hubshare": 0.011029411764705883,
  "islands": {
    "F_max": 0.125,
    "F_max_by_wstar": {
      "0.10": 0.25,
      "0.20": 0.125,
      "0.30": 0.125
    },
    "bundle_hist": {
      "1": 8
    },
    "bundle_hist_by_wstar": {
      "0.10": {
        "1": 6,
        "2": 1
      },
      "0.20": {
        "1": 8
      },
      "0.30": {
        "1": 8
      }
    },
    "bundle_sizes": [
      1,
      1,
      1,
      1,
      1,
      1,
      1,
      1
    ],
    "w_star": 0.3
  },
  "max_indegree": 6,
  "measure_epochs": 4500,
  "n": 0.6,
  "run_id": "pathA_scan_C5_W100_N8_s56791_56798__full__N8__n0.600__seed56793",
  "seed": 56793,
  "space_state": {
    "S_junc_w": 1.282382112887423,
    "S_perc": 0.8814589665653495,
    "V_active_size": 329,
    "allow_cocreate_merge": false,
    "clustering": 0.0,
    "domain_match": true,
    "enabled": true,
    "hubshare": 0.011029411764705883,
    "max_indegree": 6,
    "p_reuse_policy": "from_n",
    "p_reuse_value_last": 0.6
  },
  "steps_total": 5000,
  "variant": "full"
}