{
  "L": 0.4838340477469282,
  "L_inst": 0.7319444444444444,
  "N": 8,
  "Q_clock": 1.368489344523155,
  "S_junc_w": 0.0,
  "S_perc": 0.125,
  "anomaly_flags": {
    "runaway_hubbing": false,
    "star_collapse": false,
    "tierB_evaluated": false
  },
  "burn_in_epochs": 500,
  "clustering": 0.0,
  "elapsed_seconds": 1.6930911540985107,
  "ell_lock": 141.5754164964338,
  "engine_mode": "v_glue",
  "glue_state": {
    "cadence": {
      "field": "T",
      "mean": 1.0131209169347295,
      "var": 2.8965986363584027e-31
    },
    "domains": {
      "counts": {
        "0": 8
      },
      "entropy": -1.000088900581841e-12
    },
    "phase": {
      "R": 1.0
    }
  },
  "hubshare": 0.0012376237623762376,
  "islands": {
    "F_max": 0.125,
    "F_max_by_wstar": {
      "0.10": 0.125,
      "0.20": 0.125,
      "0.30": 0.125
    },
    "bundle_hist": {
      "1": 8
    },
    "bundle_hist_by_wstar": {
      "0.10": {
        "1": 8
      },
      "0.20": {
        "1": 8
      },
      "0.30": {
        "1": 8
      }
    },
    "bundle_sizes": [
      1,
      1,
      1,
      1,
      1,
      1,
      1,
      1
    ],
    "w_star": 0.3
  },
  "max_indegree": 1,
  "measure_epochs": 4500,
  "n": 0.0,
  "run_id": "pathA_scan_C5_W100_N8_s56791_56798__full__N8__n0.000__seed56797",
  "seed": 56797,
  "space_state": {
    "S_junc_w": 0.0,
    "S_perc": 0.125,
    "V_active_size": 808,
    "allow_cocreate_merge": false,
    "clustering": 0.0,
    "domain_match": true,
    "enabled": true,
    "hubshare": 0.0012376237623762376,
    "max_indegree": 1,
    "p_reuse_policy": "from_n",
    "p_reuse_value_last": 0.0
  },
  "steps_total": 5000,
  "variant": "full"
}