{
  "L": 0.2716693126945843,
  "L_inst": 0.7276666666666667,
  "N": 8,
  "Q_clock": 0.7683968529865167,
  "S_junc_w": 1.5437692318077605,
  "S_perc": 0.9040247678018576,
  "anomaly_flags": {
    "runaway_hubbing": false,
    "star_collapse": false,
    "tierB_evaluated": false
  },
  "burn_in_epochs": 500,
  "clustering": 0.0009903961584633854,
  "elapsed_seconds": 1.2628400325775146,
  "ell_lock": 182.22628103848805,
  "engine_mode": "v_glue",
  "glue_state": {
    "cadence": {
      "field": "T",
      "mean": 0.9677371514532194,
      "var": 1.1093356479670479e-31
    },
    "domains": {
      "counts": {
        "0": 8
      },
      "entropy": -1.000088900581841e-12
    },
    "phase": {
      "R": 1.0
    }
  },
  "hubshare": 0.010752688172043012,
  "islands": {
    "F_max": 0.125,
    "F_max_by_wstar": {
      "0.10": 0.25,
      "0.20": 0.125,
      "0.30": 0.125
    },
    "bundle_hist": {
      "1": 8
    },
    "bundle_hist_by_wstar": {
      "0.10": {
        "1": 4,
        "2": 2
      },
      "0.20": {
        "1": 8
      },
      "0.30": {
        "1": 8
      }
    },
    "bundle_sizes": [
      1,
      1,
      1,
      1,
      1,
      1,
      1,
      1
    ],
    "w_star": 0.3
  },
  "max_indegree": 6,
  "measure_epochs": 4500,
  "n": 0.6,
  "run_id": "pathA_scan_C5_W100_N8_s56791_56798__full__N8__n0.600__seed56794",
  "seed": 56794,
  "space_state": {
    "S_junc_w": 1.5437692318077605,
    "S_perc": 0.9040247678018576,
    "V_active_size": 323,
    "allow_cocreate_merge": false,
    "clustering": 0.0009903961584633854,
    "domain_match": true,
    "enabled": true,
    "hubshare": 0.010752688172043012,
    "max_indegree": 6,
    "p_reuse_policy": "from_n",
    "p_reuse_value_last": 0.6
  },
  "steps_total": 5000,
  "variant": "full"
}