{
  "L": 0.8758090547364724,
  "L_inst": 0.7298888888888889,
  "N": 8,
  "Q_clock": 2.4771620865149595,
  "S_junc_w": 1.5627754244244099,
  "S_perc": 0.9212121212121213,
  "anomaly_flags": {
    "runaway_hubbing": false,
    "star_collapse": false,
    "tierB_evaluated": false
  },
  "burn_in_epochs": 500,
  "clustering": 0.012829094154395359,
  "elapsed_seconds": 1.2618980407714844,
  "ell_lock": 58.57173429483398,
  "engine_mode": "v_glue",
  "glue_state": {
    "cadence": {
      "field": "T",
      "mean": 1.0755140773955452,
      "var": 4.437342591868191e-31
    },
    "domains": {
      "counts": {
        "0": 8
      },
      "entropy": -1.000088900581841e-12
    },
    "phase": {
      "R": 1.0
    }
  },
  "hubshare": 0.010416666666666666,
  "islands": {
    "F_max": 0.125,
    "F_max_by_wstar": {
      "0.10": 0.375,
      "0.20": 0.125,
      "0.30": 0.125
    },
    "bundle_hist": {
      "1": 8
    },
    "bundle_hist_by_wstar": {
      "0.10": {
        "1": 3,
        "2": 1,
        "3": 1
      },
      "0.20": {
        "1": 8
      },
      "0.30": {
        "1": 8
      }
    },
    "bundle_sizes": [
      1,
      1,
      1,
      1,
      1,
      1,
      1,
      1
    ],
    "w_star": 0.3
  },
  "max_indegree": 6,
  "measure_epochs": 4500,
  "n": 0.6,
  "run_id": "pathA_scan_C5_W100_N8_s56791_56798__full__N8__n0.600__seed56796",
  "seed": 56796,
  "space_state": {
    "S_junc_w": 1.5627754244244099,
    "S_perc": 0.9212121212121213,
    "V_active_size": 330,
    "allow_cocreate_merge": false,
    "clustering": 0.012829094154395359,
    "domain_match": true,
    "enabled": true,
    "hubshare": 0.010416666666666666,
    "max_indegree": 6,
    "p_reuse_policy": "from_n",
    "p_reuse_value_last": 0.6
  },
  "steps_total": 5000,
  "variant": "full"
}