{
  "L": 1.0089788464788727,
  "L_inst": 0.7543333333333333,
  "N": 8,
  "Q_clock": 2.853823137675966,
  "S_junc_w": 1.6875678007322261,
  "S_perc": 0.9667774086378738,
  "anomaly_flags": {
    "runaway_hubbing": false,
    "star_collapse": false,
    "tierB_evaluated": false
  },
  "burn_in_epochs": 500,
  "clustering": 0.012601372426699937,
  "elapsed_seconds": 1.2638978958129883,
  "ell_lock": 50.45933987616416,
  "engine_mode": "v_glue",
  "glue_state": {
    "cadence": {
      "field": "T",
      "mean": 0.9717293545333601,
      "var": 5.39260384428426e-32
    },
    "domains": {
      "counts": {
        "0": 8
      },
      "entropy": -1.000088900581841e-12
    },
    "phase": {
      "R": 1.0
    }
  },
  "hubshare": 0.01098901098901099,
  "islands": {
    "F_max": 0.125,
    "F_max_by_wstar": {
      "0.10": 0.375,
      "0.20": 0.125,
      "0.30": 0.125
    },
    "bundle_hist": {
      "1": 8
    },
    "bundle_hist_by_wstar": {
      "0.10": {
        "1": 5,
        "3": 1
      },
      "0.20": {
        "1": 8
      },
      "0.30": {
        "1": 8
      }
    },
    "bundle_sizes": [
      1,
      1,
      1,
      1,
      1,
      1,
      1,
      1
    ],
    "w_star": 0.3
  },
  "max_indegree": 6,
  "measure_epochs": 4500,
  "n": 0.6,
  "run_id": "pathA_scan_C5_W100_N8_s56791_56798__full__N8__n0.600__seed56795",
  "seed": 56795,
  "space_state": {
    "S_junc_w": 1.6875678007322261,
    "S_perc": 0.9667774086378738,
    "V_active_size": 301,
    "allow_cocreate_merge": false,
    "clustering": 0.012601372426699937,
    "domain_match": true,
    "enabled": true,
    "hubshare": 0.01098901098901099,
    "max_indegree": 6,
    "p_reuse_policy": "from_n",
    "p_reuse_value_last": 0.6
  },
  "steps_total": 5000,
  "variant": "full"
}