{
  "L": 0.015112836685100908,
  "L_inst": 1.0,
  "N": 1,
  "Q_clock": 0.015112836685100908,
  "S_junc_w": 0.0,
  "S_perc": 0.0,
  "anomaly_flags": {
    "runaway_hubbing": false,
    "star_collapse": false,
    "tierB_evaluated": false
  },
  "burn_in_epochs": 500,
  "clustering": null,
  "elapsed_seconds": 0.1361370086669922,
  "ell_lock": 68.59144376653933,
  "engine_mode": "v_glue",
  "glue_state": {
    "cadence": {
      "field": "T",
      "mean": 0.9596520068108539,
      "var": 0.0
    },
    "domains": {
      "counts": {
        "0": 1
      },
      "entropy": -1.000088900581841e-12
    },
    "phase": {
      "R": 0.9999999999999999
    }
  },
  "hubshare": 0.0,
  "max_indegree": 0,
  "measure_epochs": 4500,
  "n": 0.0,
  "run_id": "vreg_C5_W50_N1N2_seeds56791_56806_vglue__full__N1__n0.000__seed56797",
  "seed": 56797,
  "steps_total": 5000,
  "variant": "full"
}