{
  "L": 0.40919135016738134,
  "L_inst": 0.7068888888888889,
  "N": 2,
  "Q_clock": 0.578683957012469,
  "S_junc_w": 0.0,
  "S_perc": 0.0,
  "anomaly_flags": {
    "runaway_hubbing": false,
    "star_collapse": false,
    "tierB_evaluated": false
  },
  "burn_in_epochs": 500,
  "clustering": null,
  "elapsed_seconds": 0.13483190536499023,
  "ell_lock": 64.59420021805742,
  "engine_mode": "v_glue",
  "glue_state": {
    "cadence": {
      "field": "T",
      "mean": 0.9961153826859528,
      "var": 1.1093356479670479e-31
    },
    "domains": {
      "counts": {
        "0": 2
      },
      "entropy": -1.000088900581841e-12
    },
    "phase": {
      "R": 1.0
    }
  },
  "hubshare": 0.0,
  "max_indegree": 0,
  "measure_epochs": 4500,
  "n": 0.0,
  "run_id": "vreg_C5_W50_N1N2_seeds56791_56806_vglue__full__N2__n0.000__seed56797",
  "seed": 56797,
  "steps_total": 5000,
  "variant": "full"
}