{
  "L": 0.2869910676579034,
  "L_inst": 0.755625,
  "N": 4,
  "Q_clock": 0.5739821353158068,
  "S_junc_w": 0.4881344914236966,
  "S_perc": 0.9635627530364372,
  "anomaly_flags": {
    "runaway_hubbing": false,
    "star_collapse": false,
    "tierB_evaluated": false
  },
  "burn_in_epochs": 400,
  "clustering": 0.0,
  "elapsed_seconds": 0.1835949420928955,
  "ell_lock": 87.52064156687857,
  "engine_mode": "v_glue",
  "geometry": {
    "ball_growth": {
      "comp_size": 238,
      "mean_ball": [
        1.0,
        3.425,
        5.7,
        8.325,
        11.475,
        14.825,
        18.3,
        21.875,
        24.875,
        28.475,
        32.15,
        35.8,
        39.725,
        43.8,
        47.6,
        51.55,
        55.675,
        60.675,
        66.4,
        72.2,
        78.8,
        85.65,
        93.45,
        102.0,
        111.5,
        122.825,
        135.075,
        149.25,
        165.3,
        184.675,
        208.075
      ],
      "r_max": 30,
      "samples": 40
    },
    "comp_size": 238,
    "enabled": true,
    "mode": "ball_growth_only"
  },
  "glue_state": {
    "cadence": {
      "field": "T",
      "mean": 0.9153834139060071,
      "var": 2.6500796034768365e-31
    },
    "domains": {
      "counts": {
        "0": 4
      },
      "entropy": -1.000088900581841e-12
    },
    "phase": {
      "R": 0.9999999999999999
    }
  },
  "hubshare": 0.012048192771084338,
  "islands": {
    "F_max": 0.25,
    "F_max_by_wstar": {
      "0.10": 0.25,
      "0.20": 0.25,
      "0.30": 0.25
    },
    "bundle_hist": {
      "1": 4
    },
    "bundle_hist_by_wstar": {
      "0.10": {
        "1": 4
      },
      "0.20": {
        "1": 4
      },
      "0.30": {
        "1": 4
      }
    },
    "bundle_sizes": [
      1,
      1,
      1,
      1
    ],
    "w_star": 0.3
  },
  "max_indegree": 4,
  "measure_epochs": 1600,
  "n": 0.4,
  "run_id": "ball_growth_ens_C5_W100_N4_n0p4_s56791_56795__full__N4__n0.400__seed56791",
  "seed": 56791,
  "space_state": {
    "S_junc_w": 0.4881344914236966,
    "S_perc": 0.9635627530364372,
    "V_active_size": 247,
    "allow_cocreate_merge": false,
    "clustering": 0.0,
    "domain_match": true,
    "enabled": true,
    "hubshare": 0.012048192771084338,
    "max_indegree": 4,
    "p_reuse_policy": "from_n",
    "p_reuse_value_last": 0.4
  },
  "steps_total": 2000,
  "timeseries": {
    "enabled": false
  },
  "variant": "full"
}