{
  "L": 0.20168612421008916,
  "L_inst": 0.72375,
  "N": 4,
  "Q_clock": 0.4033722484201783,
  "S_junc_w": 0.46706148721743873,
  "S_perc": 0.964,
  "anomaly_flags": {
    "runaway_hubbing": false,
    "star_collapse": false,
    "tierB_evaluated": false
  },
  "burn_in_epochs": 400,
  "clustering": 0.0,
  "elapsed_seconds": 0.18492698669433594,
  "ell_lock": 104.6411478685613,
  "engine_mode": "v_glue",
  "geometry": {
    "ball_growth": {
      "comp_size": 241,
      "mean_ball": [
        1.0,
        3.375,
        6.025,
        8.725,
        11.55,
        14.525,
        17.325,
        20.55,
        23.95,
        27.675,
        31.7,
        35.85,
        39.925,
        44.5,
        49.625,
        54.75,
        60.025,
        65.4,
        71.25,
        77.325,
        84.025,
        91.375,
        99.325,
        108.125,
        118.175,
        129.825,
        142.925,
        157.75,
        174.675,
        194.75,
        218.625
      ],
      "r_max": 30,
      "samples": 40
    },
    "comp_size": 241,
    "enabled": true,
    "mode": "ball_growth_only"
  },
  "glue_state": {
    "cadence": {
      "field": "T",
      "mean": 0.9886640975539268,
      "var": 7.025792437124636e-31
    },
    "domains": {
      "counts": {
        "0": 4
      },
      "entropy": -1.000088900581841e-12
    },
    "phase": {
      "R": 1.0
    }
  },
  "hubshare": 0.012012012012012012,
  "islands": {
    "F_max": 0.25,
    "F_max_by_wstar": {
      "0.10": 0.25,
      "0.20": 0.25,
      "0.30": 0.25
    },
    "bundle_hist": {
      "1": 4
    },
    "bundle_hist_by_wstar": {
      "0.10": {
        "1": 4
      },
      "0.20": {
        "1": 4
      },
      "0.30": {
        "1": 4
      }
    },
    "bundle_sizes": [
      1,
      1,
      1,
      1
    ],
    "w_star": 0.3
  },
  "max_indegree": 4,
  "measure_epochs": 1600,
  "n": 0.4,
  "run_id": "ball_growth_ens_C5_W100_N4_n0p4_s56791_56795__full__N4__n0.400__seed56792",
  "seed": 56792,
  "space_state": {
    "S_junc_w": 0.46706148721743873,
    "S_perc": 0.964,
    "V_active_size": 250,
    "allow_cocreate_merge": false,
    "clustering": 0.0,
    "domain_match": true,
    "enabled": true,
    "hubshare": 0.012012012012012012,
    "max_indegree": 4,
    "p_reuse_policy": "from_n",
    "p_reuse_value_last": 0.4
  },
  "steps_total": 2000,
  "timeseries": {
    "enabled": false
  },
  "variant": "full"
}