{
  "L": 1.0459345696895759,
  "L_inst": 0.7778125,
  "N": 4,
  "Q_clock": 2.0918691393791518,
  "S_junc_w": 0.4116138204982993,
  "S_perc": 0.8392156862745098,
  "anomaly_flags": {
    "runaway_hubbing": false,
    "star_collapse": false,
    "tierB_evaluated": false
  },
  "burn_in_epochs": 400,
  "clustering": 0.0035460992907801418,
  "elapsed_seconds": 0.1849830150604248,
  "ell_lock": 30.1177692073595,
  "engine_mode": "v_glue",
  "geometry": {
    "ball_growth": {
      "comp_size": 214,
      "mean_ball": [
        1.0,
        3.275,
        5.925,
        8.45,
        11.625,
        14.85,
        17.95,
        21.225,
        24.8,
        27.875,
        31.1,
        34.75,
        38.4,
        42.3,
        46.65,
        50.775,
        55.55,
        60.425,
        65.525,
        71.05,
        77.325,
        83.975,
        91.85,
        100.275,
        110.15,
        120.95,
        132.0,
        144.275,
        157.8,
        172.25,
        188.7
      ],
      "r_max": 30,
      "samples": 40
    },
    "comp_size": 214,
    "enabled": true,
    "mode": "ball_growth_only"
  },
  "glue_state": {
    "cadence": {
      "field": "T",
      "mean": 0.9077214710004745,
      "var": 6.101346063818763e-31
    },
    "domains": {
      "counts": {
        "0": 4
      },
      "entropy": -1.000088900581841e-12
    },
    "phase": {
      "R": 1.0
    }
  },
  "hubshare": 0.009146341463414634,
  "islands": {
    "F_max": 0.25,
    "F_max_by_wstar": {
      "0.10": 0.25,
      "0.20": 0.25,
      "0.30": 0.25
    },
    "bundle_hist": {
      "1": 4
    },
    "bundle_hist_by_wstar": {
      "0.10": {
        "1": 4
      },
      "0.20": {
        "1": 4
      },
      "0.30": {
        "1": 4
      }
    },
    "bundle_sizes": [
      1,
      1,
      1,
      1
    ],
    "w_star": 0.3
  },
  "max_indegree": 3,
  "measure_epochs": 1600,
  "n": 0.4,
  "run_id": "ball_growth_ens_C5_W100_N4_n0p4_s56791_56795__full__N4__n0.400__seed56795",
  "seed": 56795,
  "space_state": {
    "S_junc_w": 0.4116138204982993,
    "S_perc": 0.8392156862745098,
    "V_active_size": 255,
    "allow_cocreate_merge": false,
    "clustering": 0.0035460992907801418,
    "domain_match": true,
    "enabled": true,
    "hubshare": 0.009146341463414634,
    "max_indegree": 3,
    "p_reuse_policy": "from_n",
    "p_reuse_value_last": 0.4
  },
  "steps_total": 2000,
  "timeseries": {
    "enabled": false
  },
  "variant": "full"
}