{
  "L": 0.10489042367988563,
  "L_inst": 0.70140625,
  "N": 8,
  "Q_clock": 0.2966749194623086,
  "S_junc_w": 0.5654243540173343,
  "S_perc": 0.9109730848861284,
  "anomaly_flags": {
    "runaway_hubbing": false,
    "star_collapse": false,
    "tierB_evaluated": false
  },
  "burn_in_epochs": 400,
  "clustering": 0.003432700993676603,
  "elapsed_seconds": 0.37095093727111816,
  "ell_lock": 101.49011965125433,
  "engine_mode": "v_glue",
  "geometry": {
    "ball_growth": {
      "comp_size": 440,
      "mean_ball": [
        1.0,
        3.075,
        5.7,
        8.9,
        12.15,
        15.775,
        20.4,
        25.075,
        30.25,
        35.15,
        40.125,
        45.375,
        50.95,
        55.975,
        60.8,
        66.05,
        72.775,
        79.7,
        87.425,
        95.6,
        104.375,
        113.725,
        125.1,
        137.875,
        153.1,
        171.625,
        194.975,
        223.475,
        258.475,
        302.925,
        358.725
      ],
      "r_max": 30,
      "samples": 40
    },
    "comp_size": 440,
    "enabled": true,
    "mode": "ball_growth_only"
  },
  "glue_state": {
    "cadence": {
      "field": "T",
      "mean": 0.9677371514532194,
      "var": 7.888609052210118e-31
    },
    "domains": {
      "counts": {
        "0": 8
      },
      "entropy": -1.000088900581841e-12
    },
    "phase": {
      "R": 1.0
    }
  },
  "hubshare": 0.006172839506172839,
  "islands": {
    "F_max": 0.125,
    "F_max_by_wstar": {
      "0.10": 0.125,
      "0.20": 0.125,
      "0.30": 0.125
    },
    "bundle_hist": {
      "1": 8
    },
    "bundle_hist_by_wstar": {
      "0.10": {
        "1": 8
      },
      "0.20": {
        "1": 8
      },
      "0.30": {
        "1": 8
      }
    },
    "bundle_sizes": [
      1,
      1,
      1,
      1,
      1,
      1,
      1,
      1
    ],
    "w_star": 0.3
  },
  "max_indegree": 4,
  "measure_epochs": 1600,
  "n": 0.4,
  "run_id": "ball_growth_ens_C5_W100_N8_n0p4_s56791_56795__full__N8__n0.400__seed56794",
  "seed": 56794,
  "space_state": {
    "S_junc_w": 0.5654243540173343,
    "S_perc": 0.9109730848861284,
    "V_active_size": 483,
    "allow_cocreate_merge": false,
    "clustering": 0.003432700993676603,
    "domain_match": true,
    "enabled": true,
    "hubshare": 0.006172839506172839,
    "max_indegree": 4,
    "p_reuse_policy": "from_n",
    "p_reuse_value_last": 0.4
  },
  "steps_total": 2000,
  "timeseries": {
    "enabled": false
  },
  "variant": "full"
}