{
  "L": 1.2865747188249061,
  "L_inst": 0.7775,
  "N": 8,
  "Q_clock": 3.6389828327370677,
  "S_junc_w": 0.47833020919468194,
  "S_perc": 0.8654618473895582,
  "anomaly_flags": {
    "runaway_hubbing": false,
    "star_collapse": false,
    "tierB_evaluated": false
  },
  "burn_in_epochs": 400,
  "clustering": 0.0,
  "elapsed_seconds": 0.3725137710571289,
  "ell_lock": 33.197396460843365,
  "engine_mode": "v_glue",
  "geometry": {
    "ball_growth": {
      "comp_size": 431,
      "mean_ball": [
        1.0,
        3.225,
        6.05,
        9.675,
        13.7,
        18.65,
        23.85,
        29.25,
        35.45,
        41.85,
        48.5,
        54.925,
        61.525,
        67.95,
        75.025,
        82.25,
        89.9,
        98.6,
        107.0,
        116.175,
        125.3,
        135.0,
        146.325,
        159.175,
        173.2,
        189.825,
        210.3,
        235.2,
        266.7,
        306.7,
        355.675
      ],
      "r_max": 30,
      "samples": 40
    },
    "comp_size": 431,
    "enabled": true,
    "mode": "ball_growth_only"
  },
  "glue_state": {
    "cadence": {
      "field": "T",
      "mean": 1.1169956016306317,
      "var": 2.1262266586035084e-30
    },
    "domains": {
      "counts": {
        "0": 8
      },
      "entropy": -1.000088900581841e-12
    },
    "phase": {
      "R": 1.0
    }
  },
  "hubshare": 0.00933125972006221,
  "islands": {
    "F_max": 0.125,
    "F_max_by_wstar": {
      "0.10": 0.125,
      "0.20": 0.125,
      "0.30": 0.125
    },
    "bundle_hist": {
      "1": 8
    },
    "bundle_hist_by_wstar": {
      "0.10": {
        "1": 8
      },
      "0.20": {
        "1": 8
      },
      "0.30": {
        "1": 8
      }
    },
    "bundle_sizes": [
      1,
      1,
      1,
      1,
      1,
      1,
      1,
      1
    ],
    "w_star": 0.3
  },
  "max_indegree": 6,
  "measure_epochs": 1600,
  "n": 0.4,
  "run_id": "ball_growth_ens_C5_W100_N8_n0p4_s56791_56795__full__N8__n0.400__seed56792",
  "seed": 56792,
  "space_state": {
    "S_junc_w": 0.47833020919468194,
    "S_perc": 0.8654618473895582,
    "V_active_size": 498,
    "allow_cocreate_merge": false,
    "clustering": 0.0,
    "domain_match": true,
    "enabled": true,
    "hubshare": 0.00933125972006221,
    "max_indegree": 6,
    "p_reuse_policy": "from_n",
    "p_reuse_value_last": 0.4
  },
  "steps_total": 2000,
  "timeseries": {
    "enabled": false
  },
  "variant": "full"
}