{
  "L": 0.5705010210586317,
  "L_inst": 0.7215625,
  "N": 8,
  "Q_clock": 1.6136205626576312,
  "S_junc_w": 0.522977807178024,
  "S_perc": 0.8841201716738197,
  "anomaly_flags": {
    "runaway_hubbing": false,
    "star_collapse": false,
    "tierB_evaluated": false
  },
  "burn_in_epochs": 400,
  "clustering": 0.0,
  "elapsed_seconds": 0.3726041316986084,
  "ell_lock": 45.826753758215176,
  "engine_mode": "v_glue",
  "geometry": {
    "ball_growth": {
      "comp_size": 412,
      "mean_ball": [
        1.0,
        3.25,
        6.25,
        9.875,
        14.25,
        18.55,
        23.1,
        27.725,
        32.05,
        37.25,
        42.525,
        47.825,
        53.325,
        58.675,
        64.65,
        71.025,
        78.2,
        86.125,
        94.8,
        104.575,
        115.45,
        127.35,
        139.5,
        153.525,
        168.675,
        185.575,
        205.375,
        228.75,
        256.725,
        290.225,
        330.975
      ],
      "r_max": 30,
      "samples": 40
    },
    "comp_size": 412,
    "enabled": true,
    "mode": "ball_growth_only"
  },
  "glue_state": {
    "cadence": {
      "field": "T",
      "mean": 0.9853819892148048,
      "var": 7.2877189095613005e-31
    },
    "domains": {
      "counts": {
        "0": 8
      },
      "entropy": -1.000088900581841e-12
    },
    "phase": {
      "R": 0.9999999999999999
    }
  },
  "hubshare": 0.006472491909385114,
  "islands": {
    "F_max": 0.125,
    "F_max_by_wstar": {
      "0.10": 0.125,
      "0.20": 0.125,
      "0.30": 0.125
    },
    "bundle_hist": {
      "1": 8
    },
    "bundle_hist_by_wstar": {
      "0.10": {
        "1": 8
      },
      "0.20": {
        "1": 8
      },
      "0.30": {
        "1": 8
      }
    },
    "bundle_sizes": [
      1,
      1,
      1,
      1,
      1,
      1,
      1,
      1
    ],
    "w_star": 0.3
  },
  "max_indegree": 4,
  "measure_epochs": 1600,
  "n": 0.4,
  "run_id": "ball_growth_ens_C5_W100_N8_n0p4_s56791_56795__full__N8__n0.400__seed56791",
  "seed": 56791,
  "space_state": {
    "S_junc_w": 0.522977807178024,
    "S_perc": 0.8841201716738197,
    "V_active_size": 466,
    "allow_cocreate_merge": false,
    "clustering": 0.0,
    "domain_match": true,
    "enabled": true,
    "hubshare": 0.006472491909385114,
    "max_indegree": 4,
    "p_reuse_policy": "from_n",
    "p_reuse_value_last": 0.4
  },
  "steps_total": 2000,
  "timeseries": {
    "enabled": false
  },
  "variant": "full"
}