{
  "L": 0.6624011643049064,
  "L_inst": 0.76984375,
  "N": 8,
  "Q_clock": 1.8735534205834552,
  "S_junc_w": 0.49233078885584386,
  "S_perc": 0.86875,
  "anomaly_flags": {
    "runaway_hubbing": false,
    "star_collapse": false,
    "tierB_evaluated": false
  },
  "burn_in_epochs": 400,
  "clustering": 0.006069094304388421,
  "elapsed_seconds": 0.3708958625793457,
  "ell_lock": 42.869785818293636,
  "engine_mode": "v_glue",
  "geometry": {
    "ball_growth": {
      "comp_size": 417,
      "mean_ball": [
        1.0,
        3.175,
        6.1,
        9.45,
        13.1,
        17.025,
        21.0,
        25.525,
        30.55,
        36.05,
        41.325,
        47.275,
        53.45,
        59.85,
        66.275,
        72.875,
        80.175,
        87.7,
        96.525,
        106.0,
        117.475,
        129.1,
        142.2,
        156.425,
        172.1,
        190.5,
        212.725,
        239.225,
        270.45,
        310.325,
        360.45
      ],
      "r_max": 30,
      "samples": 40
    },
    "comp_size": 417,
    "enabled": true,
    "mode": "ball_growth_only"
  },
  "glue_state": {
    "cadence": {
      "field": "T",
      "mean": 1.1309628176353987,
      "var": 2.0029671421627253e-30
    },
    "domains": {
      "counts": {
        "0": 8
      },
      "entropy": -1.000088900581841e-12
    },
    "phase": {
      "R": 1.0
    }
  },
  "hubshare": 0.007836990595611285,
  "islands": {
    "F_max": 0.125,
    "F_max_by_wstar": {
      "0.10": 0.125,
      "0.20": 0.125,
      "0.30": 0.125
    },
    "bundle_hist": {
      "1": 8
    },
    "bundle_hist_by_wstar": {
      "0.10": {
        "1": 8
      },
      "0.20": {
        "1": 8
      },
      "0.30": {
        "1": 8
      }
    },
    "bundle_sizes": [
      1,
      1,
      1,
      1,
      1,
      1,
      1,
      1
    ],
    "w_star": 0.3
  },
  "max_indegree": 5,
  "measure_epochs": 1600,
  "n": 0.4,
  "run_id": "ball_growth_ens_C5_W100_N8_n0p4_s56791_56795__full__N8__n0.400__seed56793",
  "seed": 56793,
  "space_state": {
    "S_junc_w": 0.49233078885584386,
    "S_perc": 0.86875,
    "V_active_size": 480,
    "allow_cocreate_merge": false,
    "clustering": 0.006069094304388421,
    "domain_match": true,
    "enabled": true,
    "hubshare": 0.007836990595611285,
    "max_indegree": 5,
    "p_reuse_policy": "from_n",
    "p_reuse_value_last": 0.4
  },
  "steps_total": 2000,
  "timeseries": {
    "enabled": false
  },
  "variant": "full"
}