{
  "L": 0.5124503612305943,
  "L_inst": 0.7493333333333333,
  "N": 4,
  "Q_clock": 1.0249007224611886,
  "S_junc_w": 4.67934283407382,
  "S_perc": 1.0,
  "anomaly_flags": {
    "runaway_hubbing": false,
    "star_collapse": false,
    "tierB_evaluated": false
  },
  "burn_in_epochs": 500,
  "clustering": 0.03030888030888031,
  "elapsed_seconds": 0.4485201835632324,
  "ell_lock": 111.46947384423845,
  "engine_mode": "v_glue",
  "geometry": {
    "P0_downsample": [
      [
        0,
        1.0
      ],
      [
        1,
        0.0
      ],
      [
        2,
        0.295
      ],
      [
        3,
        0.005
      ],
      [
        4,
        0.15
      ],
      [
        5,
        0.005
      ],
      [
        6,
        0.085
      ],
      [
        7,
        0.005
      ],
      [
        8,
        0.07
      ],
      [
        9,
        0.005
      ],
      [
        10,
        0.06
      ],
      [
        11,
        0.01
      ],
      [
        12,
        0.045
      ],
      [
        13,
        0.005
      ],
      [
        14,
        0.025
      ],
      [
        15,
        0.005
      ],
      [
        16,
        0.04
      ],
      [
        17,
        0.03
      ],
      [
        18,
        0.045
      ],
      [
        19,
        0.025
      ],
      [
        20,
        0.02
      ],
      [
        21,
        0.015
      ],
      [
        22,
        0.02
      ],
      [
        23,
        0.02
      ],
      [
        24,
        0.015
      ],
      [
        25,
        0.015
      ],
      [
        26,
        0.02
      ],
      [
        27,
        0.005
      ],
      [
        28,
        0.015
      ],
      [
        29,
        0.03
      ],
      [
        30,
        0.01
      ],
      [
        31,
        0.02
      ],
      [
        32,
        0.01
      ],
      [
        33,
        0.01
      ],
      [
        34,
        0.01
      ],
      [
        35,
        0.01
      ],
      [
        36,
        0.02
      ],
      [
        37,
        0.005
      ],
      [
        38,
        0.015
      ],
      [
        39,
        0.0
      ],
      [
        40,
        0.005
      ],
      [
        41,
        0.01
      ],
      [
        42,
        0.005
      ],
      [
        43,
        0.01
      ],
      [
        44,
        0.005
      ],
      [
        45,
        0.005
      ],
      [
        46,
        0.005
      ],
      [
        47,
        0.0
      ],
      [
        48,
        0.02
      ],
      [
        49,
        0.01
      ],
      [
        50,
        0.015
      ],
      [
        51,
        0.01
      ],
      [
        52,
        0.005
      ],
      [
        53,
        0.015
      ],
      [
        54,
        0.0
      ],
      [
        55,
        0.005
      ],
      [
        56,
        0.01
      ],
      [
        57,
        0.0
      ],
      [
        58,
        0.005
      ],
      [
        59,
        0.005
      ],
      [
        60,
        0.015
      ]
    ],
    "ball_growth": {
      "comp_size": 84,
      "mean_ball": [
        1.0,
        4.35,
        8.125,
        11.575,
        15.425,
        18.3,
        21.525,
        24.625,
        27.55,
        30.25,
        32.975,
        35.5,
        38.425,
        41.05,
        44.0,
        46.825,
        49.6,
        52.15,
        54.775,
        57.825,
        60.6,
        63.475,
        66.575,
        68.925,
        71.475,
        73.875,
        76.3,
        78.7,
        80.7,
        82.45,
        83.85
      ],
      "r_max": 30,
      "samples": 40
    },
    "comp_size": 84,
    "ds_est": 1.7429990918521432,
    "ds_valid": false,
    "enabled": true,
    "fit_t_max": 60,
    "fit_t_min": 20,
    "notes": "fit_invalid",
    "plateau_est": 0.005714285714285714,
    "r2": 0.25696669393906524,
    "slope": -0.8714995459260716
  },
  "glue_state": {
    "cadence": {
      "field": "T",
      "mean": 1.042590711885658,
      "var": 3.821045009664276e-31
    },
    "domains": {
      "counts": {
        "0": 4
      },
      "entropy": -1.000088900581841e-12
    },
    "phase": {
      "R": 1.0
    }
  },
  "hubshare": 0.0379746835443038,
  "islands": {
    "F_max": 1.0,
    "F_max_by_wstar": {
      "0.10": 1.0,
      "0.20": 1.0,
      "0.30": 1.0
    },
    "bundle_hist": {
      "4": 1
    },
    "bundle_hist_by_wstar": {
      "0.10": {
        "4": 1
      },
      "0.20": {
        "4": 1
      },
      "0.30": {
        "4": 1
      }
    },
    "bundle_sizes": [
      4
    ],
    "w_star": 0.3
  },
  "max_indegree": 9,
  "measure_epochs": 4500,
  "n": 0.8,
  "run_id": "ball_growth_diag_C5_W100_N4_n0p8_seed56796__full__N4__n0.800__seed56796",
  "seed": 56796,
  "space_state": {
    "S_junc_w": 4.67934283407382,
    "S_perc": 1.0,
    "V_active_size": 84,
    "allow_cocreate_merge": false,
    "clustering": 0.03030888030888031,
    "domain_match": true,
    "enabled": true,
    "hubshare": 0.0379746835443038,
    "max_indegree": 9,
    "p_reuse_policy": "from_n",
    "p_reuse_value_last": 0.8
  },
  "steps_total": 5000,
  "variant": "full"
}