{
  "L": 0.4795609321568358,
  "L_inst": 0.7478888888888889,
  "N": 4,
  "Q_clock": 0.9591218643136716,
  "S_junc_w": 0.0,
  "S_perc": 0.0,
  "anomaly_flags": {
    "runaway_hubbing": false,
    "star_collapse": false,
    "tierB_evaluated": false
  },
  "burn_in_epochs": 500,
  "clustering": null,
  "elapsed_seconds": 0.1357429027557373,
  "ell_lock": 124.34612570642693,
  "engine_mode": "v_glue",
  "glue_state": {
    "cadence": {
      "field": "T",
      "mean": 0.9659402832439495,
      "var": 9.55261252416069e-32
    },
    "domains": {
      "counts": {
        "0": 4
      },
      "entropy": -1.000088900581841e-12
    },
    "phase": {
      "R": 1.0
    }
  },
  "hubshare": 0.0,
  "islands": {
    "enabled": false
  },
  "max_indegree": 0,
  "measure_epochs": 4500,
  "n": 0.0,
  "run_id": "pathA_scan_C5_W100_N4_s56791_56798_nospace__full__N4__n0.000__seed56794",
  "seed": 56794,
  "space_state": {
    "enabled": false
  },
  "steps_total": 5000,
  "variant": "full"
}