{
  "L": 0.4399888958755201,
  "L_inst": 0.7384444444444445,
  "N": 4,
  "Q_clock": 0.8799777917510402,
  "S_junc_w": 0.0,
  "S_perc": 0.0,
  "anomaly_flags": {
    "runaway_hubbing": false,
    "star_collapse": false,
    "tierB_evaluated": false
  },
  "burn_in_epochs": 500,
  "clustering": null,
  "elapsed_seconds": 0.13550281524658203,
  "ell_lock": 116.62471251123443,
  "engine_mode": "v_glue",
  "glue_state": {
    "cadence": {
      "field": "T",
      "mean": 1.018105396757549,
      "var": 3.821045009664276e-31
    },
    "domains": {
      "counts": {
        "0": 4
      },
      "entropy": -1.000088900581841e-12
    },
    "phase": {
      "R": 1.0
    }
  },
  "hubshare": 0.0,
  "islands": {
    "enabled": false
  },
  "max_indegree": 0,
  "measure_epochs": 4500,
  "n": 0.4,
  "run_id": "pathA_scan_C5_W100_N4_s56791_56798_nospace__full__N4__n0.400__seed56793",
  "seed": 56793,
  "space_state": {
    "enabled": false
  },
  "steps_total": 5000,
  "variant": "full"
}