{
  "L": 0.49391979544768955,
  "L_inst": 0.7403333333333333,
  "N": 4,
  "Q_clock": 0.9878395908953791,
  "S_junc_w": 0.0,
  "S_perc": 0.0,
  "anomaly_flags": {
    "runaway_hubbing": false,
    "star_collapse": false,
    "tierB_evaluated": false
  },
  "burn_in_epochs": 500,
  "clustering": null,
  "elapsed_seconds": 0.13790321350097656,
  "ell_lock": 95.86243257332943,
  "engine_mode": "v_glue",
  "glue_state": {
    "cadence": {
      "field": "T",
      "mean": 0.9153834139060076,
      "var": 6.471124613141112e-32
    },
    "domains": {
      "counts": {
        "0": 4
      },
      "entropy": -1.000088900581841e-12
    },
    "phase": {
      "R": 0.9999999999999999
    }
  },
  "hubshare": 0.0,
  "islands": {
    "enabled": false
  },
  "max_indegree": 0,
  "measure_epochs": 4500,
  "n": 0.0,
  "run_id": "pathA_scan_C5_W100_N4_s56791_56798_nospace__full__N4__n0.000__seed56791",
  "seed": 56791,
  "space_state": {
    "enabled": false
  },
  "steps_total": 5000,
  "variant": "full"
}