{
  "L": 0.6817768206201424,
  "L_inst": 0.7576666666666667,
  "N": 4,
  "Q_clock": 1.3635536412402849,
  "S_junc_w": 0.0,
  "S_perc": 0.0,
  "anomaly_flags": {
    "runaway_hubbing": false,
    "star_collapse": false,
    "tierB_evaluated": false
  },
  "burn_in_epochs": 500,
  "clustering": null,
  "elapsed_seconds": 0.13605499267578125,
  "ell_lock": 80.16096347462312,
  "engine_mode": "v_glue",
  "glue_state": {
    "cadence": {
      "field": "T",
      "mean": 0.9886640975539268,
      "var": 9.55261252416069e-32
    },
    "domains": {
      "counts": {
        "0": 4
      },
      "entropy": -1.000088900581841e-12
    },
    "phase": {
      "R": 0.9999999999999999
    }
  },
  "hubshare": 0.0,
  "islands": {
    "enabled": false
  },
  "max_indegree": 0,
  "measure_epochs": 4500,
  "n": 0.6,
  "run_id": "pathA_scan_C5_W100_N4_s56791_56798_nospace__full__N4__n0.600__seed56792",
  "seed": 56792,
  "space_state": {
    "enabled": false
  },
  "steps_total": 5000,
  "variant": "full"
}