{
  "L": 0.6616006319407498,
  "L_inst": 0.7727777777777778,
  "N": 4,
  "Q_clock": 1.3232012638814996,
  "S_junc_w": 0.0,
  "S_perc": 0.0,
  "anomaly_flags": {
    "runaway_hubbing": false,
    "star_collapse": false,
    "tierB_evaluated": false
  },
  "burn_in_epochs": 500,
  "clustering": null,
  "elapsed_seconds": 0.13579702377319336,
  "ell_lock": 101.47669550727271,
  "engine_mode": "v_glue",
  "glue_state": {
    "cadence": {
      "field": "T",
      "mean": 0.8414698447054035,
      "var": 3.697785493223493e-32
    },
    "domains": {
      "counts": {
        "0": 4
      },
      "entropy": -1.000088900581841e-12
    },
    "phase": {
      "R": 0.9999999999999999
    }
  },
  "hubshare": 0.0,
  "islands": {
    "enabled": false
  },
  "max_indegree": 0,
  "measure_epochs": 4500,
  "n": 0.0,
  "run_id": "pathA_scan_C5_W100_N4_s56791_56798_nospace__full__N4__n0.000__seed56798",
  "seed": 56798,
  "space_state": {
    "enabled": false
  },
  "steps_total": 5000,
  "variant": "full"
}