{
  "L": 0.512942310357863,
  "L_inst": 0.7705555555555555,
  "N": 4,
  "Q_clock": 1.025884620715726,
  "S_junc_w": 0.14727715823940718,
  "S_perc": 0.873015873015873,
  "anomaly_flags": {
    "runaway_hubbing": false,
    "star_collapse": false,
    "tierB_evaluated": false
  },
  "burn_in_epochs": 500,
  "clustering": 0.0,
  "elapsed_seconds": 0.8184239864349365,
  "ell_lock": 112.02235896144182,
  "engine_mode": "v_glue",
  "glue_state": {
    "cadence": {
      "field": "T",
      "mean": 1.183436381536934,
      "var": 4.437342591868191e-31
    },
    "domains": {
      "counts": {
        "0": 4
      },
      "entropy": -1.000088900581841e-12
    },
    "phase": {
      "R": 1.0
    }
  },
  "hubshare": 0.008450704225352112,
  "islands": {
    "F_max": 0.25,
    "bundle_hist": {
      "1": 4
    },
    "bundle_sizes": [
      1,
      1,
      1,
      1
    ],
    "w_star": 0.3
  },
  "max_indegree": 3,
  "measure_epochs": 4500,
  "n": 0.0,
  "run_id": "vreg_C5_W100_N4_seed56790_B_space_on_preuse_0p20__full__N4__n0.000__seed56790",
  "seed": 56790,
  "space_state": {
    "S_junc_w": 0.14727715823940718,
    "S_perc": 0.873015873015873,
    "V_active_size": 315,
    "allow_cocreate_merge": false,
    "clustering": 0.0,
    "domain_match": true,
    "enabled": true,
    "hubshare": 0.008450704225352112,
    "max_indegree": 3,
    "p_reuse_policy": "fixed",
    "p_reuse_value_last": 0.2
  },
  "steps_total": 5000,
  "variant": "full"
}