{
  "L": 0.9926049197331827,
  "L_inst": 0.7673333333333333,
  "N": 4,
  "Q_clock": 1.9852098394663653,
  "S_junc_w": 4.5401326058251446,
  "S_perc": 1.0,
  "anomaly_flags": {
    "runaway_hubbing": false,
    "star_collapse": false,
    "tierB_evaluated": false
  },
  "burn_in_epochs": 500,
  "clustering": 0.026069335328594588,
  "elapsed_seconds": 0.4326441287994385,
  "ell_lock": 56.61805934376394,
  "engine_mode": "v_glue",
  "glue_state": {
    "cadence": {
      "field": "T",
      "mean": 1.183436381536934,
      "var": 4.437342591868191e-31
    },
    "domains": {
      "counts": {
        "0": 4
      },
      "entropy": -1.000088900581841e-12
    },
    "phase": {
      "R": 1.0
    }
  },
  "hubshare": 0.0411522633744856,
  "islands": {
    "F_max": 1.0,
    "bundle_hist": {
      "4": 1
    },
    "bundle_sizes": [
      4
    ],
    "w_star": 0.3
  },
  "max_indegree": 10,
  "measure_epochs": 4500,
  "n": 0.0,
  "run_id": "vreg_C5_W100_N4_seed56790_B_space_on_preuse_0p80__full__N4__n0.000__seed56790",
  "seed": 56790,
  "space_state": {
    "S_junc_w": 4.5401326058251446,
    "S_perc": 1.0,
    "V_active_size": 88,
    "allow_cocreate_merge": false,
    "clustering": 0.026069335328594588,
    "domain_match": true,
    "enabled": true,
    "hubshare": 0.0411522633744856,
    "max_indegree": 10,
    "p_reuse_policy": "fixed",
    "p_reuse_value_last": 0.8
  },
  "steps_total": 5000,
  "variant": "full"
}