{
  "L": 0.6002846936280739,
  "L_inst": 0.783,
  "N": 4,
  "Q_clock": 1.2005693872561478,
  "S_junc_w": 1.1554152468759407,
  "S_perc": 0.8870967741935484,
  "anomaly_flags": {
    "runaway_hubbing": false,
    "star_collapse": false,
    "tierB_evaluated": false
  },
  "burn_in_epochs": 500,
  "clustering": 0.0,
  "elapsed_seconds": 0.6494979858398438,
  "ell_lock": 120.29819250997147,
  "engine_mode": "v_glue",
  "glue_state": {
    "cadence": {
      "field": "T",
      "mean": 1.183436381536934,
      "var": 4.437342591868191e-31
    },
    "domains": {
      "counts": {
        "0": 4
      },
      "entropy": -1.000088900581841e-12
    },
    "phase": {
      "R": 1.0
    }
  },
  "hubshare": 0.016778523489932886,
  "islands": {
    "F_max": 0.25,
    "bundle_hist": {
      "1": 4
    },
    "bundle_sizes": [
      1,
      1,
      1,
      1
    ],
    "w_star": 0.3
  },
  "max_indegree": 5,
  "measure_epochs": 4500,
  "n": 0.0,
  "run_id": "vreg_C5_W100_N4_seed56790_B_space_on_preuse_0p50__full__N4__n0.000__seed56790",
  "seed": 56790,
  "space_state": {
    "S_junc_w": 1.1554152468759407,
    "S_perc": 0.8870967741935484,
    "V_active_size": 186,
    "allow_cocreate_merge": false,
    "clustering": 0.0,
    "domain_match": true,
    "enabled": true,
    "hubshare": 0.016778523489932886,
    "max_indegree": 5,
    "p_reuse_policy": "fixed",
    "p_reuse_value_last": 0.5
  },
  "steps_total": 5000,
  "variant": "full"
}