{
  "L": 1.3999222380938554,
  "L_inst": 0.79625,
  "N": 8,
  "Q_clock": 3.959578030760055,
  "S_junc_w": 5.386705765658256,
  "S_perc": 0.9879518072289156,
  "anomaly_flags": {
    "runaway_hubbing": false,
    "star_collapse": false,
    "tierB_evaluated": false
  },
  "burn_in_epochs": 400,
  "clustering": 0.029005242296381534,
  "elapsed_seconds": 0.25086188316345215,
  "ell_lock": 27.634162150805615,
  "engine_mode": "v_glue",
  "geometry": {
    "ball_growth": {
      "comp_size": 164,
      "mean_ball": [
        1.0,
        4.85,
        9.675,
        14.375,
        19.25,
        23.65,
        27.85,
        31.825,
        35.65,
        40.1,
        44.3,
        49.125,
        54.0,
        58.45,
        62.525,
        66.6,
        70.55,
        74.9,
        79.975,
        85.2,
        90.35,
        95.225,
        99.675,
        104.575,
        109.55,
        115.375,
        121.575,
        129.225,
        138.3,
        149.325,
        163.25
      ],
      "r_max": 30,
      "samples": 40
    },
    "comp_size": 164,
    "enabled": true,
    "mode": "ball_growth_only"
  },
  "glue_state": {
    "cadence": {
      "field": "T",
      "mean": 1.1169956016306324,
      "var": 6.5943841295818956e-31
    },
    "domains": {
      "counts": {
        "0": 8
      },
      "entropy": -1.000088900581841e-12
    },
    "phase": {
      "R": 1.0
    }
  },
  "hubshare": 0.015717092337917484,
  "islands": {
    "F_max": 0.125,
    "F_max_by_wstar": {
      "0.10": 1.0,
      "0.20": 0.25,
      "0.30": 0.125
    },
    "bundle_hist": {
      "1": 8
    },
    "bundle_hist_by_wstar": {
      "0.10": {
        "8": 1
      },
      "0.20": {
        "1": 6,
        "2": 1
      },
      "0.30": {
        "1": 8
      }
    },
    "bundle_sizes": [
      1,
      1,
      1,
      1,
      1,
      1,
      1,
      1
    ],
    "w_star": 0.3
  },
  "max_indegree": 8,
  "measure_epochs": 1600,
  "n": 0.8,
  "run_id": "ball_growth_ens_C5_W100_N8_n0p8_s56791_56795__full__N8__n0.800__seed56792",
  "seed": 56792,
  "space_state": {
    "S_junc_w": 5.386705765658256,
    "S_perc": 0.9879518072289156,
    "V_active_size": 166,
    "allow_cocreate_merge": false,
    "clustering": 0.029005242296381534,
    "domain_match": true,
    "enabled": true,
    "hubshare": 0.015717092337917484,
    "max_indegree": 8,
    "p_reuse_policy": "from_n",
    "p_reuse_value_last": 0.8
  },
  "steps_total": 2000,
  "timeseries": {
    "enabled": false
  },
  "variant": "full"
}