{
  "L": 0.07445168637629106,
  "L_inst": 0.728125,
  "N": 8,
  "Q_clock": 0.21058116922979803,
  "S_junc_w": 5.572982442249128,
  "S_perc": 0.974025974025974,
  "anomaly_flags": {
    "runaway_hubbing": false,
    "star_collapse": false,
    "tierB_evaluated": false
  },
  "burn_in_epochs": 400,
  "clustering": 0.060810657596371887,
  "elapsed_seconds": 0.2533738613128662,
  "ell_lock": 138.72696170622538,
  "engine_mode": "v_glue",
  "geometry": {
    "ball_growth": {
      "comp_size": 150,
      "mean_ball": [
        1.0,
        5.325,
        10.775,
        16.05,
        21.025,
        26.025,
        31.625,
        36.125,
        41.025,
        45.625,
        50.8,
        55.0,
        59.15,
        63.575,
        67.675,
        71.8,
        76.1,
        80.175,
        84.825,
        90.4,
        96.325,
        101.625,
        107.075,
        111.925,
        116.625,
        121.475,
        126.675,
        132.4,
        138.575,
        144.625,
        149.65
      ],
      "r_max": 30,
      "samples": 40
    },
    "comp_size": 150,
    "enabled": true,
    "mode": "ball_growth_only"
  },
  "glue_state": {
    "cadence": {
      "field": "T",
      "mean": 0.9853819892148048,
      "var": 1.5407439555097887e-31
    },
    "domains": {
      "counts": {
        "0": 8
      },
      "entropy": -1.000088900581841e-12
    },
    "phase": {
      "R": 1.0
    }
  },
  "hubshare": 0.018556701030927835,
  "islands": {
    "F_max": 0.125,
    "F_max_by_wstar": {
      "0.10": 1.0,
      "0.20": 0.875,
      "0.30": 0.125
    },
    "bundle_hist": {
      "1": 8
    },
    "bundle_hist_by_wstar": {
      "0.10": {
        "8": 1
      },
      "0.20": {
        "1": 1,
        "7": 1
      },
      "0.30": {
        "1": 8
      }
    },
    "bundle_sizes": [
      1,
      1,
      1,
      1,
      1,
      1,
      1,
      1
    ],
    "w_star": 0.3
  },
  "max_indegree": 9,
  "measure_epochs": 1600,
  "n": 0.8,
  "run_id": "ball_growth_ens_C5_W100_N8_n0p8_s56791_56795__full__N8__n0.800__seed56791",
  "seed": 56791,
  "space_state": {
    "S_junc_w": 5.572982442249128,
    "S_perc": 0.974025974025974,
    "V_active_size": 154,
    "allow_cocreate_merge": false,
    "clustering": 0.060810657596371887,
    "domain_match": true,
    "enabled": true,
    "hubshare": 0.018556701030927835,
    "max_indegree": 9,
    "p_reuse_policy": "from_n",
    "p_reuse_value_last": 0.8
  },
  "steps_total": 2000,
  "timeseries": {
    "enabled": false
  },
  "variant": "full"
}