{
  "L": 0.3560125335122298,
  "L_inst": 0.7315625,
  "N": 8,
  "Q_clock": 1.0069555065356028,
  "S_junc_w": 3.919686938576075,
  "S_perc": 0.9841269841269841,
  "anomaly_flags": {
    "runaway_hubbing": false,
    "star_collapse": false,
    "tierB_evaluated": false
  },
  "burn_in_epochs": 400,
  "clustering": 0.01984593837535014,
  "elapsed_seconds": 0.25514912605285645,
  "ell_lock": 87.21298465980826,
  "engine_mode": "v_glue",
  "geometry": {
    "ball_growth": {
      "comp_size": 186,
      "mean_ball": [
        1.0,
        4.3,
        8.275,
        12.05,
        15.925,
        19.575,
        23.775,
        28.225,
        32.65,
        37.275,
        41.925,
        46.525,
        50.725,
        55.725,
        60.05,
        64.725,
        69.025,
        73.825,
        78.4,
        83.0,
        87.475,
        91.825,
        96.05,
        101.0,
        107.525,
        115.125,
        123.75,
        133.875,
        146.55,
        161.9,
        182.95
      ],
      "r_max": 30,
      "samples": 40
    },
    "comp_size": 186,
    "enabled": true,
    "mode": "ball_growth_only"
  },
  "glue_state": {
    "cadence": {
      "field": "T",
      "mean": 0.9677371514532194,
      "var": 1.9721522630525295e-31
    },
    "domains": {
      "counts": {
        "0": 8
      },
      "entropy": -1.000088900581841e-12
    },
    "phase": {
      "R": 1.0
    }
  },
  "hubshare": 0.014285714285714285,
  "islands": {
    "F_max": 0.125,
    "F_max_by_wstar": {
      "0.10": 1.0,
      "0.20": 0.25,
      "0.30": 0.125
    },
    "bundle_hist": {
      "1": 8
    },
    "bundle_hist_by_wstar": {
      "0.10": {
        "8": 1
      },
      "0.20": {
        "1": 4,
        "2": 2
      },
      "0.30": {
        "1": 8
      }
    },
    "bundle_sizes": [
      1,
      1,
      1,
      1,
      1,
      1,
      1,
      1
    ],
    "w_star": 0.3
  },
  "max_indegree": 7,
  "measure_epochs": 1600,
  "n": 0.8,
  "run_id": "ball_growth_ens_C5_W100_N8_n0p8_s56791_56795__full__N8__n0.800__seed56794",
  "seed": 56794,
  "space_state": {
    "S_junc_w": 3.919686938576075,
    "S_perc": 0.9841269841269841,
    "V_active_size": 189,
    "allow_cocreate_merge": false,
    "clustering": 0.01984593837535014,
    "domain_match": true,
    "enabled": true,
    "hubshare": 0.014285714285714285,
    "max_indegree": 7,
    "p_reuse_policy": "from_n",
    "p_reuse_value_last": 0.8
  },
  "steps_total": 2000,
  "timeseries": {
    "enabled": false
  },
  "variant": "full"
}