{
  "L": 1.2174627164464766,
  "L_inst": 0.76640625,
  "N": 8,
  "Q_clock": 3.4435045705643943,
  "S_junc_w": 4.971440791269597,
  "S_perc": 0.9743589743589743,
  "anomaly_flags": {
    "runaway_hubbing": false,
    "star_collapse": false,
    "tierB_evaluated": false
  },
  "burn_in_epochs": 400,
  "clustering": 0.04161692684419958,
  "elapsed_seconds": 0.25287795066833496,
  "ell_lock": 30.338301258948484,
  "engine_mode": "v_glue",
  "geometry": {
    "ball_growth": {
      "comp_size": 152,
      "mean_ball": [
        1.0,
        4.75,
        9.175,
        14.175,
        18.8,
        23.025,
        27.35,
        31.375,
        35.875,
        40.25,
        44.3,
        48.8,
        53.625,
        58.675,
        63.025,
        67.2,
        71.425,
        75.825,
        80.1,
        84.45,
        88.925,
        93.7,
        98.725,
        104.225,
        109.35,
        114.65,
        120.225,
        126.35,
        133.525,
        141.225,
        149.925
      ],
      "r_max": 30,
      "samples": 40
    },
    "comp_size": 152,
    "enabled": true,
    "mode": "ball_growth_only"
  },
  "glue_state": {
    "cadence": {
      "field": "T",
      "mean": 1.1309628176353987,
      "var": 5.2385294487332815e-31
    },
    "domains": {
      "counts": {
        "0": 8
      },
      "entropy": -1.000088900581841e-12
    },
    "phase": {
      "R": 1.0
    }
  },
  "hubshare": 0.0196078431372549,
  "islands": {
    "F_max": 0.125,
    "F_max_by_wstar": {
      "0.10": 1.0,
      "0.20": 0.375,
      "0.30": 0.125
    },
    "bundle_hist": {
      "1": 8
    },
    "bundle_hist_by_wstar": {
      "0.10": {
        "8": 1
      },
      "0.20": {
        "1": 2,
        "3": 2
      },
      "0.30": {
        "1": 8
      }
    },
    "bundle_sizes": [
      1,
      1,
      1,
      1,
      1,
      1,
      1,
      1
    ],
    "w_star": 0.3
  },
  "max_indegree": 9,
  "measure_epochs": 1600,
  "n": 0.8,
  "run_id": "ball_growth_ens_C5_W100_N8_n0p8_s56791_56795__full__N8__n0.800__seed56793",
  "seed": 56793,
  "space_state": {
    "S_junc_w": 4.971440791269597,
    "S_perc": 0.9743589743589743,
    "V_active_size": 156,
    "allow_cocreate_merge": false,
    "clustering": 0.04161692684419958,
    "domain_match": true,
    "enabled": true,
    "hubshare": 0.0196078431372549,
    "max_indegree": 9,
    "p_reuse_policy": "from_n",
    "p_reuse_value_last": 0.8
  },
  "steps_total": 2000,
  "timeseries": {
    "enabled": false
  },
  "variant": "full"
}