{
  "L": 0.3626794054329996,
  "L_inst": 0.75,
  "N": 4,
  "Q_clock": 0.7253588108659992,
  "S_junc_w": 0.7963690606828896,
  "S_perc": 0.9027777777777778,
  "anomaly_flags": {
    "runaway_hubbing": false,
    "star_collapse": false,
    "tierB_evaluated": false
  },
  "burn_in_epochs": 500,
  "clustering": 0.01457705445047217,
  "elapsed_seconds": 0.7384889125823975,
  "ell_lock": 113.38259395413395,
  "engine_mode": "v_glue",
  "glue_state": {
    "cadence": {
      "field": "T",
      "mean": 1.042590711885658,
      "var": 3.821045009664276e-31
    },
    "domains": {
      "counts": {
        "0": 4
      },
      "entropy": -1.000088900581841e-12
    },
    "phase": {
      "R": 1.0
    }
  },
  "hubshare": 0.01935483870967742,
  "islands": {
    "F_max": 0.25,
    "F_max_by_wstar": {
      "0.10": 0.75,
      "0.20": 0.25,
      "0.30": 0.25
    },
    "bundle_hist": {
      "1": 4
    },
    "bundle_hist_by_wstar": {
      "0.10": {
        "1": 1,
        "3": 1
      },
      "0.20": {
        "1": 4
      },
      "0.30": {
        "1": 4
      }
    },
    "bundle_sizes": [
      1,
      1,
      1,
      1
    ],
    "w_star": 0.3
  },
  "max_indegree": 6,
  "measure_epochs": 4500,
  "n": 0.4,
  "run_id": "pathA_scan_C5_W100_N4_s56791_56798__full__N4__n0.400__seed56796",
  "seed": 56796,
  "space_state": {
    "S_junc_w": 0.7963690606828896,
    "S_perc": 0.9027777777777778,
    "V_active_size": 216,
    "allow_cocreate_merge": false,
    "clustering": 0.01457705445047217,
    "domain_match": true,
    "enabled": true,
    "hubshare": 0.01935483870967742,
    "max_indegree": 6,
    "p_reuse_policy": "from_n",
    "p_reuse_value_last": 0.4
  },
  "steps_total": 5000,
  "variant": "full"
}