{
  "L": 0.5852792817429413,
  "L_inst": 0.7684444444444445,
  "N": 4,
  "Q_clock": 1.1705585634858826,
  "S_junc_w": 1.3575576832578744,
  "S_perc": 0.8963414634146342,
  "anomaly_flags": {
    "runaway_hubbing": false,
    "star_collapse": false,
    "tierB_evaluated": false
  },
  "burn_in_epochs": 500,
  "clustering": 0.0470856102003643,
  "elapsed_seconds": 0.6123080253601074,
  "ell_lock": 88.62650415671347,
  "engine_mode": "v_glue",
  "glue_state": {
    "cadence": {
      "field": "T",
      "mean": 1.042590711885658,
      "var": 3.821045009664276e-31
    },
    "domains": {
      "counts": {
        "0": 4
      },
      "entropy": -1.000088900581841e-12
    },
    "phase": {
      "R": 1.0
    }
  },
  "hubshare": 0.02527075812274368,
  "islands": {
    "F_max": 0.25,
    "F_max_by_wstar": {
      "0.10": 1.0,
      "0.20": 0.25,
      "0.30": 0.25
    },
    "bundle_hist": {
      "1": 4
    },
    "bundle_hist_by_wstar": {
      "0.10": {
        "4": 1
      },
      "0.20": {
        "1": 4
      },
      "0.30": {
        "1": 4
      }
    },
    "bundle_sizes": [
      1,
      1,
      1,
      1
    ],
    "w_star": 0.3
  },
  "max_indegree": 7,
  "measure_epochs": 4500,
  "n": 0.6,
  "run_id": "pathA_scan_C5_W100_N4_s56791_56798__full__N4__n0.600__seed56796",
  "seed": 56796,
  "space_state": {
    "S_junc_w": 1.3575576832578744,
    "S_perc": 0.8963414634146342,
    "V_active_size": 164,
    "allow_cocreate_merge": false,
    "clustering": 0.0470856102003643,
    "domain_match": true,
    "enabled": true,
    "hubshare": 0.02527075812274368,
    "max_indegree": 7,
    "p_reuse_policy": "from_n",
    "p_reuse_value_last": 0.6
  },
  "steps_total": 5000,
  "variant": "full"
}