{
  "L": 0.41665958715042684,
  "L_inst": 0.7382222222222222,
  "N": 4,
  "Q_clock": 0.8333191743008537,
  "S_junc_w": 1.6379285840255988,
  "S_perc": 0.9700598802395209,
  "anomaly_flags": {
    "runaway_hubbing": false,
    "star_collapse": false,
    "tierB_evaluated": false
  },
  "burn_in_epochs": 500,
  "clustering": 0.018518518518518517,
  "elapsed_seconds": 0.6135120391845703,
  "ell_lock": 103.12535788577806,
  "engine_mode": "v_glue",
  "glue_state": {
    "cadence": {
      "field": "T",
      "mean": 0.9659402832439495,
      "var": 9.55261252416069e-32
    },
    "domains": {
      "counts": {
        "0": 4
      },
      "entropy": -1.000088900581841e-12
    },
    "phase": {
      "R": 1.0
    }
  },
  "hubshare": 0.019801980198019802,
  "islands": {
    "F_max": 0.25,
    "F_max_by_wstar": {
      "0.10": 1.0,
      "0.20": 0.25,
      "0.30": 0.25
    },
    "bundle_hist": {
      "1": 4
    },
    "bundle_hist_by_wstar": {
      "0.10": {
        "4": 1
      },
      "0.20": {
        "1": 4
      },
      "0.30": {
        "1": 4
      }
    },
    "bundle_sizes": [
      1,
      1,
      1,
      1
    ],
    "w_star": 0.3
  },
  "max_indegree": 6,
  "measure_epochs": 4500,
  "n": 0.6,
  "run_id": "pathA_scan_C5_W100_N4_s56791_56798__full__N4__n0.600__seed56794",
  "seed": 56794,
  "space_state": {
    "S_junc_w": 1.6379285840255988,
    "S_perc": 0.9700598802395209,
    "V_active_size": 167,
    "allow_cocreate_merge": false,
    "clustering": 0.018518518518518517,
    "domain_match": true,
    "enabled": true,
    "hubshare": 0.019801980198019802,
    "max_indegree": 6,
    "p_reuse_policy": "from_n",
    "p_reuse_value_last": 0.6
  },
  "steps_total": 5000,
  "variant": "full"
}