{
  "L": 0.3508984799243621,
  "L_inst": 0.7593333333333333,
  "N": 4,
  "Q_clock": 0.7017969598487241,
  "S_junc_w": 0.4411941862963228,
  "S_perc": 0.88671875,
  "anomaly_flags": {
    "runaway_hubbing": false,
    "star_collapse": false,
    "tierB_evaluated": false
  },
  "burn_in_epochs": 500,
  "clustering": 0.007020757020757021,
  "elapsed_seconds": 0.7282798290252686,
  "ell_lock": 129.08103128865469,
  "engine_mode": "v_glue",
  "glue_state": {
    "cadence": {
      "field": "T",
      "mean": 0.9153834139060076,
      "var": 6.471124613141112e-32
    },
    "domains": {
      "counts": {
        "0": 4
      },
      "entropy": -1.000088900581841e-12
    },
    "phase": {
      "R": 0.9999999999999999
    }
  },
  "hubshare": 0.015015015015015015,
  "islands": {
    "F_max": 0.25,
    "F_max_by_wstar": {
      "0.10": 0.25,
      "0.20": 0.25,
      "0.30": 0.25
    },
    "bundle_hist": {
      "1": 4
    },
    "bundle_hist_by_wstar": {
      "0.10": {
        "1": 4
      },
      "0.20": {
        "1": 4
      },
      "0.30": {
        "1": 4
      }
    },
    "bundle_sizes": [
      1,
      1,
      1,
      1
    ],
    "w_star": 0.3
  },
  "max_indegree": 5,
  "measure_epochs": 4500,
  "n": 0.4,
  "run_id": "pathA_scan_C5_W100_N4_s56791_56798__full__N4__n0.400__seed56791",
  "seed": 56791,
  "space_state": {
    "S_junc_w": 0.4411941862963228,
    "S_perc": 0.88671875,
    "V_active_size": 256,
    "allow_cocreate_merge": false,
    "clustering": 0.007020757020757021,
    "domain_match": true,
    "enabled": true,
    "hubshare": 0.015015015015015015,
    "max_indegree": 5,
    "p_reuse_policy": "from_n",
    "p_reuse_value_last": 0.4
  },
  "steps_total": 5000,
  "variant": "full"
}