{
  "L": 0.3510570726328014,
  "L_inst": 0.7372222222222222,
  "N": 4,
  "Q_clock": 0.7021141452656028,
  "S_junc_w": 4.318446598644228,
  "S_perc": 0.9782608695652174,
  "anomaly_flags": {
    "runaway_hubbing": false,
    "star_collapse": false,
    "tierB_evaluated": false
  },
  "burn_in_epochs": 500,
  "clustering": 0.03491508491508492,
  "elapsed_seconds": 0.45155787467956543,
  "ell_lock": 94.0185646684904,
  "engine_mode": "v_glue",
  "glue_state": {
    "cadence": {
      "field": "T",
      "mean": 0.9153834139060076,
      "var": 6.471124613141112e-32
    },
    "domains": {
      "counts": {
        "0": 4
      },
      "entropy": -1.000088900581841e-12
    },
    "phase": {
      "R": 0.9999999999999999
    }
  },
  "hubshare": 0.04065040650406504,
  "islands": {
    "F_max": 1.0,
    "F_max_by_wstar": {
      "0.10": 1.0,
      "0.20": 1.0,
      "0.30": 1.0
    },
    "bundle_hist": {
      "4": 1
    },
    "bundle_hist_by_wstar": {
      "0.10": {
        "4": 1
      },
      "0.20": {
        "4": 1
      },
      "0.30": {
        "4": 1
      }
    },
    "bundle_sizes": [
      4
    ],
    "w_star": 0.3
  },
  "max_indegree": 10,
  "measure_epochs": 4500,
  "n": 0.8,
  "run_id": "pathA_scan_C5_W100_N4_s56791_56798__full__N4__n0.800__seed56791",
  "seed": 56791,
  "space_state": {
    "S_junc_w": 4.318446598644228,
    "S_perc": 0.9782608695652174,
    "V_active_size": 92,
    "allow_cocreate_merge": false,
    "clustering": 0.03491508491508492,
    "domain_match": true,
    "enabled": true,
    "hubshare": 0.04065040650406504,
    "max_indegree": 10,
    "p_reuse_policy": "from_n",
    "p_reuse_value_last": 0.8
  },
  "steps_total": 5000,
  "variant": "full"
}