{
  "L": 0.4313174771697144,
  "L_inst": 0.743,
  "N": 4,
  "Q_clock": 0.8626349543394288,
  "S_junc_w": 0.6923579977955729,
  "S_perc": 0.925764192139738,
  "anomaly_flags": {
    "runaway_hubbing": false,
    "star_collapse": false,
    "tierB_evaluated": false
  },
  "burn_in_epochs": 500,
  "clustering": 0.01481173864894795,
  "elapsed_seconds": 0.7369098663330078,
  "ell_lock": 97.16592681236001,
  "engine_mode": "v_glue",
  "glue_state": {
    "cadence": {
      "field": "T",
      "mean": 0.9659402832439495,
      "var": 9.55261252416069e-32
    },
    "domains": {
      "counts": {
        "0": 4
      },
      "entropy": -1.000088900581841e-12
    },
    "phase": {
      "R": 1.0
    }
  },
  "hubshare": 0.012269938650306749,
  "islands": {
    "F_max": 0.25,
    "F_max_by_wstar": {
      "0.10": 0.75,
      "0.20": 0.25,
      "0.30": 0.25
    },
    "bundle_hist": {
      "1": 4
    },
    "bundle_hist_by_wstar": {
      "0.10": {
        "1": 1,
        "3": 1
      },
      "0.20": {
        "1": 4
      },
      "0.30": {
        "1": 4
      }
    },
    "bundle_sizes": [
      1,
      1,
      1,
      1
    ],
    "w_star": 0.3
  },
  "max_indegree": 4,
  "measure_epochs": 4500,
  "n": 0.4,
  "run_id": "pathA_scan_C5_W100_N4_s56791_56798__full__N4__n0.400__seed56794",
  "seed": 56794,
  "space_state": {
    "S_junc_w": 0.6923579977955729,
    "S_perc": 0.925764192139738,
    "V_active_size": 229,
    "allow_cocreate_merge": false,
    "clustering": 0.01481173864894795,
    "domain_match": true,
    "enabled": true,
    "hubshare": 0.012269938650306749,
    "max_indegree": 4,
    "p_reuse_policy": "from_n",
    "p_reuse_value_last": 0.4
  },
  "steps_total": 5000,
  "variant": "full"
}