{
  "L": 0.6582630618423299,
  "L_inst": 0.7653333333333333,
  "N": 4,
  "Q_clock": 1.3165261236846597,
  "S_junc_w": 0.47346308221662325,
  "S_perc": 0.8702928870292888,
  "anomaly_flags": {
    "runaway_hubbing": false,
    "star_collapse": false,
    "tierB_evaluated": false
  },
  "burn_in_epochs": 500,
  "clustering": 0.007662835249042145,
  "elapsed_seconds": 0.7352747917175293,
  "ell_lock": 90.25923563534951,
  "engine_mode": "v_glue",
  "glue_state": {
    "cadence": {
      "field": "T",
      "mean": 0.9077214710004744,
      "var": 6.471124613141112e-32
    },
    "domains": {
      "counts": {
        "0": 4
      },
      "entropy": -1.000088900581841e-12
    },
    "phase": {
      "R": 1.0
    }
  },
  "hubshare": 0.01282051282051282,
  "islands": {
    "F_max": 0.25,
    "F_max_by_wstar": {
      "0.10": 0.25,
      "0.20": 0.25,
      "0.30": 0.25
    },
    "bundle_hist": {
      "1": 4
    },
    "bundle_hist_by_wstar": {
      "0.10": {
        "1": 4
      },
      "0.20": {
        "1": 4
      },
      "0.30": {
        "1": 4
      }
    },
    "bundle_sizes": [
      1,
      1,
      1,
      1
    ],
    "w_star": 0.3
  },
  "max_indegree": 4,
  "measure_epochs": 4500,
  "n": 0.4,
  "run_id": "pathA_scan_C5_W100_N4_s56791_56798__full__N4__n0.400__seed56795",
  "seed": 56795,
  "space_state": {
    "S_junc_w": 0.47346308221662325,
    "S_perc": 0.8702928870292888,
    "V_active_size": 239,
    "allow_cocreate_merge": false,
    "clustering": 0.007662835249042145,
    "domain_match": true,
    "enabled": true,
    "hubshare": 0.01282051282051282,
    "max_indegree": 4,
    "p_reuse_policy": "from_n",
    "p_reuse_value_last": 0.4
  },
  "steps_total": 5000,
  "variant": "full"
}