{
  "L": 0.5074666380932679,
  "L_inst": 0.762,
  "N": 4,
  "Q_clock": 1.0149332761865357,
  "S_junc_w": 0.6253615007949263,
  "S_perc": 0.8461538461538461,
  "anomaly_flags": {
    "runaway_hubbing": false,
    "star_collapse": false,
    "tierB_evaluated": false
  },
  "burn_in_epochs": 500,
  "clustering": 0.0021708683473389352,
  "elapsed_seconds": 0.7300927639007568,
  "ell_lock": 112.53608916017623,
  "engine_mode": "v_glue",
  "glue_state": {
    "cadence": {
      "field": "T",
      "mean": 1.0859991154493438,
      "var": 1.7256332301709633e-31
    },
    "domains": {
      "counts": {
        "0": 4
      },
      "entropy": -1.000088900581841e-12
    },
    "phase": {
      "R": 1.0
    }
  },
  "hubshare": 0.012658227848101266,
  "islands": {
    "F_max": 0.25,
    "F_max_by_wstar": {
      "0.10": 0.25,
      "0.20": 0.25,
      "0.30": 0.25
    },
    "bundle_hist": {
      "1": 4
    },
    "bundle_hist_by_wstar": {
      "0.10": {
        "1": 4
      },
      "0.20": {
        "1": 4
      },
      "0.30": {
        "1": 4
      }
    },
    "bundle_sizes": [
      1,
      1,
      1,
      1
    ],
    "w_star": 0.3
  },
  "max_indegree": 4,
  "measure_epochs": 4500,
  "n": 0.4,
  "run_id": "pathA_scan_C5_W100_N4_s56791_56798__full__N4__n0.400__seed56797",
  "seed": 56797,
  "space_state": {
    "S_junc_w": 0.6253615007949263,
    "S_perc": 0.8461538461538461,
    "V_active_size": 234,
    "allow_cocreate_merge": false,
    "clustering": 0.0021708683473389352,
    "domain_match": true,
    "enabled": true,
    "hubshare": 0.012658227848101266,
    "max_indegree": 4,
    "p_reuse_policy": "from_n",
    "p_reuse_value_last": 0.4
  },
  "steps_total": 5000,
  "variant": "full"
}