{
  "L": 0.6262149840859821,
  "L_inst": 0.7557777777777778,
  "N": 4,
  "Q_clock": 1.2524299681719642,
  "S_junc_w": 1.489015420130517,
  "S_perc": 0.9172413793103448,
  "anomaly_flags": {
    "runaway_hubbing": false,
    "star_collapse": false,
    "tierB_evaluated": false
  },
  "burn_in_epochs": 500,
  "clustering": 0.009385113268608414,
  "elapsed_seconds": 0.6087570190429688,
  "ell_lock": 75.84705872451224,
  "engine_mode": "v_glue",
  "glue_state": {
    "cadence": {
      "field": "T",
      "mean": 0.8414698447054035,
      "var": 3.697785493223493e-32
    },
    "domains": {
      "counts": {
        "0": 4
      },
      "entropy": -1.000088900581841e-12
    },
    "phase": {
      "R": 0.9999999999999999
    }
  },
  "hubshare": 0.01937984496124031,
  "islands": {
    "F_max": 0.25,
    "F_max_by_wstar": {
      "0.10": 1.0,
      "0.20": 0.25,
      "0.30": 0.25
    },
    "bundle_hist": {
      "1": 4
    },
    "bundle_hist_by_wstar": {
      "0.10": {
        "4": 1
      },
      "0.20": {
        "1": 4
      },
      "0.30": {
        "1": 4
      }
    },
    "bundle_sizes": [
      1,
      1,
      1,
      1
    ],
    "w_star": 0.3
  },
  "max_indegree": 5,
  "measure_epochs": 4500,
  "n": 0.6,
  "run_id": "pathA_scan_C5_W100_N4_s56791_56798__full__N4__n0.600__seed56798",
  "seed": 56798,
  "space_state": {
    "S_junc_w": 1.489015420130517,
    "S_perc": 0.9172413793103448,
    "V_active_size": 145,
    "allow_cocreate_merge": false,
    "clustering": 0.009385113268608414,
    "domain_match": true,
    "enabled": true,
    "hubshare": 0.01937984496124031,
    "max_indegree": 5,
    "p_reuse_policy": "from_n",
    "p_reuse_value_last": 0.6
  },
  "steps_total": 5000,
  "variant": "full"
}