{
  "L": 0.14926524474847522,
  "L_inst": 0.5175555555555555,
  "N": 4,
  "Q_clock": 0.29853048949695044,
  "S_junc_w": 0.0,
  "S_perc": 0.0,
  "anomaly_flags": {
    "runaway_hubbing": false,
    "star_collapse": false,
    "tierB_evaluated": false
  },
  "burn_in_epochs": 500,
  "clustering": null,
  "elapsed_seconds": 0.35611414909362793,
  "ell_lock": 40.9125384109539,
  "engine_mode": "v_glue",
  "glue_state": {
    "cadence": {
      "field": "T",
      "mean": 1.0072188816824674,
      "var": 1.4791141972893971e-31
    },
    "domains": {
      "counts": {
        "0": 1,
        "1": 1,
        "2": 1,
        "3": 1
      },
      "entropy": 1.3862943611158907
    },
    "phase": {
      "R": 0.9999999999999999
    }
  },
  "hubshare": 0.0,
  "max_indegree": 0,
  "measure_epochs": 4500,
  "n": 0.0,
  "run_id": "vreg_C9_W20_N2N4N6N8_s90123_90138_vglue__full__N4__n0.000__seed90128",
  "seed": 90128,
  "steps_total": 5000,
  "variant": "full"
}