{
  "L": 0.1658709826260051,
  "L_inst": 0.5348888888888889,
  "N": 4,
  "Q_clock": 0.3317419652520102,
  "S_junc_w": 0.0,
  "S_perc": 0.0,
  "anomaly_flags": {
    "runaway_hubbing": false,
    "star_collapse": false,
    "tierB_evaluated": false
  },
  "burn_in_epochs": 500,
  "clustering": null,
  "elapsed_seconds": 0.3089919090270996,
  "ell_lock": 45.18987880616204,
  "engine_mode": "v_glue",
  "glue_state": {
    "cadence": {
      "field": "T",
      "mean": 1.0390716830010889,
      "var": 1.8488927466117464e-31
    },
    "domains": {
      "counts": {
        "1": 1,
        "2": 2,
        "3": 1
      },
      "entropy": 1.039720770836918
    },
    "phase": {
      "R": 1.0
    }
  },
  "hubshare": 0.0,
  "max_indegree": 0,
  "measure_epochs": 4500,
  "n": 0.0,
  "run_id": "vreg_C9_W20_N2N4N6N8_s90123_90138_vglue__full__N4__n0.000__seed90132",
  "seed": 90132,
  "steps_total": 5000,
  "variant": "full"
}