{
  "L": 0.1103867778476633,
  "L_inst": 0.4748888888888889,
  "N": 6,
  "Q_clock": 0.2703912800767366,
  "S_junc_w": 0.0,
  "S_perc": 0.0,
  "anomaly_flags": {
    "runaway_hubbing": false,
    "star_collapse": false,
    "tierB_evaluated": false
  },
  "burn_in_epochs": 500,
  "clustering": null,
  "elapsed_seconds": 0.3471698760986328,
  "ell_lock": 47.66627805502357,
  "engine_mode": "v_glue",
  "glue_state": {
    "cadence": {
      "field": "T",
      "mean": 0.9664549217180567,
      "var": 7.395570986446986e-32
    },
    "domains": {
      "counts": {
        "0": 2,
        "1": 1,
        "2": 1,
        "3": 2
      },
      "entropy": 1.3296613488507583
    },
    "phase": {
      "R": 1.0
    }
  },
  "hubshare": 0.0,
  "max_indegree": 0,
  "measure_epochs": 4500,
  "n": 0.0,
  "run_id": "vreg_C9_W20_N2N4N6N8_s90123_90138_vglue__full__N6__n0.000__seed90132",
  "seed": 90132,
  "steps_total": 5000,
  "variant": "full"
}