{
  "L": 0.14108544834261333,
  "L_inst": 0.522,
  "N": 4,
  "Q_clock": 0.28217089668522666,
  "S_junc_w": 0.0,
  "S_perc": 0.0,
  "anomaly_flags": {
    "runaway_hubbing": false,
    "star_collapse": false,
    "tierB_evaluated": false
  },
  "burn_in_epochs": 500,
  "clustering": null,
  "elapsed_seconds": 0.31044793128967285,
  "ell_lock": 46.414544483932175,
  "engine_mode": "v_glue",
  "glue_state": {
    "cadence": {
      "field": "T",
      "mean": 0.8815018991819392,
      "var": 9.55261252416069e-32
    },
    "domains": {
      "counts": {
        "0": 1,
        "1": 1,
        "2": 2
      },
      "entropy": 1.039720770836918
    },
    "phase": {
      "R": 1.0
    }
  },
  "hubshare": 0.0,
  "max_indegree": 0,
  "measure_epochs": 4500,
  "n": 0.0,
  "run_id": "vreg_C9_W20_N2N4N6N8_s90123_90138_vglue__full__N4__n0.000__seed90130",
  "seed": 90130,
  "steps_total": 5000,
  "variant": "full"
}