{
  "L": 0.13310291636762417,
  "L_inst": 0.6022222222222222,
  "N": 2,
  "Q_clock": 0.18823594951850592,
  "S_junc_w": 0.0,
  "S_perc": 0.0,
  "anomaly_flags": {
    "runaway_hubbing": false,
    "star_collapse": false,
    "tierB_evaluated": false
  },
  "burn_in_epochs": 500,
  "clustering": null,
  "elapsed_seconds": 0.2705719470977783,
  "ell_lock": 39.62017973222352,
  "engine_mode": "v_glue",
  "glue_state": {
    "cadence": {
      "field": "T",
      "mean": 0.9228977516557615,
      "var": 1.1093356479670479e-31
    },
    "domains": {
      "counts": {
        "1": 1,
        "2": 1
      },
      "entropy": 0.6931471805579453
    },
    "phase": {
      "R": 1.0
    }
  },
  "hubshare": 0.0,
  "max_indegree": 0,
  "measure_epochs": 4500,
  "n": 0.0,
  "run_id": "vreg_C9_W20_N2N4N6N8_s90123_90138_vglue__full__N2__n0.000__seed90127",
  "seed": 90127,
  "steps_total": 5000,
  "variant": "full"
}