{
  "L": 0.09195893401408245,
  "L_inst": 0.5006666666666667,
  "N": 8,
  "Q_clock": 0.26009914332817585,
  "S_junc_w": 0.0,
  "S_perc": 0.0,
  "anomaly_flags": {
    "runaway_hubbing": false,
    "star_collapse": false,
    "tierB_evaluated": false
  },
  "burn_in_epochs": 500,
  "clustering": null,
  "elapsed_seconds": 0.29848217964172363,
  "ell_lock": 59.60215510414095,
  "engine_mode": "v_glue",
  "glue_state": {
    "cadence": {
      "field": "T",
      "mean": 1.0324590111254959,
      "var": 4.437342591868191e-31
    },
    "domains": {
      "counts": {
        "0": 2,
        "1": 2,
        "3": 4
      },
      "entropy": 1.039720770836918
    },
    "phase": {
      "R": 1.0
    }
  },
  "hubshare": 0.0,
  "max_indegree": 0,
  "measure_epochs": 4500,
  "n": 0.0,
  "run_id": "vreg_C9_W20_N2N4N6N8_s90123_90138_vglue__full__N8__n0.000__seed90133",
  "seed": 90133,
  "steps_total": 5000,
  "variant": "full"
}