{
  "L": 0.16779335273195392,
  "L_inst": 0.525,
  "N": 4,
  "Q_clock": 0.33558670546390784,
  "S_junc_w": 0.0,
  "S_perc": 0.0,
  "anomaly_flags": {
    "runaway_hubbing": false,
    "star_collapse": false,
    "tierB_evaluated": false
  },
  "burn_in_epochs": 500,
  "clustering": null,
  "elapsed_seconds": 0.30948805809020996,
  "ell_lock": 52.31720980481637,
  "engine_mode": "v_glue",
  "glue_state": {
    "cadence": {
      "field": "T",
      "mean": 1.028469022587486,
      "var": 4.437342591868191e-31
    },
    "domains": {
      "counts": {
        "0": 1,
        "1": 1,
        "2": 2
      },
      "entropy": 1.039720770836918
    },
    "phase": {
      "R": 1.0
    }
  },
  "hubshare": 0.0,
  "max_indegree": 0,
  "measure_epochs": 4500,
  "n": 0.0,
  "run_id": "vreg_C9_W20_N2N4N6N8_s90123_90138_vglue__full__N4__n0.000__seed90134",
  "seed": 90134,
  "steps_total": 5000,
  "variant": "full"
}