{
  "L": 0.22330157423416533,
  "L_inst": 0.634,
  "N": 2,
  "Q_clock": 0.3157961147812191,
  "S_junc_w": 0.0,
  "S_perc": 0.0,
  "anomaly_flags": {
    "runaway_hubbing": false,
    "star_collapse": false,
    "tierB_evaluated": false
  },
  "burn_in_epochs": 500,
  "clustering": null,
  "elapsed_seconds": 0.22173786163330078,
  "ell_lock": 41.42113881236013,
  "engine_mode": "v_glue",
  "glue_state": {
    "cadence": {
      "field": "T",
      "mean": 0.8614250964127108,
      "var": 1.1093356479670479e-31
    },
    "domains": {
      "counts": {
        "1": 2
      },
      "entropy": -1.000088900581841e-12
    },
    "phase": {
      "R": 1.0
    }
  },
  "hubshare": 0.0,
  "max_indegree": 0,
  "measure_epochs": 4500,
  "n": 0.0,
  "run_id": "vreg_C9_W20_N2N4N6N8_s90123_90138_vglue__full__N2__n0.000__seed90123",
  "seed": 90123,
  "steps_total": 5000,
  "variant": "full"
}