{
  "L": 0.10672040208919414,
  "L_inst": 0.4787222222222222,
  "N": 8,
  "Q_clock": 0.30185088003289673,
  "S_junc_w": 0.0,
  "S_perc": 0.0,
  "anomaly_flags": {
    "runaway_hubbing": false,
    "star_collapse": false,
    "tierB_evaluated": false
  },
  "burn_in_epochs": 500,
  "clustering": null,
  "elapsed_seconds": 0.347930908203125,
  "ell_lock": 47.53327329332957,
  "engine_mode": "v_glue",
  "glue_state": {
    "cadence": {
      "field": "T",
      "mean": 1.0216791115873858,
      "var": 4.129193800766234e-31
    },
    "domains": {
      "counts": {
        "0": 1,
        "1": 4,
        "2": 1,
        "3": 2
      },
      "entropy": 1.2130075659759043
    },
    "phase": {
      "R": 1.0
    }
  },
  "hubshare": 0.0,
  "max_indegree": 0,
  "measure_epochs": 4500,
  "n": 0.0,
  "run_id": "vreg_C9_W20_N2N4N6N8_s90123_90138_vglue__full__N8__n0.000__seed90136",
  "seed": 90136,
  "steps_total": 5000,
  "variant": "full"
}