{
  "L": 0.22392567183722417,
  "L_inst": 0.6122222222222222,
  "N": 2,
  "Q_clock": 0.31667872207570946,
  "S_junc_w": 0.0,
  "S_perc": 0.0,
  "anomaly_flags": {
    "runaway_hubbing": false,
    "star_collapse": false,
    "tierB_evaluated": false
  },
  "burn_in_epochs": 500,
  "clustering": null,
  "elapsed_seconds": 0.27286386489868164,
  "ell_lock": 40.127463659074905,
  "engine_mode": "v_glue",
  "glue_state": {
    "cadence": {
      "field": "T",
      "mean": 1.0382383497023475,
      "var": 4.437342591868191e-31
    },
    "domains": {
      "counts": {
        "0": 1,
        "2": 1
      },
      "entropy": 0.6931471805579453
    },
    "phase": {
      "R": 1.0
    }
  },
  "hubshare": 0.0,
  "max_indegree": 0,
  "measure_epochs": 4500,
  "n": 0.0,
  "run_id": "vreg_C9_W20_N2N4N6N8_s90123_90138_vglue__full__N2__n0.000__seed90134",
  "seed": 90134,
  "steps_total": 5000,
  "variant": "full"
}