{
  "L": 0.1932473961019553,
  "L_inst": 0.5164444444444445,
  "N": 4,
  "Q_clock": 0.3864947922039106,
  "S_junc_w": 0.0,
  "S_perc": 0.0,
  "anomaly_flags": {
    "runaway_hubbing": false,
    "star_collapse": false,
    "tierB_evaluated": false
  },
  "burn_in_epochs": 500,
  "clustering": null,
  "elapsed_seconds": 0.3121159076690674,
  "ell_lock": 45.766156255646166,
  "engine_mode": "v_glue",
  "glue_state": {
    "cadence": {
      "field": "T",
      "mean": 0.9620816307231859,
      "var": 9.55261252416069e-32
    },
    "domains": {
      "counts": {
        "0": 1,
        "1": 2,
        "3": 1
      },
      "entropy": 1.039720770836918
    },
    "phase": {
      "R": 1.0
    }
  },
  "hubshare": 0.0,
  "max_indegree": 0,
  "measure_epochs": 4500,
  "n": 0.0,
  "run_id": "vreg_C9_W20_N2N4N6N8_s90123_90138_vglue__full__N4__n0.000__seed90127",
  "seed": 90127,
  "steps_total": 5000,
  "variant": "full"
}