{
  "L": 0.06292908210035501,
  "L_inst": 0.49733333333333335,
  "N": 6,
  "Q_clock": 0.1541441411275801,
  "S_junc_w": 0.0,
  "S_perc": 0.0,
  "anomaly_flags": {
    "runaway_hubbing": false,
    "star_collapse": false,
    "tierB_evaluated": false
  },
  "burn_in_epochs": 500,
  "clustering": null,
  "elapsed_seconds": 0.31052589416503906,
  "ell_lock": 59.252696006525724,
  "engine_mode": "v_glue",
  "glue_state": {
    "cadence": {
      "field": "T",
      "mean": 0.8077195712439668,
      "var": 4.5195156028287133e-32
    },
    "domains": {
      "counts": {
        "1": 3,
        "2": 1,
        "3": 2
      },
      "entropy": 1.0114042647043517
    },
    "phase": {
      "R": 0.9999999999999999
    }
  },
  "hubshare": 0.0,
  "max_indegree": 0,
  "measure_epochs": 4500,
  "n": 0.0,
  "run_id": "vreg_C9_W20_N2N4N6N8_s90123_90138_vglue__full__N6__n0.000__seed90138",
  "seed": 90138,
  "steps_total": 5000,
  "variant": "full"
}