{
  "L": 0.15408221877241826,
  "L_inst": 0.5454444444444444,
  "N": 4,
  "Q_clock": 0.3081644375448365,
  "S_junc_w": 0.0,
  "S_perc": 0.0,
  "anomaly_flags": {
    "runaway_hubbing": false,
    "star_collapse": false,
    "tierB_evaluated": false
  },
  "burn_in_epochs": 500,
  "clustering": null,
  "elapsed_seconds": 0.3063688278198242,
  "ell_lock": 44.51367741681716,
  "engine_mode": "v_glue",
  "glue_state": {
    "cadence": {
      "field": "T",
      "mean": 1.098611675983731,
      "var": 3.2047474274603605e-31
    },
    "domains": {
      "counts": {
        "0": 1,
        "1": 2,
        "2": 1
      },
      "entropy": 1.039720770836918
    },
    "phase": {
      "R": 1.0
    }
  },
  "hubshare": 0.0,
  "max_indegree": 0,
  "measure_epochs": 4500,
  "n": 0.0,
  "run_id": "vreg_C9_W20_N2N4N6N8_s90123_90138_vglue__full__N4__n0.000__seed90124",
  "seed": 90124,
  "steps_total": 5000,
  "variant": "full"
}