{
  "L": 0.13640498469676635,
  "L_inst": 0.506962962962963,
  "N": 6,
  "Q_clock": 0.3341226108792255,
  "S_junc_w": 0.0,
  "S_perc": 0.0,
  "anomaly_flags": {
    "runaway_hubbing": false,
    "star_collapse": false,
    "tierB_evaluated": false
  },
  "burn_in_epochs": 500,
  "clustering": null,
  "elapsed_seconds": 0.36106204986572266,
  "ell_lock": 46.97191785486862,
  "engine_mode": "v_glue",
  "glue_state": {
    "cadence": {
      "field": "T",
      "mean": 1.0319847303837777,
      "var": 1.3969411863288751e-31
    },
    "domains": {
      "counts": {
        "0": 3,
        "1": 1,
        "2": 1,
        "3": 1
      },
      "entropy": 1.2424533248900003
    },
    "phase": {
      "R": 0.9999999999999999
    }
  },
  "hubshare": 0.0,
  "max_indegree": 0,
  "measure_epochs": 4500,
  "n": 0.0,
  "run_id": "vreg_C9_W20_N2N4N6N8_s90123_90138_vglue__full__N6__n0.000__seed90134",
  "seed": 90134,
  "steps_total": 5000,
  "variant": "full"
}