{
  "L": 0.08619064719232941,
  "L_inst": 0.498,
  "N": 8,
  "Q_clock": 0.24378396441821357,
  "S_junc_w": 0.0,
  "S_perc": 0.0,
  "anomaly_flags": {
    "runaway_hubbing": false,
    "star_collapse": false,
    "tierB_evaluated": false
  },
  "burn_in_epochs": 500,
  "clustering": null,
  "elapsed_seconds": 0.35813212394714355,
  "ell_lock": 57.056405587289824,
  "engine_mode": "v_glue",
  "glue_state": {
    "cadence": {
      "field": "T",
      "mean": 1.0319785530885293,
      "var": 2.9582283945787943e-31
    },
    "domains": {
      "counts": {
        "0": 3,
        "1": 1,
        "2": 1,
        "3": 3
      },
      "entropy": 1.2554823251747536
    },
    "phase": {
      "R": 1.0
    }
  },
  "hubshare": 0.0,
  "max_indegree": 0,
  "measure_epochs": 4500,
  "n": 0.0,
  "run_id": "vreg_C9_W20_N2N4N6N8_s90123_90138_vglue__full__N8__n0.000__seed90123",
  "seed": 90123,
  "steps_total": 5000,
  "variant": "full"
}