{
  "L": 0.162022856575562,
  "L_inst": 0.5086666666666667,
  "N": 6,
  "Q_clock": 0.39687332527826913,
  "S_junc_w": 0.0,
  "S_perc": 0.0,
  "anomaly_flags": {
    "runaway_hubbing": false,
    "star_collapse": false,
    "tierB_evaluated": false
  },
  "burn_in_epochs": 500,
  "clustering": null,
  "elapsed_seconds": 0.3626093864440918,
  "ell_lock": 45.247163687654464,
  "engine_mode": "v_glue",
  "glue_state": {
    "cadence": {
      "field": "T",
      "mean": 0.9833848535457034,
      "var": 9.039031205657427e-32
    },
    "domains": {
      "counts": {
        "0": 1,
        "1": 1,
        "2": 1,
        "3": 3
      },
      "entropy": 1.24245332489
    },
    "phase": {
      "R": 1.0
    }
  },
  "hubshare": 0.0,
  "max_indegree": 0,
  "measure_epochs": 4500,
  "n": 0.0,
  "run_id": "vreg_C9_W20_N2N4N6N8_s90123_90138_vglue__full__N6__n0.000__seed90136",
  "seed": 90136,
  "steps_total": 5000,
  "variant": "full"
}