{
  "L": 0.11945421432847972,
  "L_inst": 0.4612592592592592,
  "N": 6,
  "Q_clock": 0.2926018727298344,
  "S_junc_w": 0.0,
  "S_perc": 0.0,
  "anomaly_flags": {
    "runaway_hubbing": false,
    "star_collapse": false,
    "tierB_evaluated": false
  },
  "burn_in_epochs": 500,
  "clustering": null,
  "elapsed_seconds": 0.3461301326751709,
  "ell_lock": 43.18564333045956,
  "engine_mode": "v_glue",
  "glue_state": {
    "cadence": {
      "field": "T",
      "mean": 0.987590868827533,
      "var": 9.039031205657427e-32
    },
    "domains": {
      "counts": {
        "0": 2,
        "1": 1,
        "2": 2,
        "3": 1
      },
      "entropy": 1.3296613488507583
    },
    "phase": {
      "R": 1.0
    }
  },
  "hubshare": 0.0,
  "max_indegree": 0,
  "measure_epochs": 4500,
  "n": 0.0,
  "run_id": "vreg_C9_W20_N2N4N6N8_s90123_90138_vglue__full__N6__n0.000__seed90123",
  "seed": 90123,
  "steps_total": 5000,
  "variant": "full"
}