{
  "L": 0.09447241752774409,
  "L_inst": 0.5273888888888889,
  "N": 8,
  "Q_clock": 0.2672083482758188,
  "S_junc_w": 0.0,
  "S_perc": 0.0,
  "anomaly_flags": {
    "runaway_hubbing": false,
    "star_collapse": false,
    "tierB_evaluated": false
  },
  "burn_in_epochs": 500,
  "clustering": null,
  "elapsed_seconds": 0.2704482078552246,
  "ell_lock": 56.87071754928319,
  "engine_mode": "v_glue",
  "glue_state": {
    "cadence": {
      "field": "T",
      "mean": 1.0535163857299905,
      "var": 2.8965986363584027e-31
    },
    "domains": {
      "counts": {
        "0": 4,
        "3": 4
      },
      "entropy": 0.6931471805579453
    },
    "phase": {
      "R": 1.0
    }
  },
  "hubshare": 0.0,
  "max_indegree": 0,
  "measure_epochs": 4500,
  "n": 0.0,
  "run_id": "vreg_C9_W20_N2N4N6N8_s90123_90138_vglue__full__N8__n0.000__seed90128",
  "seed": 90128,
  "steps_total": 5000,
  "variant": "full"
}