{
  "L": 0.14093419394989123,
  "L_inst": 0.4683333333333333,
  "N": 8,
  "Q_clock": 0.39862209697211276,
  "S_junc_w": 0.0,
  "S_perc": 0.0,
  "anomaly_flags": {
    "runaway_hubbing": false,
    "star_collapse": false,
    "tierB_evaluated": false
  },
  "burn_in_epochs": 500,
  "clustering": null,
  "elapsed_seconds": 0.343670129776001,
  "ell_lock": 48.080590101549674,
  "engine_mode": "v_glue",
  "glue_state": {
    "cadence": {
      "field": "T",
      "mean": 1.0420047941782598,
      "var": 2.8965986363584027e-31
    },
    "domains": {
      "counts": {
        "0": 2,
        "1": 3,
        "2": 2,
        "3": 1
      },
      "entropy": 1.320888343145322
    },
    "phase": {
      "R": 1.0
    }
  },
  "hubshare": 0.0,
  "max_indegree": 0,
  "measure_epochs": 4500,
  "n": 0.0,
  "run_id": "vreg_C9_W20_N2N4N6N8_s90123_90138_vglue__full__N8__n0.000__seed90137",
  "seed": 90137,
  "steps_total": 5000,
  "variant": "full"
}