{
  "L": 0.4642974427626009,
  "L_inst": 0.7758888888888889,
  "N": 4,
  "Q_clock": 0.9285948855252018,
  "S_junc_w": 0.1479886998330681,
  "S_perc": 0.9235474006116208,
  "anomaly_flags": {
    "runaway_hubbing": false,
    "star_collapse": false,
    "tierB_evaluated": false
  },
  "burn_in_epochs": 500,
  "clustering": 0.0,
  "elapsed_seconds": 0.8278698921203613,
  "ell_lock": 126.46538639796849,
  "engine_mode": "v_glue",
  "glue_state": {
    "cadence": {
      "field": "T",
      "mean": 1.0859991154493438,
      "var": 1.7256332301709633e-31
    },
    "domains": {
      "counts": {
        "0": 4
      },
      "entropy": -1.000088900581841e-12
    },
    "phase": {
      "R": 1.0
    }
  },
  "hubshare": 0.008130081300813009,
  "islands": {
    "F_max": 0.25,
    "bundle_hist": {
      "1": 4
    },
    "bundle_sizes": [
      1,
      1,
      1,
      1
    ],
    "w_star": 0.3
  },
  "max_indegree": 3,
  "measure_epochs": 4500,
  "n": 0.0,
  "run_id": "pathA_C5_W100_N4_p0p20_s56791_56798__full__N4__n0.000__seed56797",
  "seed": 56797,
  "space_state": {
    "S_junc_w": 0.1479886998330681,
    "S_perc": 0.9235474006116208,
    "V_active_size": 327,
    "allow_cocreate_merge": false,
    "clustering": 0.0,
    "domain_match": true,
    "enabled": true,
    "hubshare": 0.008130081300813009,
    "max_indegree": 3,
    "p_reuse_policy": "fixed",
    "p_reuse_value_last": 0.2
  },
  "steps_total": 5000,
  "variant": "full"
}