{
  "L": 0.555909965101899,
  "L_inst": 0.7725555555555556,
  "N": 4,
  "Q_clock": 1.111819930203798,
  "S_junc_w": 0.1618269052838329,
  "S_perc": 0.703125,
  "anomaly_flags": {
    "runaway_hubbing": false,
    "star_collapse": false,
    "tierB_evaluated": false
  },
  "burn_in_epochs": 500,
  "clustering": 0.0,
  "elapsed_seconds": 0.8234138488769531,
  "ell_lock": 108.8706764331348,
  "engine_mode": "v_glue",
  "glue_state": {
    "cadence": {
      "field": "T",
      "mean": 0.8414698447054035,
      "var": 3.697785493223493e-32
    },
    "domains": {
      "counts": {
        "0": 4
      },
      "entropy": -1.000088900581841e-12
    },
    "phase": {
      "R": 0.9999999999999999
    }
  },
  "hubshare": 0.008356545961002786,
  "islands": {
    "F_max": 0.25,
    "bundle_hist": {
      "1": 4
    },
    "bundle_sizes": [
      1,
      1,
      1,
      1
    ],
    "w_star": 0.3
  },
  "max_indegree": 3,
  "measure_epochs": 4500,
  "n": 0.0,
  "run_id": "pathA_C5_W100_N4_p0p20_s56791_56798__full__N4__n0.000__seed56798",
  "seed": 56798,
  "space_state": {
    "S_junc_w": 0.1618269052838329,
    "S_perc": 0.703125,
    "V_active_size": 320,
    "allow_cocreate_merge": false,
    "clustering": 0.0,
    "domain_match": true,
    "enabled": true,
    "hubshare": 0.008356545961002786,
    "max_indegree": 3,
    "p_reuse_policy": "fixed",
    "p_reuse_value_last": 0.2
  },
  "steps_total": 5000,
  "variant": "full"
}