{
  "L": 0.46175027355008985,
  "L_inst": 0.7581666666666667,
  "N": 8,
  "Q_clock": 1.3060269985680475,
  "S_junc_w": 0.2034093442067292,
  "S_perc": 0.8801261829652997,
  "anomaly_flags": {
    "runaway_hubbing": false,
    "star_collapse": false,
    "tierB_evaluated": false
  },
  "burn_in_epochs": 500,
  "clustering": 0.0,
  "elapsed_seconds": 1.6067562103271484,
  "ell_lock": 152.0198916930768,
  "engine_mode": "v_glue",
  "geometry": {
    "P0_downsample": [
      [
        0,
        1.0
      ],
      [
        1,
        0.0
      ],
      [
        2,
        0.44
      ],
      [
        3,
        0.0
      ],
      [
        4,
        0.27
      ],
      [
        5,
        0.0
      ],
      [
        6,
        0.3
      ],
      [
        7,
        0.0
      ],
      [
        8,
        0.22
      ],
      [
        9,
        0.0
      ],
      [
        10,
        0.17
      ],
      [
        11,
        0.0
      ],
      [
        12,
        0.145
      ],
      [
        13,
        0.005
      ],
      [
        14,
        0.135
      ],
      [
        15,
        0.0
      ],
      [
        16,
        0.145
      ],
      [
        17,
        0.0
      ],
      [
        18,
        0.125
      ],
      [
        19,
        0.0
      ],
      [
        20,
        0.11
      ],
      [
        21,
        0.0
      ],
      [
        22,
        0.095
      ],
      [
        23,
        0.0
      ],
      [
        24,
        0.075
      ],
      [
        25,
        0.0
      ],
      [
        26,
        0.09
      ],
      [
        27,
        0.0
      ],
      [
        28,
        0.1
      ],
      [
        29,
        0.0
      ],
      [
        30,
        0.09
      ],
      [
        31,
        0.0
      ],
      [
        32,
        0.1
      ],
      [
        33,
        0.0
      ],
      [
        34,
        0.08
      ],
      [
        35,
        0.0
      ],
      [
        36,
        0.07
      ],
      [
        37,
        0.0
      ],
      [
        38,
        0.095
      ],
      [
        39,
        0.0
      ],
      [
        40,
        0.14
      ],
      [
        41,
        0.0
      ],
      [
        42,
        0.105
      ],
      [
        43,
        0.0
      ],
      [
        44,
        0.07
      ],
      [
        45,
        0.0
      ],
      [
        46,
        0.075
      ],
      [
        47,
        0.0
      ],
      [
        48,
        0.095
      ],
      [
        49,
        0.0
      ],
      [
        50,
        0.07
      ],
      [
        51,
        0.0
      ],
      [
        52,
        0.06
      ],
      [
        53,
        0.0
      ],
      [
        54,
        0.085
      ],
      [
        55,
        0.0
      ],
      [
        56,
        0.065
      ],
      [
        57,
        0.0
      ],
      [
        58,
        0.065
      ],
      [
        59,
        0.0
      ],
      [
        60,
        0.055
      ]
    ],
    "ball_growth": {
      "comp_size": 558,
      "mean_ball": [
        1.0,
        3.3,
        6.1,
        9.6,
        13.55,
        17.625,
        22.525,
        27.3,
        32.75,
        39.0,
        46.325,
        53.675,
        61.55,
        70.2,
        79.1,
        88.55,
        98.325,
        109.1,
        120.4,
        132.925,
        146.45,
        161.65,
        178.025,
        196.45,
        216.175,
        238.2,
        262.575,
        290.875,
        324.925,
        365.225,
        412.35
      ],
      "r_max": 30,
      "samples": 40
    },
    "comp_size": 558,
    "ds_est": 0.7407559826558819,
    "ds_valid": false,
    "enabled": true,
    "fit_t_max": 60,
    "fit_t_min": 20,
    "notes": "fit_invalid",
    "plateau_est": 0.038571428571428576,
    "r2": 0.2903661471632959,
    "slope": -0.37037799132794097
  },
  "glue_state": {
    "cadence": {
      "field": "T",
      "mean": 1.0755140773955452,
      "var": 4.437342591868191e-31
    },
    "domains": {
      "counts": {
        "0": 8
      },
      "entropy": -1.000088900581841e-12
    },
    "phase": {
      "R": 1.0
    }
  },
  "hubshare": 0.005509641873278237,
  "islands": {
    "F_max": 0.125,
    "F_max_by_wstar": {
      "0.10": 0.125,
      "0.20": 0.125,
      "0.30": 0.125
    },
    "bundle_hist": {
      "1": 8
    },
    "bundle_hist_by_wstar": {
      "0.10": {
        "1": 8
      },
      "0.20": {
        "1": 8
      },
      "0.30": {
        "1": 8
      }
    },
    "bundle_sizes": [
      1,
      1,
      1,
      1,
      1,
      1,
      1,
      1
    ],
    "w_star": 0.3
  },
  "max_indegree": 4,
  "measure_epochs": 4500,
  "n": 0.2,
  "run_id": "ball_growth_diag_C5_W100_N8_n0p2_seed56796__full__N8__n0.200__seed56796",
  "seed": 56796,
  "space_state": {
    "S_junc_w": 0.2034093442067292,
    "S_perc": 0.8801261829652997,
    "V_active_size": 634,
    "allow_cocreate_merge": false,
    "clustering": 0.0,
    "domain_match": true,
    "enabled": true,
    "hubshare": 0.005509641873278237,
    "max_indegree": 4,
    "p_reuse_policy": "from_n",
    "p_reuse_value_last": 0.2
  },
  "steps_total": 5000,
  "variant": "full"
}