{
  "L": 0.14232152079007948,
  "L_inst": 0.634,
  "N": 2,
  "Q_clock": 0.20127302491889482,
  "S_junc_w": 0.0,
  "S_perc": 0.0,
  "anomaly_flags": {
    "runaway_hubbing": false,
    "star_collapse": false,
    "tierB_evaluated": false
  },
  "burn_in_epochs": 500,
  "clustering": null,
  "elapsed_seconds": 0.13486576080322266,
  "ell_lock": 42.600659787956836,
  "engine_mode": "v_glue",
  "glue_state": {
    "cadence": {
      "field": "T",
      "mean": 0.9061135861547585,
      "var": 1.1093356479670479e-31
    },
    "domains": {
      "counts": {
        "0": 2
      },
      "entropy": -1.000088900581841e-12
    },
    "phase": {
      "R": 1.0
    }
  },
  "hubshare": 0.0,
  "max_indegree": 0,
  "measure_epochs": 4500,
  "n": 0.0,
  "run_id": "vreg_C5_W20_N1N2N4N8_seeds56791_56806_vglue__full__N2__n0.000__seed56798",
  "seed": 56798,
  "steps_total": 5000,
  "variant": "full"
}