{
  "L": 0.17693155455012696,
  "L_inst": 0.5217777777777778,
  "N": 4,
  "Q_clock": 0.3538631091002539,
  "S_junc_w": 0.0,
  "S_perc": 0.0,
  "anomaly_flags": {
    "runaway_hubbing": false,
    "star_collapse": false,
    "tierB_evaluated": false
  },
  "burn_in_epochs": 500,
  "clustering": null,
  "elapsed_seconds": 0.136976957321167,
  "ell_lock": 45.48413380420646,
  "engine_mode": "v_glue",
  "glue_state": {
    "cadence": {
      "field": "T",
      "mean": 1.0049108255365113,
      "var": 1.355854680848614e-31
    },
    "domains": {
      "counts": {
        "0": 4
      },
      "entropy": -1.000088900581841e-12
    },
    "phase": {
      "R": 1.0
    }
  },
  "hubshare": 0.0,
  "max_indegree": 0,
  "measure_epochs": 4500,
  "n": 0.0,
  "run_id": "vreg_C5_W20_N1N2N4N8_seeds56791_56806_vglue__full__N4__n0.000__seed56805",
  "seed": 56805,
  "steps_total": 5000,
  "variant": "full"
}