{
  "L": 0.09931941533832339,
  "L_inst": 0.4562777777777778,
  "N": 8,
  "Q_clock": 0.2809177283568467,
  "S_junc_w": 0.0,
  "S_perc": 0.0,
  "anomaly_flags": {
    "runaway_hubbing": false,
    "star_collapse": false,
    "tierB_evaluated": false
  },
  "burn_in_epochs": 500,
  "clustering": null,
  "elapsed_seconds": 0.1387619972229004,
  "ell_lock": 48.32207647777966,
  "engine_mode": "v_glue",
  "glue_state": {
    "cadence": {
      "field": "T",
      "mean": 1.0755140773955452,
      "var": 4.437342591868191e-31
    },
    "domains": {
      "counts": {
        "0": 8
      },
      "entropy": -1.000088900581841e-12
    },
    "phase": {
      "R": 1.0
    }
  },
  "hubshare": 0.0,
  "max_indegree": 0,
  "measure_epochs": 4500,
  "n": 0.0,
  "run_id": "vreg_C5_W20_N1N2N4N8_seeds56791_56806_vglue__full__N8__n0.000__seed56796",
  "seed": 56796,
  "steps_total": 5000,
  "variant": "full"
}