{
  "L": 0.27746036333309315,
  "L_inst": 0.6448888888888888,
  "N": 2,
  "Q_clock": 0.392388208846627,
  "S_junc_w": 0.0,
  "S_perc": 0.0,
  "anomaly_flags": {
    "runaway_hubbing": false,
    "star_collapse": false,
    "tierB_evaluated": false
  },
  "burn_in_epochs": 500,
  "clustering": null,
  "elapsed_seconds": 0.13593816757202148,
  "ell_lock": 44.29153660993585,
  "engine_mode": "v_glue",
  "glue_state": {
    "cadence": {
      "field": "T",
      "mean": 1.1439442129626975,
      "var": 4.437342591868191e-31
    },
    "domains": {
      "counts": {
        "0": 2
      },
      "entropy": -1.000088900581841e-12
    },
    "phase": {
      "R": 1.0
    }
  },
  "hubshare": 0.0,
  "max_indegree": 0,
  "measure_epochs": 4500,
  "n": 0.0,
  "run_id": "vreg_C5_W20_N1N2N4N8_seeds56791_56806_vglue__full__N2__n0.000__seed56791",
  "seed": 56791,
  "steps_total": 5000,
  "variant": "full"
}