{
  "L": 0.14948152062475992,
  "L_inst": 0.5283333333333333,
  "N": 4,
  "Q_clock": 0.29896304124951983,
  "S_junc_w": 0.0,
  "S_perc": 0.0,
  "anomaly_flags": {
    "runaway_hubbing": false,
    "star_collapse": false,
    "tierB_evaluated": false
  },
  "burn_in_epochs": 500,
  "clustering": null,
  "elapsed_seconds": 0.13765692710876465,
  "ell_lock": 43.48753182207127,
  "engine_mode": "v_glue",
  "glue_state": {
    "cadence": {
      "field": "T",
      "mean": 1.0542606055452342,
      "var": 4.437342591868191e-31
    },
    "domains": {
      "counts": {
        "0": 4
      },
      "entropy": -1.000088900581841e-12
    },
    "phase": {
      "R": 1.0
    }
  },
  "hubshare": 0.0,
  "max_indegree": 0,
  "measure_epochs": 4500,
  "n": 0.0,
  "run_id": "vreg_C5_W20_N1N2N4N8_seeds56791_56806_vglue__full__N4__n0.000__seed56801",
  "seed": 56801,
  "steps_total": 5000,
  "variant": "full"
}