{
  "L": 0.15969707949757864,
  "L_inst": 0.6206666666666667,
  "N": 2,
  "Q_clock": 0.22584577569685008,
  "S_junc_w": 0.0,
  "S_perc": 0.0,
  "anomaly_flags": {
    "runaway_hubbing": false,
    "star_collapse": false,
    "tierB_evaluated": false
  },
  "burn_in_epochs": 500,
  "clustering": null,
  "elapsed_seconds": 0.13411307334899902,
  "ell_lock": 41.2859148515829,
  "engine_mode": "v_glue",
  "glue_state": {
    "cadence": {
      "field": "T",
      "mean": 0.9376705999602547,
      "var": 1.1093356479670479e-31
    },
    "domains": {
      "counts": {
        "0": 2
      },
      "entropy": -1.000088900581841e-12
    },
    "phase": {
      "R": 1.0000000000000002
    }
  },
  "hubshare": 0.0,
  "max_indegree": 0,
  "measure_epochs": 4500,
  "n": 0.0,
  "run_id": "vreg_C5_W20_N1N2N4N8_seeds56791_56806_vglue__full__N2__n0.000__seed56802",
  "seed": 56802,
  "steps_total": 5000,
  "variant": "full"
}