{
  "L": 0.14578774065062522,
  "L_inst": 0.5432222222222223,
  "N": 4,
  "Q_clock": 0.29157548130125044,
  "S_junc_w": 0.0,
  "S_perc": 0.0,
  "anomaly_flags": {
    "runaway_hubbing": false,
    "star_collapse": false,
    "tierB_evaluated": false
  },
  "burn_in_epochs": 500,
  "clustering": null,
  "elapsed_seconds": 0.1375741958618164,
  "ell_lock": 43.67277927100152,
  "engine_mode": "v_glue",
  "glue_state": {
    "cadence": {
      "field": "T",
      "mean": 0.8414698447054035,
      "var": 3.697785493223493e-32
    },
    "domains": {
      "counts": {
        "0": 4
      },
      "entropy": -1.000088900581841e-12
    },
    "phase": {
      "R": 0.9999999999999999
    }
  },
  "hubshare": 0.0,
  "max_indegree": 0,
  "measure_epochs": 4500,
  "n": 0.0,
  "run_id": "vreg_C5_W20_N1N2N4N8_seeds56791_56806_vglue__full__N4__n0.000__seed56798",
  "seed": 56798,
  "steps_total": 5000,
  "variant": "full"
}