{
  "L": 0.5124503612305943,
  "L_inst": 0.7493333333333333,
  "N": 4,
  "Q_clock": 1.0249007224611886,
  "S_junc_w": 4.67934283407382,
  "S_perc": 1.0,
  "anomaly_flags": {
    "runaway_hubbing": false,
    "star_collapse": false,
    "tierB_evaluated": false
  },
  "burn_in_epochs": 500,
  "clustering": 0.03030888030888031,
  "elapsed_seconds": 0.4482738971710205,
  "ell_lock": 111.46947384423845,
  "engine_mode": "v_glue",
  "glue_state": {
    "cadence": {
      "field": "T",
      "mean": 1.042590711885658,
      "var": 3.821045009664276e-31
    },
    "domains": {
      "counts": {
        "0": 4
      },
      "entropy": -1.000088900581841e-12
    },
    "phase": {
      "R": 1.0
    }
  },
  "hubshare": 0.0379746835443038,
  "islands": {
    "F_max": 1.0,
    "bundle_hist": {
      "4": 1
    },
    "bundle_sizes": [
      4
    ],
    "w_star": 0.3
  },
  "max_indegree": 9,
  "measure_epochs": 4500,
  "n": 0.0,
  "run_id": "pathA_C5_W100_N4_p0p80_s56791_56798__full__N4__n0.000__seed56796",
  "seed": 56796,
  "space_state": {
    "S_junc_w": 4.67934283407382,
    "S_perc": 1.0,
    "V_active_size": 84,
    "allow_cocreate_merge": false,
    "clustering": 0.03030888030888031,
    "domain_match": true,
    "enabled": true,
    "hubshare": 0.0379746835443038,
    "max_indegree": 9,
    "p_reuse_policy": "fixed",
    "p_reuse_value_last": 0.8
  },
  "steps_total": 5000,
  "variant": "full"
}