{
  "L": 0.6264507777089472,
  "L_inst": 0.7354444444444445,
  "N": 4,
  "Q_clock": 1.2529015554178944,
  "S_junc_w": 5.4535681256284425,
  "S_perc": 0.9876543209876543,
  "anomaly_flags": {
    "runaway_hubbing": false,
    "star_collapse": false,
    "tierB_evaluated": false
  },
  "burn_in_epochs": 500,
  "clustering": 0.09863684463684463,
  "elapsed_seconds": 0.4459109306335449,
  "ell_lock": 78.06237996322552,
  "engine_mode": "v_glue",
  "glue_state": {
    "cadence": {
      "field": "T",
      "mean": 1.018105396757549,
      "var": 3.821045009664276e-31
    },
    "domains": {
      "counts": {
        "0": 4
      },
      "entropy": -1.000088900581841e-12
    },
    "phase": {
      "R": 1.0
    }
  },
  "hubshare": 0.031746031746031744,
  "islands": {
    "F_max": 1.0,
    "bundle_hist": {
      "4": 1
    },
    "bundle_sizes": [
      4
    ],
    "w_star": 0.3
  },
  "max_indegree": 8,
  "measure_epochs": 4500,
  "n": 0.0,
  "run_id": "pathA_C5_W100_N4_p0p80_s56791_56798__full__N4__n0.000__seed56793",
  "seed": 56793,
  "space_state": {
    "S_junc_w": 5.4535681256284425,
    "S_perc": 0.9876543209876543,
    "V_active_size": 81,
    "allow_cocreate_merge": false,
    "clustering": 0.09863684463684463,
    "domain_match": true,
    "enabled": true,
    "hubshare": 0.031746031746031744,
    "max_indegree": 8,
    "p_reuse_policy": "fixed",
    "p_reuse_value_last": 0.8
  },
  "steps_total": 5000,
  "variant": "full"
}