{
  "L": 0.34259648912354956,
  "L_inst": 0.7729444444444444,
  "N": 8,
  "Q_clock": 0.9690092026798608,
  "S_junc_w": 5.3501256198380815,
  "S_perc": 0.9605263157894737,
  "anomaly_flags": {
    "runaway_hubbing": false,
    "star_collapse": false,
    "tierB_evaluated": false
  },
  "burn_in_epochs": 500,
  "clustering": 0.021968253968253967,
  "elapsed_seconds": 0.8462719917297363,
  "ell_lock": 204.65868033284315,
  "engine_mode": "v_glue",
  "glue_state": {
    "cadence": {
      "field": "T",
      "mean": 1.0755140773955452,
      "var": 4.437342591868191e-31
    },
    "domains": {
      "counts": {
        "0": 8
      },
      "entropy": -1.000088900581841e-12
    },
    "phase": {
      "R": 1.0
    }
  },
  "hubshare": 0.02178649237472767,
  "islands": {
    "F_max": 0.125,
    "bundle_hist": {
      "1": 8
    },
    "bundle_sizes": [
      1,
      1,
      1,
      1,
      1,
      1,
      1,
      1
    ],
    "w_star": 0.3
  },
  "max_indegree": 10,
  "measure_epochs": 4500,
  "n": 0.0,
  "run_id": "pathA_C5_W100_N8_p0p80_s56791_56798__full__N8__n0.000__seed56796",
  "seed": 56796,
  "space_state": {
    "S_junc_w": 5.3501256198380815,
    "S_perc": 0.9605263157894737,
    "V_active_size": 152,
    "allow_cocreate_merge": false,
    "clustering": 0.021968253968253967,
    "domain_match": true,
    "enabled": true,
    "hubshare": 0.02178649237472767,
    "max_indegree": 10,
    "p_reuse_policy": "fixed",
    "p_reuse_value_last": 0.8
  },
  "steps_total": 5000,
  "variant": "full"
}