{
  "L": 0.21368212950818372,
  "L_inst": 0.6247222222222222,
  "N": 8,
  "Q_clock": 0.6043843311744751,
  "S_junc_w": 5.008585249460904,
  "S_perc": 0.9887640449438202,
  "anomaly_flags": {
    "runaway_hubbing": false,
    "star_collapse": false,
    "tierB_evaluated": false
  },
  "burn_in_epochs": 500,
  "clustering": 0.04469696969696969,
  "elapsed_seconds": 0.7492809295654297,
  "ell_lock": 101.41963040881197,
  "engine_mode": "v_glue",
  "glue_state": {
    "cadence": {
      "field": "T",
      "mean": 1.1169956016306322,
      "var": 2.157041537713704e-31
    },
    "domains": {
      "counts": {
        "0": 8
      },
      "entropy": -1.000088900581841e-12
    },
    "phase": {
      "R": 1.0
    }
  },
  "hubshare": 0.030534351145038167,
  "islands": {
    "F_max": 0.125,
    "F_max_by_wstar": {
      "0.10": 1.0,
      "0.20": 0.625,
      "0.30": 0.125
    },
    "bundle_hist": {
      "1": 8
    },
    "bundle_hist_by_wstar": {
      "0.10": {
        "8": 1
      },
      "0.20": {
        "1": 3,
        "5": 1
      },
      "0.30": {
        "1": 8
      }
    },
    "bundle_sizes": [
      1,
      1,
      1,
      1,
      1,
      1,
      1,
      1
    ],
    "w_star": 0.3
  },
  "max_indegree": 8,
  "measure_epochs": 4500,
  "n": 0.8,
  "run_id": "pathA_scan_C5_W50_N8_s56791_56798__full__N8__n0.800__seed56792",
  "seed": 56792,
  "space_state": {
    "S_junc_w": 5.008585249460904,
    "S_perc": 0.9887640449438202,
    "V_active_size": 89,
    "allow_cocreate_merge": false,
    "clustering": 0.04469696969696969,
    "domain_match": true,
    "enabled": true,
    "hubshare": 0.030534351145038167,
    "max_indegree": 8,
    "p_reuse_policy": "from_n",
    "p_reuse_value_last": 0.8
  },
  "steps_total": 5000,
  "variant": "full"
}