{
  "L": 0.3556770600226612,
  "L_inst": 0.6372222222222222,
  "N": 8,
  "Q_clock": 1.0060066442180737,
  "S_junc_w": 1.6119779508511585,
  "S_perc": 0.9653179190751445,
  "anomaly_flags": {
    "runaway_hubbing": false,
    "star_collapse": false,
    "tierB_evaluated": false
  },
  "burn_in_epochs": 500,
  "clustering": 0.0035536602700781805,
  "elapsed_seconds": 1.0653140544891357,
  "ell_lock": 95.40873500243124,
  "engine_mode": "v_glue",
  "glue_state": {
    "cadence": {
      "field": "T",
      "mean": 1.1309628176353992,
      "var": 2.6500796034768365e-31
    },
    "domains": {
      "counts": {
        "0": 8
      },
      "entropy": -1.000088900581841e-12
    },
    "phase": {
      "R": 1.0
    }
  },
  "hubshare": 0.01644736842105263,
  "islands": {
    "F_max": 0.125,
    "F_max_by_wstar": {
      "0.10": 0.375,
      "0.20": 0.125,
      "0.30": 0.125
    },
    "bundle_hist": {
      "1": 8
    },
    "bundle_hist_by_wstar": {
      "0.10": {
        "1": 3,
        "2": 1,
        "3": 1
      },
      "0.20": {
        "1": 8
      },
      "0.30": {
        "1": 8
      }
    },
    "bundle_sizes": [
      1,
      1,
      1,
      1,
      1,
      1,
      1,
      1
    ],
    "w_star": 0.3
  },
  "max_indegree": 5,
  "measure_epochs": 4500,
  "n": 0.6,
  "run_id": "pathA_scan_C5_W50_N8_s56791_56798__full__N8__n0.600__seed56793",
  "seed": 56793,
  "space_state": {
    "S_junc_w": 1.6119779508511585,
    "S_perc": 0.9653179190751445,
    "V_active_size": 173,
    "allow_cocreate_merge": false,
    "clustering": 0.0035536602700781805,
    "domain_match": true,
    "enabled": true,
    "hubshare": 0.01644736842105263,
    "max_indegree": 5,
    "p_reuse_policy": "from_n",
    "p_reuse_value_last": 0.6
  },
  "steps_total": 5000,
  "variant": "full"
}