{
  "L": 0.17159530231138748,
  "L_inst": 0.5972777777777778,
  "N": 8,
  "Q_clock": 0.48534480753655096,
  "S_junc_w": 1.2458462112853967,
  "S_perc": 0.8841463414634146,
  "anomaly_flags": {
    "runaway_hubbing": false,
    "star_collapse": false,
    "tierB_evaluated": false
  },
  "burn_in_epochs": 500,
  "clustering": 0.01111111111111111,
  "elapsed_seconds": 1.0626749992370605,
  "ell_lock": 126.74922324441768,
  "engine_mode": "v_glue",
  "glue_state": {
    "cadence": {
      "field": "T",
      "mean": 0.9677371514532194,
      "var": 1.1093356479670479e-31
    },
    "domains": {
      "counts": {
        "0": 8
      },
      "entropy": -1.000088900581841e-12
    },
    "phase": {
      "R": 1.0
    }
  },
  "hubshare": 0.018518518518518517,
  "islands": {
    "F_max": 0.125,
    "F_max_by_wstar": {
      "0.10": 0.5,
      "0.20": 0.125,
      "0.30": 0.125
    },
    "bundle_hist": {
      "1": 8
    },
    "bundle_hist_by_wstar": {
      "0.10": {
        "1": 4,
        "4": 1
      },
      "0.20": {
        "1": 8
      },
      "0.30": {
        "1": 8
      }
    },
    "bundle_sizes": [
      1,
      1,
      1,
      1,
      1,
      1,
      1,
      1
    ],
    "w_star": 0.3
  },
  "max_indegree": 5,
  "measure_epochs": 4500,
  "n": 0.6,
  "run_id": "pathA_scan_C5_W50_N8_s56791_56798__full__N8__n0.600__seed56794",
  "seed": 56794,
  "space_state": {
    "S_junc_w": 1.2458462112853967,
    "S_perc": 0.8841463414634146,
    "V_active_size": 164,
    "allow_cocreate_merge": false,
    "clustering": 0.01111111111111111,
    "domain_match": true,
    "enabled": true,
    "hubshare": 0.018518518518518517,
    "max_indegree": 5,
    "p_reuse_policy": "from_n",
    "p_reuse_value_last": 0.6
  },
  "steps_total": 5000,
  "variant": "full"
}