{
  "L": 0.2959827638536586,
  "L_inst": 0.6032222222222222,
  "N": 8,
  "Q_clock": 0.8371656777410343,
  "S_junc_w": 3.89318472309109,
  "S_perc": 0.967391304347826,
  "anomaly_flags": {
    "runaway_hubbing": false,
    "star_collapse": false,
    "tierB_evaluated": false
  },
  "burn_in_epochs": 500,
  "clustering": 0.04315605029890744,
  "elapsed_seconds": 0.7502200603485107,
  "ell_lock": 84.39223347068477,
  "engine_mode": "v_glue",
  "glue_state": {
    "cadence": {
      "field": "T",
      "mean": 0.9717293545333601,
      "var": 5.39260384428426e-32
    },
    "domains": {
      "counts": {
        "0": 8
      },
      "entropy": -1.000088900581841e-12
    },
    "phase": {
      "R": 1.0
    }
  },
  "hubshare": 0.029288702928870293,
  "islands": {
    "F_max": 0.125,
    "F_max_by_wstar": {
      "0.10": 1.0,
      "0.20": 0.125,
      "0.30": 0.125
    },
    "bundle_hist": {
      "1": 8
    },
    "bundle_hist_by_wstar": {
      "0.10": {
        "8": 1
      },
      "0.20": {
        "1": 8
      },
      "0.30": {
        "1": 8
      }
    },
    "bundle_sizes": [
      1,
      1,
      1,
      1,
      1,
      1,
      1,
      1
    ],
    "w_star": 0.3
  },
  "max_indegree": 7,
  "measure_epochs": 4500,
  "n": 0.8,
  "run_id": "pathA_scan_C5_W50_N8_s56791_56798__full__N8__n0.800__seed56795",
  "seed": 56795,
  "space_state": {
    "S_junc_w": 3.89318472309109,
    "S_perc": 0.967391304347826,
    "V_active_size": 92,
    "allow_cocreate_merge": false,
    "clustering": 0.04315605029890744,
    "domain_match": true,
    "enabled": true,
    "hubshare": 0.029288702928870293,
    "max_indegree": 7,
    "p_reuse_policy": "from_n",
    "p_reuse_value_last": 0.8
  },
  "steps_total": 5000,
  "variant": "full"
}