{
  "L": 0.2329261083079736,
  "L_inst": 0.6323888888888889,
  "N": 8,
  "Q_clock": 0.6588145227998415,
  "S_junc_w": 0.20122929515227816,
  "S_perc": 0.8575949367088608,
  "anomaly_flags": {
    "runaway_hubbing": false,
    "star_collapse": false,
    "tierB_evaluated": false
  },
  "burn_in_epochs": 500,
  "clustering": 0.0026881720430107525,
  "elapsed_seconds": 1.5335299968719482,
  "ell_lock": 121.5313300248753,
  "engine_mode": "v_glue",
  "glue_state": {
    "cadence": {
      "field": "T",
      "mean": 1.0755140773955452,
      "var": 4.437342591868191e-31
    },
    "domains": {
      "counts": {
        "0": 8
      },
      "entropy": -1.000088900581841e-12
    },
    "phase": {
      "R": 1.0
    }
  },
  "hubshare": 0.010958904109589041,
  "islands": {
    "F_max": 0.125,
    "F_max_by_wstar": {
      "0.10": 0.125,
      "0.20": 0.125,
      "0.30": 0.125
    },
    "bundle_hist": {
      "1": 8
    },
    "bundle_hist_by_wstar": {
      "0.10": {
        "1": 8
      },
      "0.20": {
        "1": 8
      },
      "0.30": {
        "1": 8
      }
    },
    "bundle_sizes": [
      1,
      1,
      1,
      1,
      1,
      1,
      1,
      1
    ],
    "w_star": 0.3
  },
  "max_indegree": 4,
  "measure_epochs": 4500,
  "n": 0.2,
  "run_id": "pathA_scan_C5_W50_N8_s56791_56798__full__N8__n0.200__seed56796",
  "seed": 56796,
  "space_state": {
    "S_junc_w": 0.20122929515227816,
    "S_perc": 0.8575949367088608,
    "V_active_size": 316,
    "allow_cocreate_merge": false,
    "clustering": 0.0026881720430107525,
    "domain_match": true,
    "enabled": true,
    "hubshare": 0.010958904109589041,
    "max_indegree": 4,
    "p_reuse_policy": "from_n",
    "p_reuse_value_last": 0.2
  },
  "steps_total": 5000,
  "variant": "full"
}