{
  "L": 0.31856606240936275,
  "L_inst": 0.6132222222222222,
  "N": 8,
  "Q_clock": 0.9010408919422294,
  "S_junc_w": 0.20904532422227945,
  "S_perc": 0.8338762214983714,
  "anomaly_flags": {
    "runaway_hubbing": false,
    "star_collapse": false,
    "tierB_evaluated": false
  },
  "burn_in_epochs": 500,
  "clustering": 0.0,
  "elapsed_seconds": 1.5294599533081055,
  "ell_lock": 100.66170158188598,
  "engine_mode": "v_glue",
  "glue_state": {
    "cadence": {
      "field": "T",
      "mean": 0.9853819892148048,
      "var": 8.782240546405795e-32
    },
    "domains": {
      "counts": {
        "0": 8
      },
      "entropy": -1.000088900581841e-12
    },
    "phase": {
      "R": 1.0
    }
  },
  "hubshare": 0.008522727272727272,
  "islands": {
    "F_max": 0.125,
    "F_max_by_wstar": {
      "0.10": 0.125,
      "0.20": 0.125,
      "0.30": 0.125
    },
    "bundle_hist": {
      "1": 8
    },
    "bundle_hist_by_wstar": {
      "0.10": {
        "1": 8
      },
      "0.20": {
        "1": 8
      },
      "0.30": {
        "1": 8
      }
    },
    "bundle_sizes": [
      1,
      1,
      1,
      1,
      1,
      1,
      1,
      1
    ],
    "w_star": 0.3
  },
  "max_indegree": 3,
  "measure_epochs": 4500,
  "n": 0.2,
  "run_id": "pathA_scan_C5_W50_N8_s56791_56798__full__N8__n0.200__seed56791",
  "seed": 56791,
  "space_state": {
    "S_junc_w": 0.20904532422227945,
    "S_perc": 0.8338762214983714,
    "V_active_size": 307,
    "allow_cocreate_merge": false,
    "clustering": 0.0,
    "domain_match": true,
    "enabled": true,
    "hubshare": 0.008522727272727272,
    "max_indegree": 3,
    "p_reuse_policy": "from_n",
    "p_reuse_value_last": 0.2
  },
  "steps_total": 5000,
  "variant": "full"
}