{
  "L": 0.17813373484147932,
  "L_inst": 0.6039444444444444,
  "N": 8,
  "Q_clock": 0.5038382874579856,
  "S_junc_w": 5.238123310537858,
  "S_perc": 1.0,
  "anomaly_flags": {
    "runaway_hubbing": false,
    "star_collapse": false,
    "tierB_evaluated": false
  },
  "burn_in_epochs": 500,
  "clustering": 0.03680473372781065,
  "elapsed_seconds": 0.7470810413360596,
  "ell_lock": 95.24086625534268,
  "engine_mode": "v_glue",
  "glue_state": {
    "cadence": {
      "field": "T",
      "mean": 1.0131209169347295,
      "var": 2.8965986363584027e-31
    },
    "domains": {
      "counts": {
        "0": 8
      },
      "entropy": -1.000088900581841e-12
    },
    "phase": {
      "R": 1.0
    }
  },
  "hubshare": 0.04524886877828054,
  "islands": {
    "F_max": 0.125,
    "F_max_by_wstar": {
      "0.10": 1.0,
      "0.20": 1.0,
      "0.30": 0.125
    },
    "bundle_hist": {
      "1": 8
    },
    "bundle_hist_by_wstar": {
      "0.10": {
        "8": 1
      },
      "0.20": {
        "8": 1
      },
      "0.30": {
        "1": 8
      }
    },
    "bundle_sizes": [
      1,
      1,
      1,
      1,
      1,
      1,
      1,
      1
    ],
    "w_star": 0.3
  },
  "max_indegree": 10,
  "measure_epochs": 4500,
  "n": 0.8,
  "run_id": "pathA_scan_C5_W50_N8_s56791_56798__full__N8__n0.800__seed56797",
  "seed": 56797,
  "space_state": {
    "S_junc_w": 5.238123310537858,
    "S_perc": 1.0,
    "V_active_size": 72,
    "allow_cocreate_merge": false,
    "clustering": 0.03680473372781065,
    "domain_match": true,
    "enabled": true,
    "hubshare": 0.04524886877828054,
    "max_indegree": 10,
    "p_reuse_policy": "from_n",
    "p_reuse_value_last": 0.8
  },
  "steps_total": 5000,
  "variant": "full"
}