{
  "L": 0.21887253743243162,
  "L_inst": 0.6116666666666667,
  "N": 8,
  "Q_clock": 0.6190650217359155,
  "S_junc_w": 0.16222785304440218,
  "S_perc": 0.8301886792452831,
  "anomaly_flags": {
    "runaway_hubbing": false,
    "star_collapse": false,
    "tierB_evaluated": false
  },
  "burn_in_epochs": 500,
  "clustering": 0.0,
  "elapsed_seconds": 1.530876874923706,
  "ell_lock": 133.5848941979927,
  "engine_mode": "v_glue",
  "glue_state": {
    "cadence": {
      "field": "T",
      "mean": 1.1309628176353992,
      "var": 2.6500796034768365e-31
    },
    "domains": {
      "counts": {
        "0": 8
      },
      "entropy": -1.000088900581841e-12
    },
    "phase": {
      "R": 1.0
    }
  },
  "hubshare": 0.008333333333333333,
  "islands": {
    "F_max": 0.125,
    "F_max_by_wstar": {
      "0.10": 0.125,
      "0.20": 0.125,
      "0.30": 0.125
    },
    "bundle_hist": {
      "1": 8
    },
    "bundle_hist_by_wstar": {
      "0.10": {
        "1": 8
      },
      "0.20": {
        "1": 8
      },
      "0.30": {
        "1": 8
      }
    },
    "bundle_sizes": [
      1,
      1,
      1,
      1,
      1,
      1,
      1,
      1
    ],
    "w_star": 0.3
  },
  "max_indegree": 3,
  "measure_epochs": 4500,
  "n": 0.2,
  "run_id": "pathA_scan_C5_W50_N8_s56791_56798__full__N8__n0.200__seed56793",
  "seed": 56793,
  "space_state": {
    "S_junc_w": 0.16222785304440218,
    "S_perc": 0.8301886792452831,
    "V_active_size": 318,
    "allow_cocreate_merge": false,
    "clustering": 0.0,
    "domain_match": true,
    "enabled": true,
    "hubshare": 0.008333333333333333,
    "max_indegree": 3,
    "p_reuse_policy": "from_n",
    "p_reuse_value_last": 0.2
  },
  "steps_total": 5000,
  "variant": "full"
}