{
  "L": 0.22833449479542323,
  "L_inst": 0.5880555555555556,
  "N": 8,
  "Q_clock": 0.6458274785945929,
  "S_junc_w": 0.19690910736024106,
  "S_perc": 0.9335347432024169,
  "anomaly_flags": {
    "runaway_hubbing": false,
    "star_collapse": false,
    "tierB_evaluated": false
  },
  "burn_in_epochs": 500,
  "clustering": 0.004711425206124852,
  "elapsed_seconds": 1.5254130363464355,
  "ell_lock": 127.21243883356425,
  "engine_mode": "v_glue",
  "glue_state": {
    "cadence": {
      "field": "T",
      "mean": 1.0376106512929204,
      "var": 4.437342591868191e-31
    },
    "domains": {
      "counts": {
        "0": 8
      },
      "entropy": -1.000088900581841e-12
    },
    "phase": {
      "R": 1.0000000000000002
    }
  },
  "hubshare": 0.007957559681697613,
  "islands": {
    "F_max": 0.125,
    "F_max_by_wstar": {
      "0.10": 0.125,
      "0.20": 0.125,
      "0.30": 0.125
    },
    "bundle_hist": {
      "1": 8
    },
    "bundle_hist_by_wstar": {
      "0.10": {
        "1": 8
      },
      "0.20": {
        "1": 8
      },
      "0.30": {
        "1": 8
      }
    },
    "bundle_sizes": [
      1,
      1,
      1,
      1,
      1,
      1,
      1,
      1
    ],
    "w_star": 0.3
  },
  "max_indegree": 3,
  "measure_epochs": 4500,
  "n": 0.2,
  "run_id": "pathA_scan_C5_W50_N8_s56791_56798__full__N8__n0.200__seed56798",
  "seed": 56798,
  "space_state": {
    "S_junc_w": 0.19690910736024106,
    "S_perc": 0.9335347432024169,
    "V_active_size": 331,
    "allow_cocreate_merge": false,
    "clustering": 0.004711425206124852,
    "domain_match": true,
    "enabled": true,
    "hubshare": 0.007957559681697613,
    "max_indegree": 3,
    "p_reuse_policy": "from_n",
    "p_reuse_value_last": 0.2
  },
  "steps_total": 5000,
  "variant": "full"
}