{
  "L": 0.28129982977722967,
  "L_inst": 0.601,
  "N": 8,
  "Q_clock": 0.7956360687284024,
  "S_junc_w": 0.46010203052324855,
  "S_perc": 0.8809523809523809,
  "anomaly_flags": {
    "runaway_hubbing": false,
    "star_collapse": false,
    "tierB_evaluated": false
  },
  "burn_in_epochs": 500,
  "clustering": 0.002162162162162162,
  "elapsed_seconds": 1.318253993988037,
  "ell_lock": 111.15844882909725,
  "engine_mode": "v_glue",
  "glue_state": {
    "cadence": {
      "field": "T",
      "mean": 0.9717293545333601,
      "var": 5.39260384428426e-32
    },
    "domains": {
      "counts": {
        "0": 8
      },
      "entropy": -1.000088900581841e-12
    },
    "phase": {
      "R": 1.0
    }
  },
  "hubshare": 0.01529051987767584,
  "islands": {
    "F_max": 0.125,
    "F_max_by_wstar": {
      "0.10": 0.125,
      "0.20": 0.125,
      "0.30": 0.125
    },
    "bundle_hist": {
      "1": 8
    },
    "bundle_hist_by_wstar": {
      "0.10": {
        "1": 8
      },
      "0.20": {
        "1": 8
      },
      "0.30": {
        "1": 8
      }
    },
    "bundle_sizes": [
      1,
      1,
      1,
      1,
      1,
      1,
      1,
      1
    ],
    "w_star": 0.3
  },
  "max_indegree": 5,
  "measure_epochs": 4500,
  "n": 0.4,
  "run_id": "pathA_scan_C5_W50_N8_s56791_56798__full__N8__n0.400__seed56795",
  "seed": 56795,
  "space_state": {
    "S_junc_w": 0.46010203052324855,
    "S_perc": 0.8809523809523809,
    "V_active_size": 252,
    "allow_cocreate_merge": false,
    "clustering": 0.002162162162162162,
    "domain_match": true,
    "enabled": true,
    "hubshare": 0.01529051987767584,
    "max_indegree": 5,
    "p_reuse_policy": "from_n",
    "p_reuse_value_last": 0.4
  },
  "steps_total": 5000,
  "variant": "full"
}