{
  "L": 0.14509056837051315,
  "L_inst": 0.6066666666666667,
  "N": 8,
  "Q_clock": 0.4103780991240011,
  "S_junc_w": 4.539669291064722,
  "S_perc": 0.9770114942528736,
  "anomaly_flags": {
    "runaway_hubbing": false,
    "star_collapse": false,
    "tierB_evaluated": false
  },
  "burn_in_epochs": 500,
  "clustering": 0.03965240104480611,
  "elapsed_seconds": 0.7408788204193115,
  "ell_lock": 141.42216111787855,
  "engine_mode": "v_glue",
  "glue_state": {
    "cadence": {
      "field": "T",
      "mean": 0.9853819892148048,
      "var": 8.782240546405795e-32
    },
    "domains": {
      "counts": {
        "0": 8
      },
      "entropy": -1.000088900581841e-12
    },
    "phase": {
      "R": 1.0
    }
  },
  "hubshare": 0.03278688524590164,
  "islands": {
    "F_max": 0.125,
    "F_max_by_wstar": {
      "0.10": 1.0,
      "0.20": 0.5,
      "0.30": 0.125
    },
    "bundle_hist": {
      "1": 8
    },
    "bundle_hist_by_wstar": {
      "0.10": {
        "8": 1
      },
      "0.20": {
        "1": 2,
        "2": 1,
        "4": 1
      },
      "0.30": {
        "1": 8
      }
    },
    "bundle_sizes": [
      1,
      1,
      1,
      1,
      1,
      1,
      1,
      1
    ],
    "w_star": 0.3
  },
  "max_indegree": 8,
  "measure_epochs": 4500,
  "n": 0.8,
  "run_id": "pathA_scan_C5_W50_N8_s56791_56798__full__N8__n0.800__seed56791",
  "seed": 56791,
  "space_state": {
    "S_junc_w": 4.539669291064722,
    "S_perc": 0.9770114942528736,
    "V_active_size": 87,
    "allow_cocreate_merge": false,
    "clustering": 0.03965240104480611,
    "domain_match": true,
    "enabled": true,
    "hubshare": 0.03278688524590164,
    "max_indegree": 8,
    "p_reuse_policy": "from_n",
    "p_reuse_value_last": 0.8
  },
  "steps_total": 5000,
  "variant": "full"
}