{
  "L": 0.37137095649011326,
  "L_inst": 0.6432222222222223,
  "N": 8,
  "Q_clock": 1.0503956866795736,
  "S_junc_w": 3.8371213027484448,
  "S_perc": 0.9900990099009901,
  "anomaly_flags": {
    "runaway_hubbing": false,
    "star_collapse": false,
    "tierB_evaluated": false
  },
  "burn_in_epochs": 500,
  "clustering": 0.041777408637873756,
  "elapsed_seconds": 0.7522082328796387,
  "ell_lock": 96.45213119540651,
  "engine_mode": "v_glue",
  "glue_state": {
    "cadence": {
      "field": "T",
      "mean": 1.1309628176353992,
      "var": 2.6500796034768365e-31
    },
    "domains": {
      "counts": {
        "0": 8
      },
      "entropy": -1.000088900581841e-12
    },
    "phase": {
      "R": 1.0
    }
  },
  "hubshare": 0.022727272727272728,
  "islands": {
    "F_max": 0.125,
    "F_max_by_wstar": {
      "0.10": 1.0,
      "0.20": 0.25,
      "0.30": 0.125
    },
    "bundle_hist": {
      "1": 8
    },
    "bundle_hist_by_wstar": {
      "0.10": {
        "8": 1
      },
      "0.20": {
        "1": 2,
        "2": 3
      },
      "0.30": {
        "1": 8
      }
    },
    "bundle_sizes": [
      1,
      1,
      1,
      1,
      1,
      1,
      1,
      1
    ],
    "w_star": 0.3
  },
  "max_indegree": 6,
  "measure_epochs": 4500,
  "n": 0.8,
  "run_id": "pathA_scan_C5_W50_N8_s56791_56798__full__N8__n0.800__seed56793",
  "seed": 56793,
  "space_state": {
    "S_junc_w": 3.8371213027484448,
    "S_perc": 0.9900990099009901,
    "V_active_size": 101,
    "allow_cocreate_merge": false,
    "clustering": 0.041777408637873756,
    "domain_match": true,
    "enabled": true,
    "hubshare": 0.022727272727272728,
    "max_indegree": 6,
    "p_reuse_policy": "from_n",
    "p_reuse_value_last": 0.8
  },
  "steps_total": 5000,
  "variant": "full"
}