{
  "L": 0.18890137323048467,
  "L_inst": 0.5993888888888889,
  "N": 8,
  "Q_clock": 0.5342937679469068,
  "S_junc_w": 0.5196497334443043,
  "S_perc": 0.9066147859922179,
  "anomaly_flags": {
    "runaway_hubbing": false,
    "star_collapse": false,
    "tierB_evaluated": false
  },
  "burn_in_epochs": 500,
  "clustering": 0.0033003300330033,
  "elapsed_seconds": 1.3265461921691895,
  "ell_lock": 114.99664275143958,
  "engine_mode": "v_glue",
  "glue_state": {
    "cadence": {
      "field": "T",
      "mean": 1.0131209169347295,
      "var": 2.8965986363584027e-31
    },
    "domains": {
      "counts": {
        "0": 8
      },
      "entropy": -1.000088900581841e-12
    },
    "phase": {
      "R": 1.0
    }
  },
  "hubshare": 0.011799410029498525,
  "islands": {
    "F_max": 0.125,
    "F_max_by_wstar": {
      "0.10": 0.25,
      "0.20": 0.125,
      "0.30": 0.125
    },
    "bundle_hist": {
      "1": 8
    },
    "bundle_hist_by_wstar": {
      "0.10": {
        "1": 6,
        "2": 1
      },
      "0.20": {
        "1": 8
      },
      "0.30": {
        "1": 8
      }
    },
    "bundle_sizes": [
      1,
      1,
      1,
      1,
      1,
      1,
      1,
      1
    ],
    "w_star": 0.3
  },
  "max_indegree": 4,
  "measure_epochs": 4500,
  "n": 0.4,
  "run_id": "pathA_scan_C5_W50_N8_s56791_56798__full__N8__n0.400__seed56797",
  "seed": 56797,
  "space_state": {
    "S_junc_w": 0.5196497334443043,
    "S_perc": 0.9066147859922179,
    "V_active_size": 257,
    "allow_cocreate_merge": false,
    "clustering": 0.0033003300330033,
    "domain_match": true,
    "enabled": true,
    "hubshare": 0.011799410029498525,
    "max_indegree": 4,
    "p_reuse_policy": "from_n",
    "p_reuse_value_last": 0.4
  },
  "steps_total": 5000,
  "variant": "full"
}