{
  "L": 0.3478884323077353,
  "L_inst": 0.6582222222222223,
  "N": 4,
  "Q_clock": 0.6957768646154706,
  "S_junc_w": 4.795000068091311,
  "S_perc": 0.9761904761904762,
  "anomaly_flags": {
    "runaway_hubbing": false,
    "star_collapse": false,
    "tierB_evaluated": false
  },
  "burn_in_epochs": 500,
  "clustering": 0.1297082797082797,
  "elapsed_seconds": 0.42518019676208496,
  "ell_lock": 72.72267701474077,
  "engine_mode": "v_glue",
  "glue_state": {
    "cadence": {
      "field": "T",
      "mean": 1.042590711885658,
      "var": 3.821045009664276e-31
    },
    "domains": {
      "counts": {
        "0": 4
      },
      "entropy": -1.000088900581841e-12
    },
    "phase": {
      "R": 1.0
    }
  },
  "hubshare": 0.04918032786885246,
  "islands": {
    "F_max": 0.75,
    "F_max_by_wstar": {
      "0.10": 1.0,
      "0.20": 1.0,
      "0.30": 0.75
    },
    "bundle_hist": {
      "1": 1,
      "3": 1
    },
    "bundle_hist_by_wstar": {
      "0.10": {
        "4": 1
      },
      "0.20": {
        "4": 1
      },
      "0.30": {
        "1": 1,
        "3": 1
      }
    },
    "bundle_sizes": [
      3,
      1
    ],
    "w_star": 0.3
  },
  "max_indegree": 6,
  "measure_epochs": 4500,
  "n": 0.8,
  "run_id": "pathA_scan_C5_W50_N4_s56791_56798__full__N4__n0.800__seed56796",
  "seed": 56796,
  "space_state": {
    "S_junc_w": 4.795000068091311,
    "S_perc": 0.9761904761904762,
    "V_active_size": 42,
    "allow_cocreate_merge": false,
    "clustering": 0.1297082797082797,
    "domain_match": true,
    "enabled": true,
    "hubshare": 0.04918032786885246,
    "max_indegree": 6,
    "p_reuse_policy": "from_n",
    "p_reuse_value_last": 0.8
  },
  "steps_total": 5000,
  "variant": "full"
}