{
  "L": 0.3134612873357724,
  "L_inst": 0.6421111111111111,
  "N": 4,
  "Q_clock": 0.6269225746715448,
  "S_junc_w": 3.2396907367007097,
  "S_perc": 0.9473684210526315,
  "anomaly_flags": {
    "runaway_hubbing": false,
    "star_collapse": false,
    "tierB_evaluated": false
  },
  "burn_in_epochs": 500,
  "clustering": 0.07093474426807761,
  "elapsed_seconds": 0.41788315773010254,
  "ell_lock": 74.54887599239,
  "engine_mode": "v_glue",
  "glue_state": {
    "cadence": {
      "field": "T",
      "mean": 1.0859991154493438,
      "var": 1.7256332301709633e-31
    },
    "domains": {
      "counts": {
        "0": 4
      },
      "entropy": -1.000088900581841e-12
    },
    "phase": {
      "R": 1.0
    }
  },
  "hubshare": 0.05970149253731343,
  "islands": {
    "F_max": 0.5,
    "F_max_by_wstar": {
      "0.10": 1.0,
      "0.20": 1.0,
      "0.30": 0.5
    },
    "bundle_hist": {
      "1": 2,
      "2": 1
    },
    "bundle_hist_by_wstar": {
      "0.10": {
        "4": 1
      },
      "0.20": {
        "4": 1
      },
      "0.30": {
        "1": 2,
        "2": 1
      }
    },
    "bundle_sizes": [
      2,
      1,
      1
    ],
    "w_star": 0.3
  },
  "max_indegree": 8,
  "measure_epochs": 4500,
  "n": 0.8,
  "run_id": "pathA_scan_C5_W50_N4_s56791_56798__full__N4__n0.800__seed56797",
  "seed": 56797,
  "space_state": {
    "S_junc_w": 3.2396907367007097,
    "S_perc": 0.9473684210526315,
    "V_active_size": 57,
    "allow_cocreate_merge": false,
    "clustering": 0.07093474426807761,
    "domain_match": true,
    "enabled": true,
    "hubshare": 0.05970149253731343,
    "max_indegree": 8,
    "p_reuse_policy": "from_n",
    "p_reuse_value_last": 0.8
  },
  "steps_total": 5000,
  "variant": "full"
}