{
  "L": 0.33210407291681665,
  "L_inst": 0.6746666666666666,
  "N": 4,
  "Q_clock": 0.6642081458336333,
  "S_junc_w": 1.3857819234383455,
  "S_perc": 0.9438202247191011,
  "anomaly_flags": {
    "runaway_hubbing": false,
    "star_collapse": false,
    "tierB_evaluated": false
  },
  "burn_in_epochs": 500,
  "clustering": 0.006372549019607843,
  "elapsed_seconds": 0.5635988712310791,
  "ell_lock": 65.4860561046996,
  "engine_mode": "v_glue",
  "glue_state": {
    "cadence": {
      "field": "T",
      "mean": 1.042590711885658,
      "var": 3.821045009664276e-31
    },
    "domains": {
      "counts": {
        "0": 4
      },
      "entropy": -1.000088900581841e-12
    },
    "phase": {
      "R": 1.0
    }
  },
  "hubshare": 0.0189873417721519,
  "islands": {
    "F_max": 0.25,
    "F_max_by_wstar": {
      "0.10": 1.0,
      "0.20": 0.25,
      "0.30": 0.25
    },
    "bundle_hist": {
      "1": 4
    },
    "bundle_hist_by_wstar": {
      "0.10": {
        "4": 1
      },
      "0.20": {
        "1": 4
      },
      "0.30": {
        "1": 4
      }
    },
    "bundle_sizes": [
      1,
      1,
      1,
      1
    ],
    "w_star": 0.3
  },
  "max_indegree": 3,
  "measure_epochs": 4500,
  "n": 0.6,
  "run_id": "pathA_scan_C5_W50_N4_s56791_56798__full__N4__n0.600__seed56796",
  "seed": 56796,
  "space_state": {
    "S_junc_w": 1.3857819234383455,
    "S_perc": 0.9438202247191011,
    "V_active_size": 89,
    "allow_cocreate_merge": false,
    "clustering": 0.006372549019607843,
    "domain_match": true,
    "enabled": true,
    "hubshare": 0.0189873417721519,
    "max_indegree": 3,
    "p_reuse_policy": "from_n",
    "p_reuse_value_last": 0.6
  },
  "steps_total": 5000,
  "variant": "full"
}