{
  "L": 0.3334887768034243,
  "L_inst": 0.6503333333333333,
  "N": 4,
  "Q_clock": 0.6669775536068486,
  "S_junc_w": 1.683924298703997,
  "S_perc": 0.8904109589041096,
  "anomaly_flags": {
    "runaway_hubbing": false,
    "star_collapse": false,
    "tierB_evaluated": false
  },
  "burn_in_epochs": 500,
  "clustering": 0.05059523809523809,
  "elapsed_seconds": 0.5604689121246338,
  "ell_lock": 77.92298216911041,
  "engine_mode": "v_glue",
  "glue_state": {
    "cadence": {
      "field": "T",
      "mean": 0.8414698447054035,
      "var": 3.697785493223493e-32
    },
    "domains": {
      "counts": {
        "0": 4
      },
      "entropy": -1.000088900581841e-12
    },
    "phase": {
      "R": 0.9999999999999999
    }
  },
  "hubshare": 0.03731343283582089,
  "islands": {
    "F_max": 0.25,
    "F_max_by_wstar": {
      "0.10": 1.0,
      "0.20": 0.25,
      "0.30": 0.25
    },
    "bundle_hist": {
      "1": 4
    },
    "bundle_hist_by_wstar": {
      "0.10": {
        "4": 1
      },
      "0.20": {
        "1": 4
      },
      "0.30": {
        "1": 4
      }
    },
    "bundle_sizes": [
      1,
      1,
      1,
      1
    ],
    "w_star": 0.3
  },
  "max_indegree": 5,
  "measure_epochs": 4500,
  "n": 0.6,
  "run_id": "pathA_scan_C5_W50_N4_s56791_56798__full__N4__n0.600__seed56798",
  "seed": 56798,
  "space_state": {
    "S_junc_w": 1.683924298703997,
    "S_perc": 0.8904109589041096,
    "V_active_size": 73,
    "allow_cocreate_merge": false,
    "clustering": 0.05059523809523809,
    "domain_match": true,
    "enabled": true,
    "hubshare": 0.03731343283582089,
    "max_indegree": 5,
    "p_reuse_policy": "from_n",
    "p_reuse_value_last": 0.6
  },
  "steps_total": 5000,
  "variant": "full"
}