{
  "L": 0.32178334652714036,
  "L_inst": 0.6293333333333333,
  "N": 4,
  "Q_clock": 0.6435666930542807,
  "S_junc_w": 1.8517373558477606,
  "S_perc": 0.9390243902439024,
  "anomaly_flags": {
    "runaway_hubbing": false,
    "star_collapse": false,
    "tierB_evaluated": false
  },
  "burn_in_epochs": 500,
  "clustering": 0.019267399267399267,
  "elapsed_seconds": 0.5567140579223633,
  "ell_lock": 76.33459205470334,
  "engine_mode": "v_glue",
  "glue_state": {
    "cadence": {
      "field": "T",
      "mean": 1.0859991154493438,
      "var": 1.7256332301709633e-31
    },
    "domains": {
      "counts": {
        "0": 4
      },
      "entropy": -1.000088900581841e-12
    },
    "phase": {
      "R": 1.0
    }
  },
  "hubshare": 0.04666666666666667,
  "islands": {
    "F_max": 0.25,
    "F_max_by_wstar": {
      "0.10": 1.0,
      "0.20": 0.5,
      "0.30": 0.25
    },
    "bundle_hist": {
      "1": 4
    },
    "bundle_hist_by_wstar": {
      "0.10": {
        "4": 1
      },
      "0.20": {
        "1": 2,
        "2": 1
      },
      "0.30": {
        "1": 4
      }
    },
    "bundle_sizes": [
      1,
      1,
      1,
      1
    ],
    "w_star": 0.3
  },
  "max_indegree": 7,
  "measure_epochs": 4500,
  "n": 0.6,
  "run_id": "pathA_scan_C5_W50_N4_s56791_56798__full__N4__n0.600__seed56797",
  "seed": 56797,
  "space_state": {
    "S_junc_w": 1.8517373558477606,
    "S_perc": 0.9390243902439024,
    "V_active_size": 82,
    "allow_cocreate_merge": false,
    "clustering": 0.019267399267399267,
    "domain_match": true,
    "enabled": true,
    "hubshare": 0.04666666666666667,
    "max_indegree": 7,
    "p_reuse_policy": "from_n",
    "p_reuse_value_last": 0.6
  },
  "steps_total": 5000,
  "variant": "full"
}