{
  "L": 0.3678426527999561,
  "L_inst": 0.6668888888888889,
  "N": 4,
  "Q_clock": 0.7356853055999122,
  "S_junc_w": 5.070009574970732,
  "S_perc": 1.0,
  "anomaly_flags": {
    "runaway_hubbing": false,
    "star_collapse": false,
    "tierB_evaluated": false
  },
  "burn_in_epochs": 500,
  "clustering": 0.16334586466165413,
  "elapsed_seconds": 0.42278075218200684,
  "ell_lock": 73.6186693161595,
  "engine_mode": "v_glue",
  "glue_state": {
    "cadence": {
      "field": "T",
      "mean": 0.9077214710004744,
      "var": 6.471124613141112e-32
    },
    "domains": {
      "counts": {
        "0": 4
      },
      "entropy": -1.000088900581841e-12
    },
    "phase": {
      "R": 1.0
    }
  },
  "hubshare": 0.05303030303030303,
  "islands": {
    "F_max": 0.75,
    "F_max_by_wstar": {
      "0.10": 1.0,
      "0.20": 1.0,
      "0.30": 0.75
    },
    "bundle_hist": {
      "1": 1,
      "3": 1
    },
    "bundle_hist_by_wstar": {
      "0.10": {
        "4": 1
      },
      "0.20": {
        "4": 1
      },
      "0.30": {
        "1": 1,
        "3": 1
      }
    },
    "bundle_sizes": [
      3,
      1
    ],
    "w_star": 0.3
  },
  "max_indegree": 7,
  "measure_epochs": 4500,
  "n": 0.8,
  "run_id": "pathA_scan_C5_W50_N4_s56791_56798__full__N4__n0.800__seed56795",
  "seed": 56795,
  "space_state": {
    "S_junc_w": 5.070009574970732,
    "S_perc": 1.0,
    "V_active_size": 44,
    "allow_cocreate_merge": false,
    "clustering": 0.16334586466165413,
    "domain_match": true,
    "enabled": true,
    "hubshare": 0.05303030303030303,
    "max_indegree": 7,
    "p_reuse_policy": "from_n",
    "p_reuse_value_last": 0.8
  },
  "steps_total": 5000,
  "variant": "full"
}