{
  "L": 0.233055834364319,
  "L_inst": 0.6208888888888889,
  "N": 4,
  "Q_clock": 0.466111668728638,
  "S_junc_w": 4.869146050741745,
  "S_perc": 1.0,
  "anomaly_flags": {
    "runaway_hubbing": false,
    "star_collapse": false,
    "tierB_evaluated": false
  },
  "burn_in_epochs": 500,
  "clustering": 0.11140955004591367,
  "elapsed_seconds": 0.42513108253479004,
  "ell_lock": 80.25608609885492,
  "engine_mode": "v_glue",
  "glue_state": {
    "cadence": {
      "field": "T",
      "mean": 0.9659402832439495,
      "var": 9.55261252416069e-32
    },
    "domains": {
      "counts": {
        "0": 4
      },
      "entropy": -1.000088900581841e-12
    },
    "phase": {
      "R": 1.0
    }
  },
  "hubshare": 0.07246376811594203,
  "islands": {
    "F_max": 1.0,
    "F_max_by_wstar": {
      "0.10": 1.0,
      "0.20": 1.0,
      "0.30": 1.0
    },
    "bundle_hist": {
      "4": 1
    },
    "bundle_hist_by_wstar": {
      "0.10": {
        "4": 1
      },
      "0.20": {
        "4": 1
      },
      "0.30": {
        "4": 1
      }
    },
    "bundle_sizes": [
      4
    ],
    "w_star": 0.3
  },
  "max_indegree": 10,
  "measure_epochs": 4500,
  "n": 0.8,
  "run_id": "pathA_scan_C5_W50_N4_s56791_56798__full__N4__n0.800__seed56794",
  "seed": 56794,
  "space_state": {
    "S_junc_w": 4.869146050741745,
    "S_perc": 1.0,
    "V_active_size": 48,
    "allow_cocreate_merge": false,
    "clustering": 0.11140955004591367,
    "domain_match": true,
    "enabled": true,
    "hubshare": 0.07246376811594203,
    "max_indegree": 10,
    "p_reuse_policy": "from_n",
    "p_reuse_value_last": 0.8
  },
  "steps_total": 5000,
  "variant": "full"
}