{
  "L": 0.38959485472208655,
  "L_inst": 0.6237777777777778,
  "N": 4,
  "Q_clock": 0.7791897094441731,
  "S_junc_w": 0.09815950920245399,
  "S_perc": 0.8159509202453987,
  "anomaly_flags": {
    "runaway_hubbing": false,
    "star_collapse": false,
    "tierB_evaluated": false
  },
  "burn_in_epochs": 500,
  "clustering": 0.0,
  "elapsed_seconds": 0.7961769104003906,
  "ell_lock": 65.22257959284266,
  "engine_mode": "v_glue",
  "glue_state": {
    "cadence": {
      "field": "T",
      "mean": 0.8414698447054035,
      "var": 3.697785493223493e-32
    },
    "domains": {
      "counts": {
        "0": 4
      },
      "entropy": -1.000088900581841e-12
    },
    "phase": {
      "R": 0.9999999999999999
    }
  },
  "hubshare": 0.0111731843575419,
  "islands": {
    "F_max": 0.25,
    "F_max_by_wstar": {
      "0.10": 0.25,
      "0.20": 0.25,
      "0.30": 0.25
    },
    "bundle_hist": {
      "1": 4
    },
    "bundle_hist_by_wstar": {
      "0.10": {
        "1": 4
      },
      "0.20": {
        "1": 4
      },
      "0.30": {
        "1": 4
      }
    },
    "bundle_sizes": [
      1,
      1,
      1,
      1
    ],
    "w_star": 0.3
  },
  "max_indegree": 2,
  "measure_epochs": 4500,
  "n": 0.2,
  "run_id": "pathA_scan_C5_W50_N4_s56791_56798__full__N4__n0.200__seed56798",
  "seed": 56798,
  "space_state": {
    "S_junc_w": 0.09815950920245399,
    "S_perc": 0.8159509202453987,
    "V_active_size": 163,
    "allow_cocreate_merge": false,
    "clustering": 0.0,
    "domain_match": true,
    "enabled": true,
    "hubshare": 0.0111731843575419,
    "max_indegree": 2,
    "p_reuse_policy": "from_n",
    "p_reuse_value_last": 0.2
  },
  "steps_total": 5000,
  "variant": "full"
}