{
  "L": 0.38364245122294177,
  "L_inst": 0.6864444444444444,
  "N": 4,
  "Q_clock": 0.7672849024458835,
  "S_junc_w": 0.16212473943975547,
  "S_perc": 0.6829268292682927,
  "anomaly_flags": {
    "runaway_hubbing": false,
    "star_collapse": false,
    "tierB_evaluated": false
  },
  "burn_in_epochs": 500,
  "clustering": 0.01653944020356234,
  "elapsed_seconds": 0.7975640296936035,
  "ell_lock": 68.77202542194964,
  "engine_mode": "v_glue",
  "glue_state": {
    "cadence": {
      "field": "T",
      "mean": 1.0859991154493438,
      "var": 1.7256332301709633e-31
    },
    "domains": {
      "counts": {
        "0": 4
      },
      "entropy": -1.000088900581841e-12
    },
    "phase": {
      "R": 1.0
    }
  },
  "hubshare": 0.016574585635359115,
  "islands": {
    "F_max": 0.25,
    "F_max_by_wstar": {
      "0.10": 0.25,
      "0.20": 0.25,
      "0.30": 0.25
    },
    "bundle_hist": {
      "1": 4
    },
    "bundle_hist_by_wstar": {
      "0.10": {
        "1": 4
      },
      "0.20": {
        "1": 4
      },
      "0.30": {
        "1": 4
      }
    },
    "bundle_sizes": [
      1,
      1,
      1,
      1
    ],
    "w_star": 0.3
  },
  "max_indegree": 3,
  "measure_epochs": 4500,
  "n": 0.2,
  "run_id": "pathA_scan_C5_W50_N4_s56791_56798__full__N4__n0.200__seed56797",
  "seed": 56797,
  "space_state": {
    "S_junc_w": 0.16212473943975547,
    "S_perc": 0.6829268292682927,
    "V_active_size": 164,
    "allow_cocreate_merge": false,
    "clustering": 0.01653944020356234,
    "domain_match": true,
    "enabled": true,
    "hubshare": 0.016574585635359115,
    "max_indegree": 3,
    "p_reuse_policy": "from_n",
    "p_reuse_value_last": 0.2
  },
  "steps_total": 5000,
  "variant": "full"
}