{
  "L": 0.31870620473168343,
  "L_inst": 0.6548888888888889,
  "N": 4,
  "Q_clock": 0.6374124094633669,
  "S_junc_w": 1.894738295259434,
  "S_perc": 0.9090909090909091,
  "anomaly_flags": {
    "runaway_hubbing": false,
    "star_collapse": false,
    "tierB_evaluated": false
  },
  "burn_in_epochs": 500,
  "clustering": 0.02685881370091896,
  "elapsed_seconds": 0.5657181739807129,
  "ell_lock": 70.00092025470815,
  "engine_mode": "v_glue",
  "glue_state": {
    "cadence": {
      "field": "T",
      "mean": 1.018105396757549,
      "var": 3.821045009664276e-31
    },
    "domains": {
      "counts": {
        "0": 4
      },
      "entropy": -1.000088900581841e-12
    },
    "phase": {
      "R": 1.0
    }
  },
  "hubshare": 0.033783783783783786,
  "islands": {
    "F_max": 0.25,
    "F_max_by_wstar": {
      "0.10": 1.0,
      "0.20": 0.25,
      "0.30": 0.25
    },
    "bundle_hist": {
      "1": 4
    },
    "bundle_hist_by_wstar": {
      "0.10": {
        "4": 1
      },
      "0.20": {
        "1": 4
      },
      "0.30": {
        "1": 4
      }
    },
    "bundle_sizes": [
      1,
      1,
      1,
      1
    ],
    "w_star": 0.3
  },
  "max_indegree": 5,
  "measure_epochs": 4500,
  "n": 0.6,
  "run_id": "pathA_scan_C5_W50_N4_s56791_56798__full__N4__n0.600__seed56793",
  "seed": 56793,
  "space_state": {
    "S_junc_w": 1.894738295259434,
    "S_perc": 0.9090909090909091,
    "V_active_size": 77,
    "allow_cocreate_merge": false,
    "clustering": 0.02685881370091896,
    "domain_match": true,
    "enabled": true,
    "hubshare": 0.033783783783783786,
    "max_indegree": 5,
    "p_reuse_policy": "from_n",
    "p_reuse_value_last": 0.6
  },
  "steps_total": 5000,
  "variant": "full"
}