{
  "L": 0.12507883472963463,
  "L_inst": 0.6403888888888889,
  "N": 8,
  "Q_clock": 0.3537763688809444,
  "S_junc_w": 0.0,
  "S_perc": 0.0,
  "anomaly_flags": {
    "runaway_hubbing": false,
    "star_collapse": false,
    "tierB_evaluated": false
  },
  "burn_in_epochs": 500,
  "clustering": null,
  "elapsed_seconds": 0.3479268550872803,
  "ell_lock": 119.44209304483816,
  "engine_mode": "v_glue",
  "glue_state": {
    "cadence": {
      "field": "T",
      "mean": 0.9333127058706165,
      "var": 1.1093356479670479e-31
    },
    "domains": {
      "counts": {
        "0": 2,
        "1": 2,
        "2": 1,
        "3": 3
      },
      "entropy": 1.3208883431453222
    },
    "phase": {
      "R": 0.9999999999999999
    }
  },
  "hubshare": 0.0,
  "max_indegree": 0,
  "measure_epochs": 4500,
  "n": 0.0,
  "run_id": "vreg_C9_W50_N2N4N6N8_s90123_90138_vglue__full__N8__n0.000__seed90131",
  "seed": 90131,
  "steps_total": 5000,
  "variant": "full"
}