{
  "L": 0.40942818370034534,
  "L_inst": 0.716,
  "N": 2,
  "Q_clock": 0.5790188902068114,
  "S_junc_w": 0.0,
  "S_perc": 0.0,
  "anomaly_flags": {
    "runaway_hubbing": false,
    "star_collapse": false,
    "tierB_evaluated": false
  },
  "burn_in_epochs": 500,
  "clustering": null,
  "elapsed_seconds": 0.2805328369140625,
  "ell_lock": 58.371200944215694,
  "engine_mode": "v_glue",
  "glue_state": {
    "cadence": {
      "field": "T",
      "mean": 0.9382953597386586,
      "var": 1.1093356479670479e-31
    },
    "domains": {
      "counts": {
        "0": 1,
        "1": 1
      },
      "entropy": 0.6931471805579453
    },
    "phase": {
      "R": 0.9999999999999999
    }
  },
  "hubshare": 0.0,
  "max_indegree": 0,
  "measure_epochs": 4500,
  "n": 0.0,
  "run_id": "vreg_C9_W50_N2N4N6N8_s90123_90138_vglue__full__N2__n0.000__seed90138",
  "seed": 90138,
  "steps_total": 5000,
  "variant": "full"
}