{
  "L": 0.31221576669988527,
  "L_inst": 0.6645555555555556,
  "N": 4,
  "Q_clock": 0.6244315333997705,
  "S_junc_w": 0.0,
  "S_perc": 0.0,
  "anomaly_flags": {
    "runaway_hubbing": false,
    "star_collapse": false,
    "tierB_evaluated": false
  },
  "burn_in_epochs": 500,
  "clustering": null,
  "elapsed_seconds": 0.2633810043334961,
  "ell_lock": 77.26685270489048,
  "engine_mode": "v_glue",
  "glue_state": {
    "cadence": {
      "field": "T",
      "mean": 0.9745220963176425,
      "var": 6.162975822039155e-32
    },
    "domains": {
      "counts": {
        "0": 2,
        "1": 2
      },
      "entropy": 0.6931471805579453
    },
    "phase": {
      "R": 0.9999999999999999
    }
  },
  "hubshare": 0.0,
  "max_indegree": 0,
  "measure_epochs": 4500,
  "n": 0.0,
  "run_id": "vreg_C9_W50_N2N4N6N8_s90123_90138_vglue__full__N4__n0.000__seed90133",
  "seed": 90133,
  "steps_total": 5000,
  "variant": "full"
}