{
  "L": 0.29161002178067474,
  "L_inst": 0.6723333333333333,
  "N": 4,
  "Q_clock": 0.5832200435613495,
  "S_junc_w": 0.0,
  "S_perc": 0.0,
  "anomaly_flags": {
    "runaway_hubbing": false,
    "star_collapse": false,
    "tierB_evaluated": false
  },
  "burn_in_epochs": 500,
  "clustering": null,
  "elapsed_seconds": 0.31270599365234375,
  "ell_lock": 78.4342326445502,
  "engine_mode": "v_glue",
  "glue_state": {
    "cadence": {
      "field": "T",
      "mean": 1.0390716830010889,
      "var": 1.8488927466117464e-31
    },
    "domains": {
      "counts": {
        "1": 1,
        "2": 2,
        "3": 1
      },
      "entropy": 1.039720770836918
    },
    "phase": {
      "R": 1.0
    }
  },
  "hubshare": 0.0,
  "max_indegree": 0,
  "measure_epochs": 4500,
  "n": 0.0,
  "run_id": "vreg_C9_W50_N2N4N6N8_s90123_90138_vglue__full__N4__n0.000__seed90132",
  "seed": 90132,
  "steps_total": 5000,
  "variant": "full"
}