{
  "L": 0.6093561028843818,
  "L_inst": 0.7773333333333333,
  "N": 2,
  "Q_clock": 0.8617596650139079,
  "S_junc_w": 0.0,
  "S_perc": 0.0,
  "anomaly_flags": {
    "runaway_hubbing": false,
    "star_collapse": false,
    "tierB_evaluated": false
  },
  "burn_in_epochs": 500,
  "clustering": null,
  "elapsed_seconds": 0.22933101654052734,
  "ell_lock": 76.67121297331607,
  "engine_mode": "v_glue",
  "glue_state": {
    "cadence": {
      "field": "T",
      "mean": 1.4179495992303608,
      "var": 4.437342591868191e-31
    },
    "domains": {
      "counts": {
        "2": 2
      },
      "entropy": -1.000088900581841e-12
    },
    "phase": {
      "R": 1.0
    }
  },
  "hubshare": 0.0,
  "max_indegree": 0,
  "measure_epochs": 4500,
  "n": 0.0,
  "run_id": "vreg_C9_W50_N2N4N6N8_s90123_90138_vglue__full__N2__n0.000__seed90135",
  "seed": 90135,
  "steps_total": 5000,
  "variant": "full"
}