{
  "L": 0.31610745290103026,
  "L_inst": 0.6362222222222222,
  "N": 4,
  "Q_clock": 0.6322149058020605,
  "S_junc_w": 0.0,
  "S_perc": 0.0,
  "anomaly_flags": {
    "runaway_hubbing": false,
    "star_collapse": false,
    "tierB_evaluated": false
  },
  "burn_in_epochs": 500,
  "clustering": null,
  "elapsed_seconds": 0.31302595138549805,
  "ell_lock": 94.0312700821608,
  "engine_mode": "v_glue",
  "glue_state": {
    "cadence": {
      "field": "T",
      "mean": 0.991293655539947,
      "var": 1.1093356479670479e-31
    },
    "domains": {
      "counts": {
        "0": 1,
        "2": 1,
        "3": 2
      },
      "entropy": 1.039720770836918
    },
    "phase": {
      "R": 1.0
    }
  },
  "hubshare": 0.0,
  "max_indegree": 0,
  "measure_epochs": 4500,
  "n": 0.0,
  "run_id": "vreg_C9_W50_N2N4N6N8_s90123_90138_vglue__full__N4__n0.000__seed90126",
  "seed": 90126,
  "steps_total": 5000,
  "variant": "full"
}