{
  "L": 0.17442723429093798,
  "L_inst": 0.6974074074074074,
  "N": 6,
  "Q_clock": 0.4272577212576908,
  "S_junc_w": 0.0,
  "S_perc": 0.0,
  "anomaly_flags": {
    "runaway_hubbing": false,
    "star_collapse": false,
    "tierB_evaluated": false
  },
  "burn_in_epochs": 500,
  "clustering": null,
  "elapsed_seconds": 0.2696959972381592,
  "ell_lock": 102.78155582450984,
  "engine_mode": "v_glue",
  "glue_state": {
    "cadence": {
      "field": "T",
      "mean": 1.0353847203555733,
      "var": 4.437342591868191e-31
    },
    "domains": {
      "counts": {
        "2": 2,
        "3": 4
      },
      "entropy": 0.6365141682928128
    },
    "phase": {
      "R": 0.9999999999999998
    }
  },
  "hubshare": 0.0,
  "max_indegree": 0,
  "measure_epochs": 4500,
  "n": 0.0,
  "run_id": "vreg_C9_W50_N2N4N6N8_s90123_90138_vglue__full__N6__n0.000__seed90137",
  "seed": 90137,
  "steps_total": 5000,
  "variant": "full"
}