{
  "L": 0.14826451857052061,
  "L_inst": 0.6802962962962962,
  "N": 6,
  "Q_clock": 0.36317241745717627,
  "S_junc_w": 0.0,
  "S_perc": 0.0,
  "anomaly_flags": {
    "runaway_hubbing": false,
    "star_collapse": false,
    "tierB_evaluated": false
  },
  "burn_in_epochs": 500,
  "clustering": null,
  "elapsed_seconds": 0.3115682601928711,
  "ell_lock": 112.22029066584038,
  "engine_mode": "v_glue",
  "glue_state": {
    "cadence": {
      "field": "T",
      "mean": 1.1717845997970724,
      "var": 4.026477537065581e-31
    },
    "domains": {
      "counts": {
        "1": 1,
        "2": 2,
        "3": 3
      },
      "entropy": 1.0114042647043517
    },
    "phase": {
      "R": 0.9999999999999998
    }
  },
  "hubshare": 0.0,
  "max_indegree": 0,
  "measure_epochs": 4500,
  "n": 0.0,
  "run_id": "vreg_C9_W50_N2N4N6N8_s90123_90138_vglue__full__N6__n0.000__seed90129",
  "seed": 90129,
  "steps_total": 5000,
  "variant": "full"
}