{
  "L": 0.19398453181235706,
  "L_inst": 0.673,
  "N": 8,
  "Q_clock": 0.548671111559261,
  "S_junc_w": 0.0,
  "S_perc": 0.0,
  "anomaly_flags": {
    "runaway_hubbing": false,
    "star_collapse": false,
    "tierB_evaluated": false
  },
  "burn_in_epochs": 500,
  "clustering": null,
  "elapsed_seconds": 0.34987807273864746,
  "ell_lock": 139.2467581085232,
  "engine_mode": "v_glue",
  "glue_state": {
    "cadence": {
      "field": "T",
      "mean": 0.976378852459637,
      "var": 7.241496590896007e-32
    },
    "domains": {
      "counts": {
        "0": 1,
        "1": 4,
        "2": 2,
        "3": 1
      },
      "entropy": 1.2130075659759043
    },
    "phase": {
      "R": 1.0
    }
  },
  "hubshare": 0.0,
  "max_indegree": 0,
  "measure_epochs": 4500,
  "n": 0.0,
  "run_id": "vreg_C9_W50_N2N4N6N8_s90123_90138_vglue__full__N8__n0.000__seed90126",
  "seed": 90126,
  "steps_total": 5000,
  "variant": "full"
}