{
  "L": 0.2803752975353402,
  "L_inst": 0.6448888888888888,
  "N": 4,
  "Q_clock": 0.5607505950706804,
  "S_junc_w": 0.0,
  "S_perc": 0.0,
  "anomaly_flags": {
    "runaway_hubbing": false,
    "star_collapse": false,
    "tierB_evaluated": false
  },
  "burn_in_epochs": 500,
  "clustering": null,
  "elapsed_seconds": 0.26398301124572754,
  "ell_lock": 74.73436134671786,
  "engine_mode": "v_glue",
  "glue_state": {
    "cadence": {
      "field": "T",
      "mean": 1.0014901951210358,
      "var": 3.821045009664276e-31
    },
    "domains": {
      "counts": {
        "1": 2,
        "2": 2
      },
      "entropy": 0.6931471805579453
    },
    "phase": {
      "R": 0.9999999999999999
    }
  },
  "hubshare": 0.0,
  "max_indegree": 0,
  "measure_epochs": 4500,
  "n": 0.0,
  "run_id": "vreg_C9_W50_N2N4N6N8_s90123_90138_vglue__full__N4__n0.000__seed90131",
  "seed": 90131,
  "steps_total": 5000,
  "variant": "full"
}