{
  "L": 0.16807369105187037,
  "L_inst": 0.6618888888888889,
  "N": 8,
  "Q_clock": 0.4753841867273212,
  "S_junc_w": 0.0,
  "S_perc": 0.0,
  "anomaly_flags": {
    "runaway_hubbing": false,
    "star_collapse": false,
    "tierB_evaluated": false
  },
  "burn_in_epochs": 500,
  "clustering": null,
  "elapsed_seconds": 0.3512740135192871,
  "ell_lock": 126.27700703696931,
  "engine_mode": "v_glue",
  "glue_state": {
    "cadence": {
      "field": "T",
      "mean": 0.914322453872546,
      "var": 3.697785493223493e-32
    },
    "domains": {
      "counts": {
        "0": 2,
        "1": 1,
        "2": 4,
        "3": 1
      },
      "entropy": 1.2130075659759043
    },
    "phase": {
      "R": 1.0
    }
  },
  "hubshare": 0.0,
  "max_indegree": 0,
  "measure_epochs": 4500,
  "n": 0.0,
  "run_id": "vreg_C9_W50_N2N4N6N8_s90123_90138_vglue__full__N8__n0.000__seed90124",
  "seed": 90124,
  "steps_total": 5000,
  "variant": "full"
}