{
  "L": 0.4602534530440774,
  "L_inst": 0.7451111111111111,
  "N": 2,
  "Q_clock": 0.6508966754239828,
  "S_junc_w": 0.0,
  "S_perc": 0.0,
  "anomaly_flags": {
    "runaway_hubbing": false,
    "star_collapse": false,
    "tierB_evaluated": false
  },
  "burn_in_epochs": 500,
  "clustering": null,
  "elapsed_seconds": 0.27101683616638184,
  "ell_lock": 71.94425681420458,
  "engine_mode": "v_glue",
  "glue_state": {
    "cadence": {
      "field": "T",
      "mean": 1.2457845951514162,
      "var": 4.437342591868191e-31
    },
    "domains": {
      "counts": {
        "1": 1,
        "3": 1
      },
      "entropy": 0.6931471805579453
    },
    "phase": {
      "R": 1.0
    }
  },
  "hubshare": 0.0,
  "max_indegree": 0,
  "measure_epochs": 4500,
  "n": 0.0,
  "run_id": "vreg_C9_W50_N2N4N6N8_s90123_90138_vglue__full__N2__n0.000__seed90128",
  "seed": 90128,
  "steps_total": 5000,
  "variant": "full"
}