{
  "L": 0.10273527302737154,
  "L_inst": 0.6721481481481482,
  "N": 6,
  "Q_clock": 0.25164899750257586,
  "S_junc_w": 0.0,
  "S_perc": 0.0,
  "anomaly_flags": {
    "runaway_hubbing": false,
    "star_collapse": false,
    "tierB_evaluated": false
  },
  "burn_in_epochs": 500,
  "clustering": null,
  "elapsed_seconds": 0.30960988998413086,
  "ell_lock": 117.85273638008525,
  "engine_mode": "v_glue",
  "glue_state": {
    "cadence": {
      "field": "T",
      "mean": 1.0175104645893593,
      "var": 3.0404014055393165e-31
    },
    "domains": {
      "counts": {
        "0": 1,
        "1": 3,
        "2": 2
      },
      "entropy": 1.0114042647043517
    },
    "phase": {
      "R": 1.0
    }
  },
  "hubshare": 0.0,
  "max_indegree": 0,
  "measure_epochs": 4500,
  "n": 0.0,
  "run_id": "vreg_C9_W50_N2N4N6N8_s90123_90138_vglue__full__N6__n0.000__seed90125",
  "seed": 90125,
  "steps_total": 5000,
  "variant": "full"
}