{
  "L": 0.19225972293777358,
  "L_inst": 0.6682222222222223,
  "N": 8,
  "Q_clock": 0.5437926153533861,
  "S_junc_w": 0.0,
  "S_perc": 0.0,
  "anomaly_flags": {
    "runaway_hubbing": false,
    "star_collapse": false,
    "tierB_evaluated": false
  },
  "burn_in_epochs": 500,
  "clustering": null,
  "elapsed_seconds": 0.35332608222961426,
  "ell_lock": 153.88082497275568,
  "engine_mode": "v_glue",
  "glue_state": {
    "cadence": {
      "field": "T",
      "mean": 1.0216791115873858,
      "var": 4.129193800766234e-31
    },
    "domains": {
      "counts": {
        "0": 1,
        "1": 4,
        "2": 1,
        "3": 2
      },
      "entropy": 1.2130075659759043
    },
    "phase": {
      "R": 1.0
    }
  },
  "hubshare": 0.0,
  "max_indegree": 0,
  "measure_epochs": 4500,
  "n": 0.0,
  "run_id": "vreg_C9_W50_N2N4N6N8_s90123_90138_vglue__full__N8__n0.000__seed90136",
  "seed": 90136,
  "steps_total": 5000,
  "variant": "full"
}