{
  "L": 0.27265987500312805,
  "L_inst": 0.674074074074074,
  "N": 6,
  "Q_clock": 0.6678775670887055,
  "S_junc_w": 0.0,
  "S_perc": 0.0,
  "anomaly_flags": {
    "runaway_hubbing": false,
    "star_collapse": false,
    "tierB_evaluated": false
  },
  "burn_in_epochs": 500,
  "clustering": null,
  "elapsed_seconds": 0.3136429786682129,
  "ell_lock": 86.65993915835881,
  "engine_mode": "v_glue",
  "glue_state": {
    "cadence": {
      "field": "T",
      "mean": 1.0584010466987877,
      "var": 3.3690934493814044e-31
    },
    "domains": {
      "counts": {
        "0": 1,
        "1": 2,
        "2": 3
      },
      "entropy": 1.0114042647043517
    },
    "phase": {
      "R": 0.9999999999999998
    }
  },
  "hubshare": 0.0,
  "max_indegree": 0,
  "measure_epochs": 4500,
  "n": 0.0,
  "run_id": "vreg_C9_W50_N2N4N6N8_s90123_90138_vglue__full__N6__n0.000__seed90135",
  "seed": 90135,
  "steps_total": 5000,
  "variant": "full"
}