{
  "L": 0.38025478204003027,
  "L_inst": 0.7022222222222222,
  "N": 2,
  "Q_clock": 0.537761469918236,
  "S_junc_w": 0.0,
  "S_perc": 0.0,
  "anomaly_flags": {
    "runaway_hubbing": false,
    "star_collapse": false,
    "tierB_evaluated": false
  },
  "burn_in_epochs": 500,
  "clustering": null,
  "elapsed_seconds": 0.26993298530578613,
  "ell_lock": 66.2181758387142,
  "engine_mode": "v_glue",
  "glue_state": {
    "cadence": {
      "field": "T",
      "mean": 0.8504249455263708,
      "var": 1.1093356479670479e-31
    },
    "domains": {
      "counts": {
        "1": 1,
        "3": 1
      },
      "entropy": 0.6931471805579453
    },
    "phase": {
      "R": 1.0
    }
  },
  "hubshare": 0.0,
  "max_indegree": 0,
  "measure_epochs": 4500,
  "n": 0.0,
  "run_id": "vreg_C9_W50_N2N4N6N8_s90123_90138_vglue__full__N2__n0.000__seed90124",
  "seed": 90124,
  "steps_total": 5000,
  "variant": "full"
}