{
  "L": 0.29158350898998947,
  "L_inst": 0.7261111111111112,
  "N": 4,
  "Q_clock": 0.5831670179799789,
  "S_junc_w": 0.0,
  "S_perc": 0.0,
  "anomaly_flags": {
    "runaway_hubbing": false,
    "star_collapse": false,
    "tierB_evaluated": false
  },
  "burn_in_epochs": 500,
  "clustering": null,
  "elapsed_seconds": 0.27689075469970703,
  "ell_lock": 99.18644641098302,
  "engine_mode": "v_glue",
  "glue_state": {
    "cadence": {
      "field": "T",
      "mean": 1.0363014164596653,
      "var": 1.355854680848614e-31
    },
    "domains": {
      "counts": {
        "2": 3,
        "3": 1
      },
      "entropy": 0.5623351446168083
    },
    "phase": {
      "R": 1.0
    }
  },
  "hubshare": 0.0,
  "max_indegree": 0,
  "measure_epochs": 4500,
  "n": 0.0,
  "run_id": "vreg_C9_W50_N2N4N6N8_s90123_90138_vglue__full__N4__n0.000__seed90125",
  "seed": 90125,
  "steps_total": 5000,
  "variant": "full"
}