{
  "L": 0.4120619470515992,
  "L_inst": 0.7346666666666667,
  "N": 2,
  "Q_clock": 0.5827435940582358,
  "S_junc_w": 0.0,
  "S_perc": 0.0,
  "anomaly_flags": {
    "runaway_hubbing": false,
    "star_collapse": false,
    "tierB_evaluated": false
  },
  "burn_in_epochs": 500,
  "clustering": null,
  "elapsed_seconds": 0.2271559238433838,
  "ell_lock": 69.3886625651256,
  "engine_mode": "v_glue",
  "glue_state": {
    "cadence": {
      "field": "T",
      "mean": 0.8579509953984006,
      "var": 1.1093356479670479e-31
    },
    "domains": {
      "counts": {
        "1": 2
      },
      "entropy": -1.000088900581841e-12
    },
    "phase": {
      "R": 1.0
    }
  },
  "hubshare": 0.0,
  "max_indegree": 0,
  "measure_epochs": 4500,
  "n": 0.0,
  "run_id": "vreg_C9_W50_N2N4N6N8_s90123_90138_vglue__full__N2__n0.000__seed90126",
  "seed": 90126,
  "steps_total": 5000,
  "variant": "full"
}