{
  "L": 0.2641107560947564,
  "L_inst": 0.6986111111111111,
  "N": 8,
  "Q_clock": 0.7470180264756342,
  "S_junc_w": 0.0,
  "S_perc": 0.0,
  "anomaly_flags": {
    "runaway_hubbing": false,
    "star_collapse": false,
    "tierB_evaluated": false
  },
  "burn_in_epochs": 500,
  "clustering": null,
  "elapsed_seconds": 0.361309289932251,
  "ell_lock": 157.823914185478,
  "engine_mode": "v_glue",
  "glue_state": {
    "cadence": {
      "field": "T",
      "mean": 1.0366985781632527,
      "var": 4.437342591868191e-31
    },
    "domains": {
      "counts": {
        "0": 3,
        "1": 3,
        "2": 1,
        "3": 1
      },
      "entropy": 1.2554823251747536
    },
    "phase": {
      "R": 1.0
    }
  },
  "hubshare": 0.0,
  "max_indegree": 0,
  "measure_epochs": 4500,
  "n": 0.0,
  "run_id": "vreg_C9_W50_N2N4N6N8_s90123_90138_vglue__full__N8__n0.000__seed90129",
  "seed": 90129,
  "steps_total": 5000,
  "variant": "full"
}