{
  "L": 0.25726954416704745,
  "L_inst": 0.6447407407407407,
  "N": 6,
  "Q_clock": 0.6301791095676864,
  "S_junc_w": 0.0,
  "S_perc": 0.0,
  "anomaly_flags": {
    "runaway_hubbing": false,
    "star_collapse": false,
    "tierB_evaluated": false
  },
  "burn_in_epochs": 500,
  "clustering": null,
  "elapsed_seconds": 0.31206393241882324,
  "ell_lock": 80.31015263156573,
  "engine_mode": "v_glue",
  "glue_state": {
    "cadence": {
      "field": "T",
      "mean": 0.9894174220374342,
      "var": 5.752110767236545e-32
    },
    "domains": {
      "counts": {
        "1": 2,
        "2": 1,
        "3": 3
      },
      "entropy": 1.0114042647043517
    },
    "phase": {
      "R": 0.9999999999999999
    }
  },
  "hubshare": 0.0,
  "max_indegree": 0,
  "measure_epochs": 4500,
  "n": 0.0,
  "run_id": "vreg_C9_W50_N2N4N6N8_s90123_90138_vglue__full__N6__n0.000__seed90133",
  "seed": 90133,
  "steps_total": 5000,
  "variant": "full"
}