{
  "L": 0.5424219328336433,
  "L_inst": 0.7567777777777778,
  "N": 4,
  "Q_clock": 1.0848438656672865,
  "S_junc_w": 4.602509148497548,
  "S_perc": 0.9647058823529412,
  "anomaly_flags": {
    "runaway_hubbing": false,
    "star_collapse": false,
    "tierB_evaluated": false
  },
  "burn_in_epochs": 500,
  "clustering": 0.05771475256769374,
  "elapsed_seconds": 0.43849706649780273,
  "ell_lock": 110.19811619106756,
  "engine_mode": "v_glue",
  "geometry": {
    "P_return_sample": [
      0.0,
      0.30333333333333334,
      0.006666666666666667,
      0.2,
      0.006666666666666667,
      0.10333333333333333,
      0.01,
      0.06666666666666667,
      0.013333333333333334,
      0.04666666666666667,
      0.013333333333333334,
      0.03666666666666667
    ],
    "comp_size": 82,
    "ds_est": 1.0841188914517579,
    "enabled": true,
    "fit_t_max": 30,
    "fit_t_min": 5,
    "n_walkers": 300,
    "t_max": 60
  },
  "glue_state": {
    "cadence": {
      "field": "T",
      "mean": 0.9886640975539268,
      "var": 9.55261252416069e-32
    },
    "domains": {
      "counts": {
        "0": 4
      },
      "entropy": -1.000088900581841e-12
    },
    "phase": {
      "R": 0.9999999999999999
    }
  },
  "hubshare": 0.03862660944206009,
  "islands": {
    "F_max": 1.0,
    "F_max_by_wstar": {
      "0.10": 1.0,
      "0.20": 1.0,
      "0.30": 1.0
    },
    "bundle_hist": {
      "4": 1
    },
    "bundle_hist_by_wstar": {
      "0.10": {
        "4": 1
      },
      "0.20": {
        "4": 1
      },
      "0.30": {
        "4": 1
      }
    },
    "bundle_sizes": [
      4
    ],
    "w_star": 0.3
  },
  "max_indegree": 9,
  "measure_epochs": 4500,
  "n": 0.8,
  "run_id": "geometry_probe_C5_W100_N4_n0p8__full__N4__n0.800__seed56792",
  "seed": 56792,
  "space_state": {
    "S_junc_w": 4.602509148497548,
    "S_perc": 0.9647058823529412,
    "V_active_size": 85,
    "allow_cocreate_merge": false,
    "clustering": 0.05771475256769374,
    "domain_match": true,
    "enabled": true,
    "hubshare": 0.03862660944206009,
    "max_indegree": 9,
    "p_reuse_policy": "from_n",
    "p_reuse_value_last": 0.8
  },
  "steps_total": 5000,
  "variant": "full"
}