{
  "L": 0.46483037058253984,
  "L_inst": 0.7243333333333334,
  "N": 4,
  "Q_clock": 0.9296607411650797,
  "S_junc_w": 4.877524179025188,
  "S_perc": 0.979381443298969,
  "anomaly_flags": {
    "runaway_hubbing": false,
    "star_collapse": false,
    "tierB_evaluated": false
  },
  "burn_in_epochs": 500,
  "clustering": 0.03734455307489015,
  "elapsed_seconds": 0.44713497161865234,
  "ell_lock": 114.15945660094054,
  "engine_mode": "v_glue",
  "geometry": {
    "P_return_sample": [
      0.0,
      0.23333333333333334,
      0.0,
      0.07,
      0.01,
      0.02,
      0.006666666666666667,
      0.03333333333333333,
      0.03,
      0.01,
      0.02,
      0.0033333333333333335
    ],
    "comp_size": 95,
    "ds_est": 0.2633489917912241,
    "enabled": true,
    "fit_t_max": 30,
    "fit_t_min": 5,
    "n_walkers": 300,
    "t_max": 60
  },
  "glue_state": {
    "cadence": {
      "field": "T",
      "mean": 0.9659402832439495,
      "var": 9.55261252416069e-32
    },
    "domains": {
      "counts": {
        "0": 4
      },
      "entropy": -1.000088900581841e-12
    },
    "phase": {
      "R": 1.0
    }
  },
  "hubshare": 0.03597122302158273,
  "islands": {
    "F_max": 1.0,
    "F_max_by_wstar": {
      "0.10": 1.0,
      "0.20": 1.0,
      "0.30": 1.0
    },
    "bundle_hist": {
      "4": 1
    },
    "bundle_hist_by_wstar": {
      "0.10": {
        "4": 1
      },
      "0.20": {
        "4": 1
      },
      "0.30": {
        "4": 1
      }
    },
    "bundle_sizes": [
      4
    ],
    "w_star": 0.3
  },
  "max_indegree": 10,
  "measure_epochs": 4500,
  "n": 0.8,
  "run_id": "geometry_probe_C5_W100_N4_n0p8__full__N4__n0.800__seed56794",
  "seed": 56794,
  "space_state": {
    "S_junc_w": 4.877524179025188,
    "S_perc": 0.979381443298969,
    "V_active_size": 97,
    "allow_cocreate_merge": false,
    "clustering": 0.03734455307489015,
    "domain_match": true,
    "enabled": true,
    "hubshare": 0.03597122302158273,
    "max_indegree": 10,
    "p_reuse_policy": "from_n",
    "p_reuse_value_last": 0.8
  },
  "steps_total": 5000,
  "variant": "full"
}