{
  "L": 0.3510570726328014,
  "L_inst": 0.7372222222222222,
  "N": 4,
  "Q_clock": 0.7021141452656028,
  "S_junc_w": 4.318446598644228,
  "S_perc": 0.9782608695652174,
  "anomaly_flags": {
    "runaway_hubbing": false,
    "star_collapse": false,
    "tierB_evaluated": false
  },
  "burn_in_epochs": 500,
  "clustering": 0.03491508491508492,
  "elapsed_seconds": 0.4362776279449463,
  "ell_lock": 94.0185646684904,
  "engine_mode": "v_glue",
  "geometry": {
    "P_return_sample": [
      0.0,
      0.30333333333333334,
      0.006666666666666667,
      0.17666666666666667,
      0.016666666666666666,
      0.14666666666666667,
      0.013333333333333334,
      0.07333333333333333,
      0.0033333333333333335,
      0.06,
      0.016666666666666666,
      0.07
    ],
    "comp_size": 90,
    "ds_est": 1.5051057341039464,
    "enabled": true,
    "fit_t_max": 30,
    "fit_t_min": 5,
    "n_walkers": 300,
    "t_max": 60
  },
  "glue_state": {
    "cadence": {
      "field": "T",
      "mean": 0.9153834139060076,
      "var": 6.471124613141112e-32
    },
    "domains": {
      "counts": {
        "0": 4
      },
      "entropy": -1.000088900581841e-12
    },
    "phase": {
      "R": 0.9999999999999999
    }
  },
  "hubshare": 0.04065040650406504,
  "islands": {
    "F_max": 1.0,
    "F_max_by_wstar": {
      "0.10": 1.0,
      "0.20": 1.0,
      "0.30": 1.0
    },
    "bundle_hist": {
      "4": 1
    },
    "bundle_hist_by_wstar": {
      "0.10": {
        "4": 1
      },
      "0.20": {
        "4": 1
      },
      "0.30": {
        "4": 1
      }
    },
    "bundle_sizes": [
      4
    ],
    "w_star": 0.3
  },
  "max_indegree": 10,
  "measure_epochs": 4500,
  "n": 0.8,
  "run_id": "geometry_probe_C5_W100_N4_n0p8__full__N4__n0.800__seed56791",
  "seed": 56791,
  "space_state": {
    "S_junc_w": 4.318446598644228,
    "S_perc": 0.9782608695652174,
    "V_active_size": 92,
    "allow_cocreate_merge": false,
    "clustering": 0.03491508491508492,
    "domain_match": true,
    "enabled": true,
    "hubshare": 0.04065040650406504,
    "max_indegree": 10,
    "p_reuse_policy": "from_n",
    "p_reuse_value_last": 0.8
  },
  "steps_total": 5000,
  "variant": "full"
}