{
  "L": 0.39619559642187835,
  "L_inst": 0.756,
  "N": 4,
  "Q_clock": 0.7923911928437567,
  "S_junc_w": 1.8827995942480853,
  "S_perc": 0.9411764705882353,
  "anomaly_flags": {
    "runaway_hubbing": false,
    "star_collapse": false,
    "tierB_evaluated": false
  },
  "burn_in_epochs": 500,
  "clustering": 0.028311324529811926,
  "elapsed_seconds": 0.6040730476379395,
  "ell_lock": 105.88972309360503,
  "engine_mode": "v_glue",
  "geometry": {
    "P_return_sample": [
      0.0,
      0.2966666666666667,
      0.006666666666666667,
      0.19333333333333333,
      0.006666666666666667,
      0.13,
      0.01,
      0.043333333333333335,
      0.006666666666666667,
      0.07666666666666666,
      0.0033333333333333335,
      0.05333333333333334
    ],
    "comp_size": 144,
    "ds_est": -0.4337509325647932,
    "enabled": true,
    "fit_t_max": 400,
    "fit_t_min": 30,
    "n_walkers": 300,
    "t_max": 60
  },
  "glue_state": {
    "cadence": {
      "field": "T",
      "mean": 0.9077214710004744,
      "var": 6.471124613141112e-32
    },
    "domains": {
      "counts": {
        "0": 4
      },
      "entropy": -1.000088900581841e-12
    },
    "phase": {
      "R": 1.0
    }
  },
  "hubshare": 0.017241379310344827,
  "islands": {
    "F_max": 0.25,
    "F_max_by_wstar": {
      "0.10": 1.0,
      "0.20": 0.25,
      "0.30": 0.25
    },
    "bundle_hist": {
      "1": 4
    },
    "bundle_hist_by_wstar": {
      "0.10": {
        "4": 1
      },
      "0.20": {
        "1": 4
      },
      "0.30": {
        "1": 4
      }
    },
    "bundle_sizes": [
      1,
      1,
      1,
      1
    ],
    "w_star": 0.3
  },
  "max_indegree": 5,
  "measure_epochs": 4500,
  "n": 0.6,
  "run_id": "geometry_scan_C5_W100_N4_n0p2_0p6_0p8_s56791_56798__full__N4__n0.600__seed56795",
  "seed": 56795,
  "space_state": {
    "S_junc_w": 1.8827995942480853,
    "S_perc": 0.9411764705882353,
    "V_active_size": 153,
    "allow_cocreate_merge": false,
    "clustering": 0.028311324529811926,
    "domain_match": true,
    "enabled": true,
    "hubshare": 0.017241379310344827,
    "max_indegree": 5,
    "p_reuse_policy": "from_n",
    "p_reuse_value_last": 0.6
  },
  "steps_total": 5000,
  "variant": "full"
}