{
  "L": 0.43761239867402885,
  "L_inst": 0.7331111111111112,
  "N": 4,
  "Q_clock": 0.8752247973480577,
  "S_junc_w": 0.12662164528342715,
  "S_perc": 0.780564263322884,
  "anomaly_flags": {
    "runaway_hubbing": false,
    "star_collapse": false,
    "tierB_evaluated": false
  },
  "burn_in_epochs": 500,
  "clustering": 0.008736559139784945,
  "elapsed_seconds": 0.8163731098175049,
  "ell_lock": 112.2237016711895,
  "engine_mode": "v_glue",
  "geometry": {
    "enabled": true,
    "reason": "below_sperc_threshold(0.8)"
  },
  "glue_state": {
    "cadence": {
      "field": "T",
      "mean": 0.9659402832439495,
      "var": 9.55261252416069e-32
    },
    "domains": {
      "counts": {
        "0": 4
      },
      "entropy": -1.000088900581841e-12
    },
    "phase": {
      "R": 1.0
    }
  },
  "hubshare": 0.0084985835694051,
  "islands": {
    "F_max": 0.25,
    "F_max_by_wstar": {
      "0.10": 0.25,
      "0.20": 0.25,
      "0.30": 0.25
    },
    "bundle_hist": {
      "1": 4
    },
    "bundle_hist_by_wstar": {
      "0.10": {
        "1": 4
      },
      "0.20": {
        "1": 4
      },
      "0.30": {
        "1": 4
      }
    },
    "bundle_sizes": [
      1,
      1,
      1,
      1
    ],
    "w_star": 0.3
  },
  "max_indegree": 3,
  "measure_epochs": 4500,
  "n": 0.2,
  "run_id": "geometry_scan_C5_W100_N4_n0p2_0p6_0p8_s56791_56798__full__N4__n0.200__seed56794",
  "seed": 56794,
  "space_state": {
    "S_junc_w": 0.12662164528342715,
    "S_perc": 0.780564263322884,
    "V_active_size": 319,
    "allow_cocreate_merge": false,
    "clustering": 0.008736559139784945,
    "domain_match": true,
    "enabled": true,
    "hubshare": 0.0084985835694051,
    "max_indegree": 3,
    "p_reuse_policy": "from_n",
    "p_reuse_value_last": 0.2
  },
  "steps_total": 5000,
  "variant": "full"
}