{
  "L": 0.6982039366488185,
  "L_inst": 0.7477777777777778,
  "N": 4,
  "Q_clock": 1.396407873297637,
  "S_junc_w": 1.7255944598986734,
  "S_perc": 0.9607843137254902,
  "anomaly_flags": {
    "runaway_hubbing": false,
    "star_collapse": false,
    "tierB_evaluated": false
  },
  "burn_in_epochs": 500,
  "clustering": 0.025173611111111112,
  "elapsed_seconds": 0.6006219387054443,
  "ell_lock": 74.43035841448535,
  "engine_mode": "v_glue",
  "geometry": {
    "P_return_sample": [
      0.0,
      0.3333333333333333,
      0.0,
      0.18666666666666668,
      0.0,
      0.13333333333333333,
      0.0,
      0.08666666666666667,
      0.0,
      0.06,
      0.0,
      0.043333333333333335
    ],
    "comp_size": 147,
    "ds_est": 0.13235971906504274,
    "enabled": true,
    "fit_t_max": 400,
    "fit_t_min": 30,
    "n_walkers": 300,
    "t_max": 60
  },
  "glue_state": {
    "cadence": {
      "field": "T",
      "mean": 1.0859991154493438,
      "var": 1.7256332301709633e-31
    },
    "domains": {
      "counts": {
        "0": 4
      },
      "entropy": -1.000088900581841e-12
    },
    "phase": {
      "R": 1.0
    }
  },
  "hubshare": 0.024822695035460994,
  "islands": {
    "F_max": 0.25,
    "F_max_by_wstar": {
      "0.10": 1.0,
      "0.20": 0.25,
      "0.30": 0.25
    },
    "bundle_hist": {
      "1": 4
    },
    "bundle_hist_by_wstar": {
      "0.10": {
        "4": 1
      },
      "0.20": {
        "1": 4
      },
      "0.30": {
        "1": 4
      }
    },
    "bundle_sizes": [
      1,
      1,
      1,
      1
    ],
    "w_star": 0.3
  },
  "max_indegree": 7,
  "measure_epochs": 4500,
  "n": 0.6,
  "run_id": "geometry_scan_C5_W100_N4_n0p2_0p6_0p8_s56791_56798__full__N4__n0.600__seed56797",
  "seed": 56797,
  "space_state": {
    "S_junc_w": 1.7255944598986734,
    "S_perc": 0.9607843137254902,
    "V_active_size": 153,
    "allow_cocreate_merge": false,
    "clustering": 0.025173611111111112,
    "domain_match": true,
    "enabled": true,
    "hubshare": 0.024822695035460994,
    "max_indegree": 7,
    "p_reuse_policy": "from_n",
    "p_reuse_value_last": 0.6
  },
  "steps_total": 5000,
  "variant": "full"
}