{
  "L": 0.6805223931083458,
  "L_inst": 0.7607777777777778,
  "N": 4,
  "Q_clock": 1.3610447862166917,
  "S_junc_w": 1.6048143632294762,
  "S_perc": 0.9822485207100592,
  "anomaly_flags": {
    "runaway_hubbing": false,
    "star_collapse": false,
    "tierB_evaluated": false
  },
  "burn_in_epochs": 500,
  "clustering": 0.04384779916694811,
  "elapsed_seconds": 0.6028530597686768,
  "ell_lock": 83.24332677853519,
  "engine_mode": "v_glue",
  "geometry": {
    "P_return_sample": [
      0.0,
      0.35333333333333333,
      0.006666666666666667,
      0.22,
      0.0,
      0.13333333333333333,
      0.006666666666666667,
      0.09,
      0.006666666666666667,
      0.08333333333333333,
      0.006666666666666667,
      0.06
    ],
    "comp_size": 166,
    "ds_est": 2.994422721066551,
    "enabled": true,
    "fit_t_max": 400,
    "fit_t_min": 30,
    "n_walkers": 300,
    "t_max": 60
  },
  "glue_state": {
    "cadence": {
      "field": "T",
      "mean": 1.018105396757549,
      "var": 3.821045009664276e-31
    },
    "domains": {
      "counts": {
        "0": 4
      },
      "entropy": -1.000088900581841e-12
    },
    "phase": {
      "R": 1.0
    }
  },
  "hubshare": 0.016286644951140065,
  "islands": {
    "F_max": 0.25,
    "F_max_by_wstar": {
      "0.10": 1.0,
      "0.20": 0.25,
      "0.30": 0.25
    },
    "bundle_hist": {
      "1": 4
    },
    "bundle_hist_by_wstar": {
      "0.10": {
        "4": 1
      },
      "0.20": {
        "1": 4
      },
      "0.30": {
        "1": 4
      }
    },
    "bundle_sizes": [
      1,
      1,
      1,
      1
    ],
    "w_star": 0.3
  },
  "max_indegree": 5,
  "measure_epochs": 4500,
  "n": 0.6,
  "run_id": "geometry_scan_C5_W100_N4_n0p2_0p6_0p8_s56791_56798__full__N4__n0.600__seed56793",
  "seed": 56793,
  "space_state": {
    "S_junc_w": 1.6048143632294762,
    "S_perc": 0.9822485207100592,
    "V_active_size": 169,
    "allow_cocreate_merge": false,
    "clustering": 0.04384779916694811,
    "domain_match": true,
    "enabled": true,
    "hubshare": 0.016286644951140065,
    "max_indegree": 5,
    "p_reuse_policy": "from_n",
    "p_reuse_value_last": 0.6
  },
  "steps_total": 5000,
  "variant": "full"
}