{
  "L": 0.5393259446730171,
  "L_inst": 0.7283333333333334,
  "N": 4,
  "Q_clock": 1.0786518893460342,
  "S_junc_w": 1.598011907159687,
  "S_perc": 0.9225806451612903,
  "anomaly_flags": {
    "runaway_hubbing": false,
    "star_collapse": false,
    "tierB_evaluated": false
  },
  "burn_in_epochs": 500,
  "clustering": 0.011319612590799031,
  "elapsed_seconds": 0.5927112102508545,
  "ell_lock": 95.07268122830581,
  "engine_mode": "v_glue",
  "geometry": {
    "P_return_sample": [
      0.0,
      0.31333333333333335,
      0.006666666666666667,
      0.16333333333333333,
      0.013333333333333334,
      0.12333333333333334,
      0.01,
      0.08666666666666667,
      0.013333333333333334,
      0.07666666666666666,
      0.016666666666666666,
      0.06
    ],
    "comp_size": 143,
    "ds_est": -0.8768896442597205,
    "enabled": true,
    "fit_t_max": 400,
    "fit_t_min": 30,
    "n_walkers": 300,
    "t_max": 60
  },
  "glue_state": {
    "cadence": {
      "field": "T",
      "mean": 0.9153834139060076,
      "var": 6.471124613141112e-32
    },
    "domains": {
      "counts": {
        "0": 4
      },
      "entropy": -1.000088900581841e-12
    },
    "phase": {
      "R": 0.9999999999999999
    }
  },
  "hubshare": 0.01773049645390071,
  "islands": {
    "F_max": 0.25,
    "F_max_by_wstar": {
      "0.10": 1.0,
      "0.20": 0.25,
      "0.30": 0.25
    },
    "bundle_hist": {
      "1": 4
    },
    "bundle_hist_by_wstar": {
      "0.10": {
        "4": 1
      },
      "0.20": {
        "1": 4
      },
      "0.30": {
        "1": 4
      }
    },
    "bundle_sizes": [
      1,
      1,
      1,
      1
    ],
    "w_star": 0.3
  },
  "max_indegree": 5,
  "measure_epochs": 4500,
  "n": 0.6,
  "run_id": "geometry_scan_C5_W100_N4_n0p2_0p6_0p8_s56791_56798__full__N4__n0.600__seed56791",
  "seed": 56791,
  "space_state": {
    "S_junc_w": 1.598011907159687,
    "S_perc": 0.9225806451612903,
    "V_active_size": 155,
    "allow_cocreate_merge": false,
    "clustering": 0.011319612590799031,
    "domain_match": true,
    "enabled": true,
    "hubshare": 0.01773049645390071,
    "max_indegree": 5,
    "p_reuse_policy": "from_n",
    "p_reuse_value_last": 0.6
  },
  "steps_total": 5000,
  "variant": "full"
}