{
  "L": 0.7832339721500784,
  "L_inst": 0.7585555555555555,
  "N": 4,
  "Q_clock": 1.5664679443001568,
  "S_junc_w": 1.859883132608088,
  "S_perc": 0.9102564102564102,
  "anomaly_flags": {
    "runaway_hubbing": false,
    "star_collapse": false,
    "tierB_evaluated": false
  },
  "burn_in_epochs": 500,
  "clustering": 0.031811085089773615,
  "elapsed_seconds": 0.5954079627990723,
  "ell_lock": 78.3116219577436,
  "engine_mode": "v_glue",
  "geometry": {
    "P_return_sample": [
      0.0,
      0.34,
      0.0033333333333333335,
      0.23333333333333334,
      0.0,
      0.15,
      0.0,
      0.11,
      0.0033333333333333335,
      0.08666666666666667,
      0.0033333333333333335,
      0.08
    ],
    "comp_size": 142,
    "ds_est": -0.04946671507183778,
    "enabled": true,
    "fit_t_max": 400,
    "fit_t_min": 30,
    "n_walkers": 300,
    "t_max": 60
  },
  "glue_state": {
    "cadence": {
      "field": "T",
      "mean": 0.9886640975539268,
      "var": 9.55261252416069e-32
    },
    "domains": {
      "counts": {
        "0": 4
      },
      "entropy": -1.000088900581841e-12
    },
    "phase": {
      "R": 0.9999999999999999
    }
  },
  "hubshare": 0.020689655172413793,
  "islands": {
    "F_max": 0.25,
    "F_max_by_wstar": {
      "0.10": 1.0,
      "0.20": 0.5,
      "0.30": 0.25
    },
    "bundle_hist": {
      "1": 4
    },
    "bundle_hist_by_wstar": {
      "0.10": {
        "4": 1
      },
      "0.20": {
        "1": 2,
        "2": 1
      },
      "0.30": {
        "1": 4
      }
    },
    "bundle_sizes": [
      1,
      1,
      1,
      1
    ],
    "w_star": 0.3
  },
  "max_indegree": 6,
  "measure_epochs": 4500,
  "n": 0.6,
  "run_id": "geometry_scan_C5_W100_N4_n0p2_0p6_0p8_s56791_56798__full__N4__n0.600__seed56792",
  "seed": 56792,
  "space_state": {
    "S_junc_w": 1.859883132608088,
    "S_perc": 0.9102564102564102,
    "V_active_size": 156,
    "allow_cocreate_merge": false,
    "clustering": 0.031811085089773615,
    "domain_match": true,
    "enabled": true,
    "hubshare": 0.020689655172413793,
    "max_indegree": 6,
    "p_reuse_policy": "from_n",
    "p_reuse_value_last": 0.6
  },
  "steps_total": 5000,
  "variant": "full"
}