{
  "L": 0.4219964160745351,
  "L_inst": 0.7664444444444445,
  "N": 4,
  "Q_clock": 0.8439928321490702,
  "S_junc_w": 4.696783598776719,
  "S_perc": 0.9113924050632911,
  "anomaly_flags": {
    "runaway_hubbing": false,
    "star_collapse": false,
    "tierB_evaluated": false
  },
  "burn_in_epochs": 500,
  "clustering": 0.040487861811391225,
  "elapsed_seconds": 0.4490201473236084,
  "ell_lock": 98.2408558076639,
  "engine_mode": "v_glue",
  "geometry": {
    "P_return_sample": [
      0.0,
      0.26,
      0.0033333333333333335,
      0.09333333333333334,
      0.01,
      0.056666666666666664,
      0.02,
      0.02666666666666667,
      0.013333333333333334,
      0.02666666666666667,
      0.013333333333333334,
      0.03333333333333333
    ],
    "comp_size": 72,
    "ds_est": -1.6215303883619825,
    "enabled": true,
    "fit_t_max": 400,
    "fit_t_min": 30,
    "n_walkers": 300,
    "t_max": 60
  },
  "glue_state": {
    "cadence": {
      "field": "T",
      "mean": 0.9077214710004744,
      "var": 6.471124613141112e-32
    },
    "domains": {
      "counts": {
        "0": 4
      },
      "entropy": -1.000088900581841e-12
    },
    "phase": {
      "R": 1.0
    }
  },
  "hubshare": 0.04,
  "islands": {
    "F_max": 1.0,
    "F_max_by_wstar": {
      "0.10": 1.0,
      "0.20": 1.0,
      "0.30": 1.0
    },
    "bundle_hist": {
      "4": 1
    },
    "bundle_hist_by_wstar": {
      "0.10": {
        "4": 1
      },
      "0.20": {
        "4": 1
      },
      "0.30": {
        "4": 1
      }
    },
    "bundle_sizes": [
      4
    ],
    "w_star": 0.3
  },
  "max_indegree": 9,
  "measure_epochs": 4500,
  "n": 0.8,
  "run_id": "geometry_scan_C5_W100_N4_n0p2_0p6_0p8_s56791_56798__full__N4__n0.800__seed56795",
  "seed": 56795,
  "space_state": {
    "S_junc_w": 4.696783598776719,
    "S_perc": 0.9113924050632911,
    "V_active_size": 79,
    "allow_cocreate_merge": false,
    "clustering": 0.040487861811391225,
    "domain_match": true,
    "enabled": true,
    "hubshare": 0.04,
    "max_indegree": 9,
    "p_reuse_policy": "from_n",
    "p_reuse_value_last": 0.8
  },
  "steps_total": 5000,
  "variant": "full"
}