{
  "L": 0.5400514445609633,
  "L_inst": 0.7445555555555555,
  "N": 4,
  "Q_clock": 1.0801028891219266,
  "S_junc_w": 3.84008467172089,
  "S_perc": 0.98,
  "anomaly_flags": {
    "runaway_hubbing": false,
    "star_collapse": false,
    "tierB_evaluated": false
  },
  "burn_in_epochs": 500,
  "clustering": 0.026788048552754434,
  "elapsed_seconds": 0.44953417778015137,
  "ell_lock": 105.42106441159382,
  "engine_mode": "v_glue",
  "geometry": {
    "P_return_sample": [
      0.0,
      0.27,
      0.006666666666666667,
      0.13666666666666666,
      0.01,
      0.06666666666666667,
      0.01,
      0.05,
      0.006666666666666667,
      0.043333333333333335,
      0.006666666666666667,
      0.03333333333333333
    ],
    "comp_size": 98,
    "ds_est": -0.10566439307255336,
    "enabled": true,
    "fit_t_max": 400,
    "fit_t_min": 30,
    "n_walkers": 300,
    "t_max": 60
  },
  "glue_state": {
    "cadence": {
      "field": "T",
      "mean": 0.8414698447054035,
      "var": 3.697785493223493e-32
    },
    "domains": {
      "counts": {
        "0": 4
      },
      "entropy": -1.000088900581841e-12
    },
    "phase": {
      "R": 0.9999999999999999
    }
  },
  "hubshare": 0.02702702702702703,
  "islands": {
    "F_max": 0.5,
    "F_max_by_wstar": {
      "0.10": 1.0,
      "0.20": 1.0,
      "0.30": 0.5
    },
    "bundle_hist": {
      "1": 2,
      "2": 1
    },
    "bundle_hist_by_wstar": {
      "0.10": {
        "4": 1
      },
      "0.20": {
        "4": 1
      },
      "0.30": {
        "1": 2,
        "2": 1
      }
    },
    "bundle_sizes": [
      2,
      1,
      1
    ],
    "w_star": 0.3
  },
  "max_indegree": 7,
  "measure_epochs": 4500,
  "n": 0.8,
  "run_id": "geometry_scan_C5_W100_N4_n0p2_0p6_0p8_s56791_56798__full__N4__n0.800__seed56798",
  "seed": 56798,
  "space_state": {
    "S_junc_w": 3.84008467172089,
    "S_perc": 0.98,
    "V_active_size": 100,
    "allow_cocreate_merge": false,
    "clustering": 0.026788048552754434,
    "domain_match": true,
    "enabled": true,
    "hubshare": 0.02702702702702703,
    "max_indegree": 7,
    "p_reuse_policy": "from_n",
    "p_reuse_value_last": 0.8
  },
  "steps_total": 5000,
  "variant": "full"
}