{
  "L": 0.5408272603625234,
  "L_inst": 0.7363333333333333,
  "N": 4,
  "Q_clock": 1.0816545207250468,
  "S_junc_w": 0.1411407345762226,
  "S_perc": 0.8080495356037152,
  "anomaly_flags": {
    "runaway_hubbing": false,
    "star_collapse": false,
    "tierB_evaluated": false
  },
  "burn_in_epochs": 500,
  "clustering": 0.0,
  "elapsed_seconds": 0.820918083190918,
  "ell_lock": 87.72004520666869,
  "engine_mode": "v_glue",
  "geometry": {
    "P_return_sample": [
      0.0,
      0.49,
      0.0,
      0.34,
      0.0,
      0.29,
      0.0,
      0.24,
      0.0,
      0.23333333333333334,
      0.0,
      0.18666666666666668
    ],
    "comp_size": 261,
    "ds_est": 1.7725294460754626,
    "enabled": true,
    "fit_t_max": 400,
    "fit_t_min": 30,
    "n_walkers": 300,
    "t_max": 60
  },
  "glue_state": {
    "cadence": {
      "field": "T",
      "mean": 0.9886640975539268,
      "var": 9.55261252416069e-32
    },
    "domains": {
      "counts": {
        "0": 4
      },
      "entropy": -1.000088900581841e-12
    },
    "phase": {
      "R": 0.9999999999999999
    }
  },
  "hubshare": 0.008356545961002786,
  "islands": {
    "F_max": 0.25,
    "F_max_by_wstar": {
      "0.10": 0.25,
      "0.20": 0.25,
      "0.30": 0.25
    },
    "bundle_hist": {
      "1": 4
    },
    "bundle_hist_by_wstar": {
      "0.10": {
        "1": 4
      },
      "0.20": {
        "1": 4
      },
      "0.30": {
        "1": 4
      }
    },
    "bundle_sizes": [
      1,
      1,
      1,
      1
    ],
    "w_star": 0.3
  },
  "max_indegree": 3,
  "measure_epochs": 4500,
  "n": 0.2,
  "run_id": "geometry_scan_C5_W100_N4_n0p2_0p6_0p8_s56791_56798__full__N4__n0.200__seed56792",
  "seed": 56792,
  "space_state": {
    "S_junc_w": 0.1411407345762226,
    "S_perc": 0.8080495356037152,
    "V_active_size": 323,
    "allow_cocreate_merge": false,
    "clustering": 0.0,
    "domain_match": true,
    "enabled": true,
    "hubshare": 0.008356545961002786,
    "max_indegree": 3,
    "p_reuse_policy": "from_n",
    "p_reuse_value_last": 0.2
  },
  "steps_total": 5000,
  "variant": "full"
}