{
  "L": 0.04083567478313153,
  "N": 64,
  "Q_clock": 0.3266853982650522,
  "S_junc_w": 18.300771506509097,
  "S_perc": 0.826729745712596,
  "anomaly_flags": {
    "runaway_hubbing": false,
    "star_collapse": false,
    "tierB_evaluated": false
  },
  "beta_junc": 1.5,
  "burn_in_epochs": 8000,
  "clustering": 0.007027952778194314,
  "elapsed_seconds": 1985.8686347007751,
  "ell_lock": 4,
  "hubshare": 0.004399249963940574,
  "max_indegree": 61,
  "measure_epochs": 12000,
  "n": 1.0,
  "run_id": "bringup_phase0_full_v0_1_nosnaps_seeds3__full__N64__n1.000__seed3",
  "seed": 3,
  "steps_total": 20000,
  "variant": "full"
}