{
  "L": 0.0,
  "N": 64,
  "Q_clock": 0.0,
  "S_junc_w": 1.5625415473875892,
  "S_perc": 0.6175947867298578,
  "anomaly_flags": {
    "runaway_hubbing": false,
    "star_collapse": false,
    "tierB_evaluated": false
  },
  "beta_junc": 1.5,
  "burn_in_epochs": 8000,
  "clustering": 8.671522719389524e-06,
  "elapsed_seconds": 3294.461575984955,
  "ell_lock": 0,
  "hubshare": 0.004153070305547315,
  "max_indegree": 42,
  "measure_epochs": 12000,
  "n": 0.8,
  "run_id": "bringup_phase0_full_v0_1_nosnaps_seeds3__full__N64__n0.800__seed2",
  "seed": 2,
  "steps_total": 20000,
  "variant": "full"
}