{
  "L": 0.0,
  "N": 64,
  "Q_clock": 0.0,
  "S_junc_w": 1.7978728564164979,
  "S_perc": 0.6704845814977973,
  "anomaly_flags": {
    "runaway_hubbing": false,
    "star_collapse": false,
    "tierB_evaluated": false
  },
  "beta_junc": 1.5,
  "burn_in_epochs": 8000,
  "clustering": 0.0004151834384392524,
  "elapsed_seconds": 3509.7882900238037,
  "ell_lock": 0,
  "hubshare": 0.0033834586466165413,
  "max_indegree": 36,
  "measure_epochs": 12000,
  "n": 0.8,
  "run_id": "bringup_phase0_full_v0_1_nosnaps_seeds3__full__N64__n0.800__seed3",
  "seed": 3,
  "steps_total": 20000,
  "variant": "full"
}