{
  "L": 0.03927398897230343,
  "N": 64,
  "Q_clock": 0.3141919117784274,
  "S_junc_w": 19.267962538722976,
  "S_perc": 0.8214826021180031,
  "anomaly_flags": {
    "runaway_hubbing": false,
    "star_collapse": false,
    "tierB_evaluated": false
  },
  "beta_junc": 1.5,
  "burn_in_epochs": 8000,
  "clustering": 0.0047109487870838,
  "elapsed_seconds": 1847.328058719635,
  "ell_lock": 6,
  "hubshare": 0.004258083140877598,
  "max_indegree": 59,
  "measure_epochs": 12000,
  "n": 1.0,
  "run_id": "bringup_phase0_full_v0_1_nosnaps_seeds3__full__N64__n1.000__seed1",
  "seed": 1,
  "steps_total": 20000,
  "variant": "full"
}