{
  "L": 0.0397693310569207,
  "N": 64,
  "Q_clock": 0.3181546484553656,
  "S_junc_w": 18.943510305206903,
  "S_perc": 0.8129713423831071,
  "anomaly_flags": {
    "runaway_hubbing": false,
    "star_collapse": false,
    "tierB_evaluated": false
  },
  "beta_junc": 1.5,
  "burn_in_epochs": 8000,
  "clustering": 0.006713924902784743,
  "elapsed_seconds": 2562.6657462120056,
  "ell_lock": 4,
  "hubshare": 0.004269793023592415,
  "max_indegree": 59,
  "measure_epochs": 12000,
  "n": 1.0,
  "run_id": "bringup_phase0_full_v0_1_nosnaps_seeds3__full__N64__n1.000__seed2",
  "seed": 2,
  "steps_total": 20000,
  "variant": "full"
}