{
  "L": 0.38744481073591247,
  "L_inst": 0.7576666666666667,
  "N": 4,
  "Q_clock": 0.7748896214718249,
  "S_junc_w": 0.14532524894760976,
  "S_perc": 0.8906752411575563,
  "anomaly_flags": {
    "runaway_hubbing": false,
    "star_collapse": false,
    "tierB_evaluated": false
  },
  "burn_in_epochs": 500,
  "clustering": 0.0,
  "elapsed_seconds": 0.8186469078063965,
  "ell_lock": 174.4089407191987,
  "engine_mode": "v_glue",
  "geometry": {
    "P0_downsample": [
      [
        0,
        1.0
      ],
      [
        1,
        0.0
      ],
      [
        2,
        0.485
      ],
      [
        3,
        0.0
      ],
      [
        4,
        0.35
      ],
      [
        5,
        0.0
      ],
      [
        6,
        0.265
      ],
      [
        7,
        0.0
      ],
      [
        8,
        0.225
      ],
      [
        9,
        0.0
      ],
      [
        10,
        0.165
      ],
      [
        11,
        0.005
      ],
      [
        12,
        0.14
      ],
      [
        13,
        0.005
      ],
      [
        14,
        0.155
      ],
      [
        15,
        0.0
      ],
      [
        16,
        0.125
      ],
      [
        17,
        0.0
      ],
      [
        18,
        0.085
      ],
      [
        19,
        0.0
      ],
      [
        20,
        0.1
      ],
      [
        21,
        0.005
      ],
      [
        22,
        0.1
      ],
      [
        23,
        0.01
      ],
      [
        24,
        0.09
      ],
      [
        25,
        0.01
      ],
      [
        26,
        0.08
      ],
      [
        27,
        0.005
      ],
      [
        28,
        0.085
      ],
      [
        29,
        0.01
      ],
      [
        30,
        0.095
      ],
      [
        31,
        0.01
      ],
      [
        32,
        0.065
      ],
      [
        33,
        0.0
      ],
      [
        34,
        0.055
      ],
      [
        35,
        0.005
      ],
      [
        36,
        0.04
      ],
      [
        37,
        0.0
      ],
      [
        38,
        0.05
      ],
      [
        39,
        0.0
      ],
      [
        40,
        0.045
      ],
      [
        41,
        0.005
      ],
      [
        42,
        0.06
      ],
      [
        43,
        0.0
      ],
      [
        44,
        0.065
      ],
      [
        45,
        0.01
      ],
      [
        46,
        0.06
      ],
      [
        47,
        0.0
      ],
      [
        48,
        0.055
      ],
      [
        49,
        0.0
      ],
      [
        50,
        0.065
      ],
      [
        51,
        0.0
      ],
      [
        52,
        0.055
      ],
      [
        53,
        0.005
      ],
      [
        54,
        0.055
      ],
      [
        55,
        0.005
      ],
      [
        56,
        0.025
      ],
      [
        57,
        0.0
      ],
      [
        58,
        0.055
      ],
      [
        59,
        0.0
      ],
      [
        60,
        0.035
      ]
    ],
    "ball_growth": {
      "comp_size": 277,
      "mean_ball": [
        1.0,
        3.025,
        5.2,
        7.875,
        11.0,
        14.675,
        19.1,
        23.875,
        29.15,
        34.875,
        41.125,
        47.525,
        53.75,
        59.75,
        66.4,
        73.7,
        81.075,
        88.575,
        96.275,
        104.35,
        113.175,
        122.3,
        131.65,
        141.475,
        151.425,
        162.075,
        172.975,
        184.525,
        196.675,
        209.125,
        223.075
      ],
      "r_max": 30,
      "samples": 40
    },
    "comp_size": 277,
    "ds_est": 0.03799950775179751,
    "ds_valid": false,
    "enabled": true,
    "fit_t_max": 60,
    "fit_t_min": 20,
    "notes": "fit_invalid",
    "plateau_est": 0.025,
    "r2": 3.2943214322567194e-05,
    "slope": -0.018999753875898754
  },
  "glue_state": {
    "cadence": {
      "field": "T",
      "mean": 1.042590711885658,
      "var": 3.821045009664276e-31
    },
    "domains": {
      "counts": {
        "0": 4
      },
      "entropy": -1.000088900581841e-12
    },
    "phase": {
      "R": 1.0
    }
  },
  "hubshare": 0.0084985835694051,
  "islands": {
    "F_max": 0.25,
    "F_max_by_wstar": {
      "0.10": 0.25,
      "0.20": 0.25,
      "0.30": 0.25
    },
    "bundle_hist": {
      "1": 4
    },
    "bundle_hist_by_wstar": {
      "0.10": {
        "1": 4
      },
      "0.20": {
        "1": 4
      },
      "0.30": {
        "1": 4
      }
    },
    "bundle_sizes": [
      1,
      1,
      1,
      1
    ],
    "w_star": 0.3
  },
  "max_indegree": 3,
  "measure_epochs": 4500,
  "n": 0.2,
  "run_id": "ball_growth_diag_C5_W100_N4_n0p2_seed56796__full__N4__n0.200__seed56796",
  "seed": 56796,
  "space_state": {
    "S_junc_w": 0.14532524894760976,
    "S_perc": 0.8906752411575563,
    "V_active_size": 311,
    "allow_cocreate_merge": false,
    "clustering": 0.0,
    "domain_match": true,
    "enabled": true,
    "hubshare": 0.0084985835694051,
    "max_indegree": 3,
    "p_reuse_policy": "from_n",
    "p_reuse_value_last": 0.2
  },
  "steps_total": 5000,
  "variant": "full"
}